archive_workflow_key,archive_workflow,step,label,disposition,evidence_profile,repository_workflow_key,repository_status,current_owner_or_evidence,catalog_screen_alias,dependencies_and_acceptance,basis_and_release_boundary
Student#1,Student,1,Create account,Existing but incomplete,P5,Student journey#1,exists,`app/src/lib/cloud.ts`; `app/src/screens/Account.tsx`,none,"Student-owned or explicitly authoritative data; discoverable path, persistence, provenance/freshness, reversible explicit actions, complete states, 320px/accessibility and student journey tests.",Exact exists row in the repository workflow audit. That label does not prove the full end-to-end completion contract.
Student#2,Student,2,Join institution,Existing but incomplete,P5,Student journey#2,exists,`app/src/components/SchoolClaim.tsx`; `app/src/lib/schoolclaim.ts`; `app/src/screens/Account.tsx`,B · Student OS / Join institution,"Student-owned or explicitly authoritative data; discoverable path, persistence, provenance/freshness, reversible explicit actions, complete states, 320px/accessibility and student journey tests.",Exact exists row in the repository workflow audit. That label does not prove the full end-to-end completion contract.
Student#3,Student,3,Confirm identity,Existing but incomplete,P5,Student journey#3,partial,`app/src/components/SchoolClaim.tsx`; `app/src/lib/schoolclaim.ts`,B · Student OS / Confirm identity,"Student-owned or explicitly authoritative data; discoverable path, persistence, provenance/freshness, reversible explicit actions, complete states, 320px/accessibility and student journey tests.",Exact partial row in the repository workflow audit. That label does not prove the full end-to-end completion contract.
Student#4,Student,4,Connect SSO,Existing but incomplete,P5,Student journey#4,exists,`app/src/components/Credentials.tsx`; `app/src/lib/cloud.ts`,B · Student OS / Connect SSO,"Student-owned or explicitly authoritative data; discoverable path, persistence, provenance/freshness, reversible explicit actions, complete states, 320px/accessibility and student journey tests.",Exact exists row in the repository workflow audit. That label does not prove the full end-to-end completion contract.
Student#5,Student,5,Complete onboarding,Existing but incomplete,P5,Student journey#5,exists,`app/src/screens/Onboarding.tsx`; `app/src/screens/FirstRun.tsx`,B · Student OS / Complete onboarding,"Student-owned or explicitly authoritative data; discoverable path, persistence, provenance/freshness, reversible explicit actions, complete states, 320px/accessibility and student journey tests.",Exact exists row in the repository workflow audit. That label does not prove the full end-to-end completion contract.
Student#6,Student,6,Select program/path,Existing but incomplete,P5,Student journey#6,exists,`app/src/components/PathProfileForm.tsx`; `app/src/lib/path-profile.ts`,none,"Student-owned or explicitly authoritative data; discoverable path, persistence, provenance/freshness, reversible explicit actions, complete states, 320px/accessibility and student journey tests.",Exact exists row in the repository workflow audit. That label does not prove the full end-to-end completion contract.
Student#7,Student,7,Import or review course context,Existing but incomplete,P5,Student journey#7,exists,`app/src/screens/Import.tsx`; `app/src/screens/Update.tsx`; `app/src/screens/EditCourse.tsx`,B · Student OS / Import or review course context,"Student-owned or explicitly authoritative data; discoverable path, persistence, provenance/freshness, reversible explicit actions, complete states, 320px/accessibility and student journey tests.",Exact exists row in the repository workflow audit. That label does not prove the full end-to-end completion contract.
Student#8,Student,8,Review Today,Existing but incomplete,P5,Student journey#8,exists,`app/src/screens/Today.tsx`; `app/src/components/TodayDecisionSurface.tsx`,none,"Student-owned or explicitly authoritative data; discoverable path, persistence, provenance/freshness, reversible explicit actions, complete states, 320px/accessibility and student journey tests.",Exact exists row in the repository workflow audit. That label does not prove the full end-to-end completion contract.
Student#9,Student,9,Create action/task,Existing but incomplete,P5,Student journey#9,exists,`app/src/composition/taskactions.ts`; `app/src/components/QuickAdd.tsx`; `app/src/components/ActionCenter.tsx`,none,"Student-owned or explicitly authoritative data; discoverable path, persistence, provenance/freshness, reversible explicit actions, complete states, 320px/accessibility and student journey tests.",Exact exists row in the repository workflow audit. That label does not prove the full end-to-end completion contract.
Student#10,Student,10,Complete first meaningful action,Existing but incomplete,P5,Student journey#10,exists,`app/src/components/ActionCenter.tsx`; `app/src/composition/taskactions.ts`,none,"Student-owned or explicitly authoritative data; discoverable path, persistence, provenance/freshness, reversible explicit actions, complete states, 320px/accessibility and student journey tests.",Exact exists row in the repository workflow audit. That label does not prove the full end-to-end completion contract.
Student#11,Student,11,Build term plan,Existing but incomplete,P5,Student journey#11,exists,`app/src/components/RegistrationPortal.tsx`; `app/src/components/GoalPlan.tsx`,none,"Student-owned or explicitly authoritative data; discoverable path, persistence, provenance/freshness, reversible explicit actions, complete states, 320px/accessibility and student journey tests.",Exact exists row in the repository workflow audit. That label does not prove the full end-to-end completion contract.
Student#12,Student,12,Compare courses/sections,Existing but incomplete,P5,Student journey#12,exists,`app/src/components/CourseCompare.tsx`; `app/src/components/RegistrationPortal.tsx`,none,"Student-owned or explicitly authoritative data; discoverable path, persistence, provenance/freshness, reversible explicit actions, complete states, 320px/accessibility and student journey tests.",Exact exists row in the repository workflow audit. That label does not prove the full end-to-end completion contract.
Student#13,Student,13,Review registration readiness,Existing but incomplete,P5,Student journey#13,exists,`app/src/components/RegistrationReadiness.tsx`; `app/src/components/PathSnapshotCard.tsx`,none,"Student-owned or explicitly authoritative data; discoverable path, persistence, provenance/freshness, reversible explicit actions, complete states, 320px/accessibility and student journey tests.",Exact exists row in the repository workflow audit. That label does not prove the full end-to-end completion contract.
Student#14,Student,14,Resolve hold through official handoff,Existing but incomplete,P5,Student journey#14,partial,`app/src/components/enrollment/StudentRegistration.tsx`; `app/src/components/MyStudentAccount.tsx`,none,"Student-owned or explicitly authoritative data; discoverable path, persistence, provenance/freshness, reversible explicit actions, complete states, 320px/accessibility and student journey tests.",Exact partial row in the repository workflow audit. That label does not prove the full end-to-end completion contract.
Student#15,Student,15,Enroll or request registration,Existing but incomplete,P5,Student journey#15,exists,`app/src/components/enrollment/StudentRegistration.tsx`; `app/src/lib/enrollment/client.ts`; `app/src/screens/Registration.tsx`,none,"Student-owned or explicitly authoritative data; discoverable path, persistence, provenance/freshness, reversible explicit actions, complete states, 320px/accessibility and student journey tests.",Exact exists row in the repository workflow audit. That label does not prove the full end-to-end completion contract.
Student#16,Student,16,Build study plan,Existing but incomplete,P5,Student journey#16,exists,`app/src/components/Plan.tsx`; `app/src/lib/sessions.ts`,none,"Student-owned or explicitly authoritative data; discoverable path, persistence, provenance/freshness, reversible explicit actions, complete states, 320px/accessibility and student journey tests.",Exact exists row in the repository workflow audit. That label does not prove the full end-to-end completion contract.
Student#17,Student,17,Join course workspace,Existing but incomplete,P5,Student journey#17,exists,`app/src/screens/Classmates.tsx`; `app/src/screens/Groupwork.tsx`,none,"Student-owned or explicitly authoritative data; discoverable path, persistence, provenance/freshness, reversible explicit actions, complete states, 320px/accessibility and student journey tests.",Exact exists row in the repository workflow audit. That label does not prove the full end-to-end completion contract.
Student#18,Student,18,Read course guidance,Existing but incomplete,P5,Student journey#18,exists,`app/src/components/StudyStudio.tsx`; `app/src/lib/courserules.ts`,none,"Student-owned or explicitly authoritative data; discoverable path, persistence, provenance/freshness, reversible explicit actions, complete states, 320px/accessibility and student journey tests.",Exact exists row in the repository workflow audit. That label does not prove the full end-to-end completion contract.
Student#19,Student,19,Follow course AI rules,Existing but incomplete,P5,Student journey#19,exists,`app/src/components/StudyStudio.tsx`; `app/src/lib/courserules.ts`; `app/src/lib/toolkit/policy.ts`,none,"Student-owned or explicitly authoritative data; discoverable path, persistence, provenance/freshness, reversible explicit actions, complete states, 320px/accessibility and student journey tests.",Exact exists row in the repository workflow audit. That label does not prove the full end-to-end completion contract.
Student#20,Student,20,Use AI copilot,Existing but incomplete,P5,Student journey#20,exists,`app/src/ai/Assistant.tsx`; `app/src/ai/Chat.tsx`,none,"Student-owned or explicitly authoritative data; discoverable path, persistence, provenance/freshness, reversible explicit actions, complete states, 320px/accessibility and student journey tests.",Exact exists row in the repository workflow audit. That label does not prove the full end-to-end completion contract.
Student#21,Student,21,Search approved sources,Existing but incomplete,P5,Student journey#21,partial,`app/src/components/StudyStudio.tsx`; `app/src/lib/courserules.ts`,none,"Student-owned or explicitly authoritative data; discoverable path, persistence, provenance/freshness, reversible explicit actions, complete states, 320px/accessibility and student journey tests.",Exact partial row in the repository workflow audit. That label does not prove the full end-to-end completion contract.
Student#22,Student,22,Create notes,Existing but incomplete,P5,Student journey#22,exists,`app/src/screens/Mine.tsx`; `app/src/screens/mine/Drive.tsx`,none,"Student-owned or explicitly authoritative data; discoverable path, persistence, provenance/freshness, reversible explicit actions, complete states, 320px/accessibility and student journey tests.",Exact exists row in the repository workflow audit. That label does not prove the full end-to-end completion contract.
Student#23,Student,23,Organize files,Existing but incomplete,P5,Student journey#23,exists,`app/src/screens/mine/Drive.tsx`; `app/src/screens/files.test.tsx`,none,"Student-owned or explicitly authoritative data; discoverable path, persistence, provenance/freshness, reversible explicit actions, complete states, 320px/accessibility and student journey tests.",Exact exists row in the repository workflow audit. That label does not prove the full end-to-end completion contract.
Student#24,Student,24,Join study group,Existing but incomplete,P5,Student journey#24,exists,`app/src/screens/Community.tsx`; `app/src/screens/Groupwork.tsx`,none,"Student-owned or explicitly authoritative data; discoverable path, persistence, provenance/freshness, reversible explicit actions, complete states, 320px/accessibility and student journey tests.",Exact exists row in the repository workflow audit. That label does not prove the full end-to-end completion contract.
Student#25,Student,25,Request peer mentor,Existing but incomplete,P5,Student journey#25,exists,`app/src/components/MentorFinder.tsx`; `app/src/lib/mentors.ts`; `app/src/screens/Launchpad.tsx`,none,"Student-owned or explicitly authoritative data; discoverable path, persistence, provenance/freshness, reversible explicit actions, complete states, 320px/accessibility and student journey tests.",Exact exists row in the repository workflow audit. That label does not prove the full end-to-end completion contract.
Student#26,Student,26,Request advisor support,Existing but incomplete,P5,Student journey#26,exists,`app/src/lib/help-routes.ts`; `app/src/components/HelpInbox.tsx`; `app/src/screens/University.tsx`,none,"Student-owned or explicitly authoritative data; discoverable path, persistence, provenance/freshness, reversible explicit actions, complete states, 320px/accessibility and student journey tests.",Exact exists row in the repository workflow audit. That label does not prove the full end-to-end completion contract.
Student#27,Student,27,Share with advisor,Existing but incomplete,P5,Student journey#27,exists,`app/src/components/AdvisorMeeting.tsx`; `app/src/lib/advisor-shares.ts`,none,"Student-owned or explicitly authoritative data; discoverable path, persistence, provenance/freshness, reversible explicit actions, complete states, 320px/accessibility and student journey tests.",Exact exists row in the repository workflow audit. That label does not prove the full end-to-end completion contract.
Student#28,Student,28,Share with family,Existing but incomplete,P5,Student journey#28,exists,`app/src/screens/Family.tsx`; `app/src/components/FamilyInvite.tsx`,none,"Student-owned or explicitly authoritative data; discoverable path, persistence, provenance/freshness, reversible explicit actions, complete states, 320px/accessibility and student journey tests.",Exact exists row in the repository workflow audit. That label does not prove the full end-to-end completion contract.
Student#29,Student,29,Review student account,Existing but incomplete,P5,Student journey#29,exists,`app/src/components/MyStudentAccount.tsx`; `app/src/lib/finance/mine.ts`; `app/src/screens/Bill.tsx`,none,"Student-owned or explicitly authoritative data; discoverable path, persistence, provenance/freshness, reversible explicit actions, complete states, 320px/accessibility and student journey tests.",Exact exists row in the repository workflow audit. That label does not prove the full end-to-end completion contract.
Student#30,Student,30,Request payment plan,Existing but incomplete,P5,Student journey#30,exists,`app/src/components/MyStudentAccount.tsx`; `app/src/lib/finance/mine.ts`,none,"Student-owned or explicitly authoritative data; discoverable path, persistence, provenance/freshness, reversible explicit actions, complete states, 320px/accessibility and student journey tests.",Exact exists row in the repository workflow audit. That label does not prove the full end-to-end completion contract.
Student#31,Student,31,Find campus resource,Existing but incomplete,P5,Student journey#31,exists,`app/src/screens/Support.tsx`; `app/src/screens/University.tsx`; `app/src/screens/Links.tsx`,none,"Student-owned or explicitly authoritative data; discoverable path, persistence, provenance/freshness, reversible explicit actions, complete states, 320px/accessibility and student journey tests.",Exact exists row in the repository workflow audit. That label does not prove the full end-to-end completion contract.
Student#32,Student,32,Order dining,Existing but incomplete,P5,Student journey#32,exists,`app/src/screens/Dining.tsx`; `app/src/components/dining/Counter.tsx`,none,"Student-owned or explicitly authoritative data; discoverable path, persistence, provenance/freshness, reversible explicit actions, complete states, 320px/accessibility and student journey tests.",Exact exists row in the repository workflow audit. That label does not prove the full end-to-end completion contract.
Student#33,Student,33,Join organization/event,Existing but incomplete,P5,Student journey#33,partial,`app/src/screens/Community.tsx`; `app/src/components/ConnectHub.tsx`; `app/src/screens/Activities.tsx`,none,"Student-owned or explicitly authoritative data; discoverable path, persistence, provenance/freshness, reversible explicit actions, complete states, 320px/accessibility and student journey tests.",Exact partial row in the repository workflow audit. That label does not prove the full end-to-end completion contract.
Student#34,Student,34,Build portfolio,Existing but incomplete,P5,Student journey#34,exists,`app/src/screens/Career.tsx`,none,"Student-owned or explicitly authoritative data; discoverable path, persistence, provenance/freshness, reversible explicit actions, complete states, 320px/accessibility and student journey tests.",Exact exists row in the repository workflow audit. That label does not prove the full end-to-end completion contract.
Student#35,Student,35,Search opportunity,Existing but incomplete,P5,Student journey#35,exists,`app/src/screens/Opportunities.tsx`; `app/src/components/VerifiedListings.tsx`,none,"Student-owned or explicitly authoritative data; discoverable path, persistence, provenance/freshness, reversible explicit actions, complete states, 320px/accessibility and student journey tests.",Exact exists row in the repository workflow audit. That label does not prove the full end-to-end completion contract.
Student#36,Student,36,Apply for opportunity,Existing but incomplete,P5,Student journey#36,partial,`app/src/screens/Opportunities.tsx`; `app/src/screens/Applying.tsx`,none,"Student-owned or explicitly authoritative data; discoverable path, persistence, provenance/freshness, reversible explicit actions, complete states, 320px/accessibility and student journey tests.",Exact partial row in the repository workflow audit. That label does not prove the full end-to-end completion contract.
Student#37,Student,37,Export personal data,Existing but incomplete,P5,Student journey#37,exists,`app/src/screens/Privacy.tsx`; `app/src/lib/cloud.ts`; `app/src/screens/Export.tsx`,none,"Student-owned or explicitly authoritative data; discoverable path, persistence, provenance/freshness, reversible explicit actions, complete states, 320px/accessibility and student journey tests.",Exact exists row in the repository workflow audit. That label does not prove the full end-to-end completion contract.
Student#38,Student,38,Adjust privacy/AI settings,Existing but incomplete,P5,Student journey#38,exists,`app/src/screens/Privacy.tsx`; `app/src/screens/settings/Assistant.tsx`,none,"Student-owned or explicitly authoritative data; discoverable path, persistence, provenance/freshness, reversible explicit actions, complete states, 320px/accessibility and student journey tests.",Exact exists row in the repository workflow audit. That label does not prove the full end-to-end completion contract.
Student#39,Student,39,Request deletion/correction,Existing but incomplete,P5,Student journey#39,partial,`app/src/screens/Privacy.tsx`; `app/src/lib/cloud.ts`,none,"Student-owned or explicitly authoritative data; discoverable path, persistence, provenance/freshness, reversible explicit actions, complete states, 320px/accessibility and student journey tests.",Exact partial row in the repository workflow audit. That label does not prove the full end-to-end completion contract.
Student#40,Student,40,Transition to alumni,Existing but incomplete,P5,Student journey#40,partial,`app/src/screens/Pathway.tsx`; `app/src/lib/mentors.ts`,none,"Student-owned or explicitly authoritative data; discoverable path, persistence, provenance/freshness, reversible explicit actions, complete states, 320px/accessibility and student journey tests.",Exact partial row in the repository workflow audit. That label does not prove the full end-to-end completion contract.
Faculty#1,Faculty,1,Accept course assignment,Missing and in scope,P6,Faculty course lifecycle#1,missing,app/src/components/CourseStudio.tsx; app/src/components/gradebook/; app/src/lib/coursestudio.ts,none,"Exact course membership and teaching capability; course-scoped persistence, human authority over academic records, audited consequential actions, recovery, complete states and faculty/student tests.","The repository audit records this workflow behavior as absent. Current scope permits a bounded implementation only after the recorded authority, data and dependency contract is satisfied."
Faculty#2,Faculty,2,Configure course workspace,Existing but incomplete,P6,Faculty course lifecycle#2,partial,`app/src/components/CourseStudio.tsx`; `app/src/lib/coursestudio.ts`,none,"Exact course membership and teaching capability; course-scoped persistence, human authority over academic records, audited consequential actions, recovery, complete states and faculty/student tests.",Exact partial row in the repository workflow audit. That label does not prove the full end-to-end completion contract.
Faculty#3,Faculty,3,Publish syllabus,Existing but incomplete,P6,Faculty course lifecycle#3,partial,`app/src/components/CourseStudio.tsx`; `app/src/lib/coursestudio.ts`,none,"Exact course membership and teaching capability; course-scoped persistence, human authority over academic records, audited consequential actions, recovery, complete states and faculty/student tests.",Exact partial row in the repository workflow audit. That label does not prove the full end-to-end completion contract.
Faculty#4,Faculty,4,Publish learning objectives,Missing and in scope,P6,Faculty course lifecycle#4,missing,app/src/components/CourseStudio.tsx; app/src/components/gradebook/; app/src/lib/coursestudio.ts,none,"Exact course membership and teaching capability; course-scoped persistence, human authority over academic records, audited consequential actions, recovery, complete states and faculty/student tests.","The repository audit records this workflow behavior as absent. Current scope permits a bounded implementation only after the recorded authority, data and dependency contract is satisfied."
Faculty#5,Faculty,5,Publish course guidance,Existing but incomplete,P6,Faculty course lifecycle#5,exists,`app/src/components/CourseStudio.tsx`; `app/src/lib/coursestudio.ts`,none,"Exact course membership and teaching capability; course-scoped persistence, human authority over academic records, audited consequential actions, recovery, complete states and faculty/student tests.",Exact exists row in the repository workflow audit. That label does not prove the full end-to-end completion contract.
Faculty#6,Faculty,6,Publish course AI policy,Existing but incomplete,P6,Faculty course lifecycle#6,exists,`app/src/components/CourseStudio.tsx`; `app/src/lib/coursestudio.ts`,C · Faculty & Course Studio / Publish course AI policy,"Exact course membership and teaching capability; course-scoped persistence, human authority over academic records, audited consequential actions, recovery, complete states and faculty/student tests.",Exact exists row in the repository workflow audit. That label does not prove the full end-to-end completion contract.
Faculty#7,Faculty,7,Add approved resources,Existing but incomplete,P6,Faculty course lifecycle#7,exists,`app/src/components/CourseStudio.tsx`; `app/src/lib/coursestudio.ts`; `app/src/lib/courserules.ts`,none,"Exact course membership and teaching capability; course-scoped persistence, human authority over academic records, audited consequential actions, recovery, complete states and faculty/student tests.",Exact exists row in the repository workflow audit. That label does not prove the full end-to-end completion contract.
Faculty#8,Faculty,8,Create assignment,Existing but incomplete,P6,Faculty course lifecycle#8,partial,`app/src/components/gradebook/InstructorBook.tsx`; `app/src/lib/gradebook/client.ts`,none,"Exact course membership and teaching capability; course-scoped persistence, human authority over academic records, audited consequential actions, recovery, complete states and faculty/student tests.",Exact partial row in the repository workflow audit. That label does not prove the full end-to-end completion contract.
Faculty#9,Faculty,9,Create rubric,Missing and in scope,P6,Faculty course lifecycle#9,missing,app/src/components/CourseStudio.tsx; app/src/components/gradebook/; app/src/lib/coursestudio.ts,none,"Exact course membership and teaching capability; course-scoped persistence, human authority over academic records, audited consequential actions, recovery, complete states and faculty/student tests.","The repository audit records this workflow behavior as absent. Current scope permits a bounded implementation only after the recorded authority, data and dependency contract is satisfied."
Faculty#10,Faculty,10,Create assessment,Missing and in scope,P6,Faculty course lifecycle#10,missing,app/src/components/CourseStudio.tsx; app/src/components/gradebook/; app/src/lib/coursestudio.ts,none,"Exact course membership and teaching capability; course-scoped persistence, human authority over academic records, audited consequential actions, recovery, complete states and faculty/student tests.","The repository audit records this workflow behavior as absent. Current scope permits a bounded implementation only after the recorded authority, data and dependency contract is satisfied."
Faculty#11,Faculty,11,Create study pack,Existing but incomplete,P6,Faculty course lifecycle#11,exists,`app/src/components/CourseStudio.tsx`; `app/src/lib/coursestudio.ts`,none,"Exact course membership and teaching capability; course-scoped persistence, human authority over academic records, audited consequential actions, recovery, complete states and faculty/student tests.",Exact exists row in the repository workflow audit. That label does not prove the full end-to-end completion contract.
Faculty#12,Faculty,12,Manage roster,Missing and in scope,P6,Faculty course lifecycle#12,missing,app/src/components/CourseStudio.tsx; app/src/components/gradebook/; app/src/lib/coursestudio.ts,C · Faculty & Course Studio / Manage roster,"Exact course membership and teaching capability; course-scoped persistence, human authority over academic records, audited consequential actions, recovery, complete states and faculty/student tests.","The repository audit records this workflow behavior as absent. Current scope permits a bounded implementation only after the recorded authority, data and dependency contract is satisfied."
Faculty#13,Faculty,13,Review student work,Missing and in scope,P6,Faculty course lifecycle#13,missing,app/src/components/CourseStudio.tsx; app/src/components/gradebook/; app/src/lib/coursestudio.ts,none,"Exact course membership and teaching capability; course-scoped persistence, human authority over academic records, audited consequential actions, recovery, complete states and faculty/student tests.","The repository audit records this workflow behavior as absent. Current scope permits a bounded implementation only after the recorded authority, data and dependency contract is satisfied."
Faculty#14,Faculty,14,Provide feedback,Existing but incomplete,P6,Faculty course lifecycle#14,partial,`app/src/components/gradebook/InstructorBook.tsx`; `app/src/lib/gradebook/model.ts`,none,"Exact course membership and teaching capability; course-scoped persistence, human authority over academic records, audited consequential actions, recovery, complete states and faculty/student tests.",Exact partial row in the repository workflow audit. That label does not prove the full end-to-end completion contract.
Faculty#15,Faculty,15,Enter grade,Existing but incomplete,P6,Faculty course lifecycle#15,exists,`app/src/components/gradebook/InstructorBook.tsx`; `app/src/lib/gradebook/client.ts`,none,"Exact course membership and teaching capability; course-scoped persistence, human authority over academic records, audited consequential actions, recovery, complete states and faculty/student tests.",Exact exists row in the repository workflow audit. That label does not prove the full end-to-end completion contract.
Faculty#16,Faculty,16,Moderate grade,Existing but incomplete,P6,Faculty course lifecycle#16,exists,`app/src/components/gradebook/InstructorBook.tsx`; `app/src/lib/gradebook/client.ts`,none,"Exact course membership and teaching capability; course-scoped persistence, human authority over academic records, audited consequential actions, recovery, complete states and faculty/student tests.",Exact exists row in the repository workflow audit. That label does not prove the full end-to-end completion contract.
Faculty#17,Faculty,17,Release grade,Existing but incomplete,P6,Faculty course lifecycle#17,exists,`app/src/components/gradebook/InstructorBook.tsx`; `app/src/lib/gradebook/client.ts`,none,"Exact course membership and teaching capability; course-scoped persistence, human authority over academic records, audited consequential actions, recovery, complete states and faculty/student tests.",Exact exists row in the repository workflow audit. That label does not prove the full end-to-end completion contract.
Faculty#18,Faculty,18,Resolve regrade,Existing but incomplete,P6,Faculty course lifecycle#18,exists,`app/src/components/gradebook/InstructorBook.tsx`; `app/src/components/gradebook/StudentGrades.tsx`; `app/src/lib/gradebook/client.ts`,none,"Exact course membership and teaching capability; course-scoped persistence, human authority over academic records, audited consequential actions, recovery, complete states and faculty/student tests.",Exact exists row in the repository workflow audit. That label does not prove the full end-to-end completion contract.
Faculty#19,Faculty,19,Hold office hours,Missing and in scope,P6,Faculty course lifecycle#19,missing,app/src/components/CourseStudio.tsx; app/src/components/gradebook/; app/src/lib/coursestudio.ts,none,"Exact course membership and teaching capability; course-scoped persistence, human authority over academic records, audited consequential actions, recovery, complete states and faculty/student tests.","The repository audit records this workflow behavior as absent. Current scope permits a bounded implementation only after the recorded authority, data and dependency contract is satisfied."
Faculty#20,Faculty,20,Communicate with class,Existing but incomplete,P6,Faculty course lifecycle#20,partial,`app/src/components/CourseStudio.tsx`; `app/src/lib/coursestudio.ts`,C · Faculty & Course Studio / Communicate with class,"Exact course membership and teaching capability; course-scoped persistence, human authority over academic records, audited consequential actions, recovery, complete states and faculty/student tests.",Exact partial row in the repository workflow audit. That label does not prove the full end-to-end completion contract.
Faculty#21,Faculty,21,Review aggregate learning signals,Missing and in scope,P6,Faculty course lifecycle#21,missing,app/src/components/CourseStudio.tsx; app/src/components/gradebook/; app/src/lib/coursestudio.ts,none,"Exact course membership and teaching capability; course-scoped persistence, human authority over academic records, audited consequential actions, recovery, complete states and faculty/student tests.","The repository audit records this workflow behavior as absent. Current scope permits a bounded implementation only after the recorded authority, data and dependency contract is satisfied."
Faculty#22,Faculty,22,Review course accessibility,Missing and in scope,P6,Faculty course lifecycle#22,missing,app/src/components/CourseStudio.tsx; app/src/components/gradebook/; app/src/lib/coursestudio.ts,none,"Exact course membership and teaching capability; course-scoped persistence, human authority over academic records, audited consequential actions, recovery, complete states and faculty/student tests.","The repository audit records this workflow behavior as absent. Current scope permits a bounded implementation only after the recorded authority, data and dependency contract is satisfied."
Faculty#23,Faculty,23,Export/archive,Existing but incomplete,P6,Faculty course lifecycle#23,partial,`app/src/components/gradebook/InstructorBook.tsx`; `app/src/lib/gradebook/client.ts`,none,"Exact course membership and teaching capability; course-scoped persistence, human authority over academic records, audited consequential actions, recovery, complete states and faculty/student tests.",Exact partial row in the repository workflow audit. That label does not prove the full end-to-end completion contract.
Faculty#24,Faculty,24,Grade passback (if approved),Existing but incomplete,P6,Faculty course lifecycle#24,partial,`app/src/lib/gradebook/passback.ts`; `app/src/lib/gradebook/client.ts`; `app/src/components/gradebook/InstructorBook.tsx`,none,"Exact course membership and teaching capability; course-scoped persistence, human authority over academic records, audited consequential actions, recovery, complete states and faculty/student tests.",Exact partial row in the repository workflow audit. That label does not prove the full end-to-end completion contract.
Advisor / student success#1,Advisor / student success,1,Receive caseload,Missing and in scope,P7,Advising & student success#1,missing,app/src/components/AdvisorSharedView.tsx; app/src/lib/advisor-shares.ts; app/server/institution/advising.ts,none,"Student consent or a verified advisor relationship; no hidden risk score or broad roster, scoped writes, revocation/read audit, appeal/recovery and two-account tenant tests.","The repository audit records this workflow behavior as absent. Current scope permits a bounded implementation only after the recorded authority, data and dependency contract is satisfied."
Advisor / student success#2,Advisor / student success,2,Review student path,Existing but incomplete,P7,Advising & student success#2,partial,`app/src/components/AdvisorSharedView.tsx`; `app/src/lib/advisor-shares.ts`,none,"Student consent or a verified advisor relationship; no hidden risk score or broad roster, scoped writes, revocation/read audit, appeal/recovery and two-account tenant tests.",Exact partial row in the repository workflow audit. That label does not prove the full end-to-end completion contract.
Advisor / student success#3,Advisor / student success,3,Review action completion,Existing but incomplete,P7,Advising & student success#3,partial,`app/src/components/AdvisorSharedView.tsx`; `app/src/lib/advisor-meeting.ts`,none,"Student consent or a verified advisor relationship; no hidden risk score or broad roster, scoped writes, revocation/read audit, appeal/recovery and two-account tenant tests.",Exact partial row in the repository workflow audit. That label does not prove the full end-to-end completion contract.
Advisor / student success#4,Advisor / student success,4,Schedule meeting,Missing and in scope,P7,Advising & student success#4,missing,app/src/components/AdvisorSharedView.tsx; app/src/lib/advisor-shares.ts; app/server/institution/advising.ts,none,"Student consent or a verified advisor relationship; no hidden risk score or broad roster, scoped writes, revocation/read audit, appeal/recovery and two-account tenant tests.","The repository audit records this workflow behavior as absent. Current scope permits a bounded implementation only after the recorded authority, data and dependency contract is satisfied."
Advisor / student success#5,Advisor / student success,5,Record check-in,Missing and in scope,P7,Advising & student success#5,missing,app/src/components/AdvisorSharedView.tsx; app/src/lib/advisor-shares.ts; app/server/institution/advising.ts,none,"Student consent or a verified advisor relationship; no hidden risk score or broad roster, scoped writes, revocation/read audit, appeal/recovery and two-account tenant tests.","The repository audit records this workflow behavior as absent. Current scope permits a bounded implementation only after the recorded authority, data and dependency contract is satisfied."
Advisor / student success#6,Advisor / student success,6,Create success plan,Missing and in scope,P7,Advising & student success#6,missing,app/src/components/AdvisorSharedView.tsx; app/src/lib/advisor-shares.ts; app/server/institution/advising.ts,none,"Student consent or a verified advisor relationship; no hidden risk score or broad roster, scoped writes, revocation/read audit, appeal/recovery and two-account tenant tests.","The repository audit records this workflow behavior as absent. Current scope permits a bounded implementation only after the recorded authority, data and dependency contract is satisfied."
Advisor / student success#7,Advisor / student success,7,Refer to office,Missing and in scope,P7,Advising & student success#7,missing,app/src/components/AdvisorSharedView.tsx; app/src/lib/advisor-shares.ts; app/server/institution/advising.ts,D · Advisor & student success / Refer to office,"Student consent or a verified advisor relationship; no hidden risk score or broad roster, scoped writes, revocation/read audit, appeal/recovery and two-account tenant tests.","The repository audit records this workflow behavior as absent. Current scope permits a bounded implementation only after the recorded authority, data and dependency contract is satisfied."
Advisor / student success#8,Advisor / student success,8,Track referral outcome,Missing and in scope,P7,Advising & student success#8,missing,app/src/components/AdvisorSharedView.tsx; app/src/lib/advisor-shares.ts; app/server/institution/advising.ts,none,"Student consent or a verified advisor relationship; no hidden risk score or broad roster, scoped writes, revocation/read audit, appeal/recovery and two-account tenant tests.","The repository audit records this workflow behavior as absent. Current scope permits a bounded implementation only after the recorded authority, data and dependency contract is satisfied."
Advisor / student success#9,Advisor / student success,9,Send approved outreach,Existing but incomplete,P7,Advising & student success#9,partial,`app/src/components/OfficeActionDesk.tsx`; `app/src/lib/office-actions.ts`; `app/src/lib/office-actions-remote.ts`,none,"Student consent or a verified advisor relationship; no hidden risk score or broad roster, scoped writes, revocation/read audit, appeal/recovery and two-account tenant tests.",Exact partial row in the repository workflow audit. That label does not prove the full end-to-end completion contract.
Advisor / student success#10,Advisor / student success,10,Review support request,Existing but incomplete,P7,Advising & student success#10,exists,`app/src/components/HelpInbox.tsx`; `app/src/lib/help-routes.ts`; `app/src/screens/University.tsx`,none,"Student consent or a verified advisor relationship; no hidden risk score or broad roster, scoped writes, revocation/read audit, appeal/recovery and two-account tenant tests.",Exact exists row in the repository workflow audit. That label does not prove the full end-to-end completion contract.
Advisor / student success#11,Advisor / student success,11,Review consented share,Existing but incomplete,P7,Advising & student success#11,exists,`app/src/components/AdvisorSharedView.tsx`; `app/src/lib/advisor-shares.ts`,D · Advisor & student success / Review consented share,"Student consent or a verified advisor relationship; no hidden risk score or broad roster, scoped writes, revocation/read audit, appeal/recovery and two-account tenant tests.",Exact exists row in the repository workflow audit. That label does not prove the full end-to-end completion contract.
Advisor / student success#12,Advisor / student success,12,Escalate risk through approved process,Missing and in scope,P7,Advising & student success#12,missing,app/src/components/AdvisorSharedView.tsx; app/src/lib/advisor-shares.ts; app/server/institution/advising.ts,none,"Student consent or a verified advisor relationship; no hidden risk score or broad roster, scoped writes, revocation/read audit, appeal/recovery and two-account tenant tests.","The repository audit records this workflow behavior as absent. Current scope permits a bounded implementation only after the recorded authority, data and dependency contract is satisfied."
Advisor / student success#13,Advisor / student success,13,Review cohort aggregates,Existing but incomplete,P7,Advising & student success#13,partial,`app/src/components/institutional/OperationsStudio.tsx`; `app/src/lib/institution-ops.ts`,none,"Student consent or a verified advisor relationship; no hidden risk score or broad roster, scoped writes, revocation/read audit, appeal/recovery and two-account tenant tests.",Exact partial row in the repository workflow audit. That label does not prove the full end-to-end completion contract.
Advisor / student success#14,Advisor / student success,14,Conduct term review,Missing and in scope,P7,Advising & student success#14,missing,app/src/components/AdvisorSharedView.tsx; app/src/lib/advisor-shares.ts; app/server/institution/advising.ts,D · Advisor & student success / Conduct term review,"Student consent or a verified advisor relationship; no hidden risk score or broad roster, scoped writes, revocation/read audit, appeal/recovery and two-account tenant tests.","The repository audit records this workflow behavior as absent. Current scope permits a bounded implementation only after the recorded authority, data and dependency contract is satisfied."
Advisor / student success#15,Advisor / student success,15,Prepare registration readiness outreach,Existing but incomplete,P7,Advising & student success#15,partial,`app/src/components/OfficeActionDesk.tsx`; `app/src/components/institutional/CampaignManager.tsx`,none,"Student consent or a verified advisor relationship; no hidden risk score or broad roster, scoped writes, revocation/read audit, appeal/recovery and two-account tenant tests.",Exact partial row in the repository workflow audit. That label does not prove the full end-to-end completion contract.
Advisor / student success#16,Advisor / student success,16,Review intervention effectiveness,Missing and in scope,P7,Advising & student success#16,missing,app/src/components/AdvisorSharedView.tsx; app/src/lib/advisor-shares.ts; app/server/institution/advising.ts,none,"Student consent or a verified advisor relationship; no hidden risk score or broad roster, scoped writes, revocation/read audit, appeal/recovery and two-account tenant tests.","The repository audit records this workflow behavior as absent. Current scope permits a bounded implementation only after the recorded authority, data and dependency contract is satisfied."
Advisor / student success#17,Advisor / student success,17,Close or transition case,Missing and in scope,P7,Advising & student success#17,missing,app/src/components/AdvisorSharedView.tsx; app/src/lib/advisor-shares.ts; app/server/institution/advising.ts,D · Advisor & student success / Close or transition case,"Student consent or a verified advisor relationship; no hidden risk score or broad roster, scoped writes, revocation/read audit, appeal/recovery and two-account tenant tests.","The repository audit records this workflow behavior as absent. Current scope permits a bounded implementation only after the recorded authority, data and dependency contract is satisfied."
Registrar#1,Registrar,1,Create term,Existing but incomplete,P6,Registrar & academic operations#1,exists,`app/src/components/enrollment/RegistrarDesk.tsx`; `app/src/lib/enrollment/client.ts`; `supabase/migrations/20260929300000_registration_transaction.sql`,none,"Registrar capability and institution scope; official SIS authority, validated/audited/idempotent mutation, reconciliation/rollback, complete states and RLS/journey tests.",Exact exists row in the repository workflow audit. That label does not prove the full end-to-end completion contract.
Registrar#2,Registrar,2,Configure academic calendar,Existing but incomplete,P6,Registrar & academic operations#2,partial,`app/src/components/enrollment/RegistrarDesk.tsx`; `app/src/lib/config/studio.ts`,none,"Registrar capability and institution scope; official SIS authority, validated/audited/idempotent mutation, reconciliation/rollback, complete states and RLS/journey tests.",Exact partial row in the repository workflow audit. That label does not prove the full end-to-end completion contract.
Registrar#3,Registrar,3,Import/manage catalog,Existing but incomplete,P6,Registrar & academic operations#3,partial,`app/src/components/enrollment/RegistrarDesk.tsx`; `app/src/components/institutional/MigrationCenter.tsx`; `app/src/lib/migration/domain-specs.ts`,none,"Registrar capability and institution scope; official SIS authority, validated/audited/idempotent mutation, reconciliation/rollback, complete states and RLS/journey tests.",Exact partial row in the repository workflow audit. That label does not prove the full end-to-end completion contract.
Registrar#4,Registrar,4,Create sections,Existing but incomplete,P6,Registrar & academic operations#4,exists,`app/src/components/enrollment/RegistrarDesk.tsx`; `app/src/lib/enrollment/client.ts`; `supabase/migrations/20260929300000_registration_transaction.sql`,none,"Registrar capability and institution scope; official SIS authority, validated/audited/idempotent mutation, reconciliation/rollback, complete states and RLS/journey tests.",Exact exists row in the repository workflow audit. That label does not prove the full end-to-end completion contract.
Registrar#5,Registrar,5,Assign capacity/waitlists,Existing but incomplete,P6,Registrar & academic operations#5,exists,`app/src/components/enrollment/RegistrarDesk.tsx`; `supabase/migrations/20260929300000_registration_transaction.sql`,none,"Registrar capability and institution scope; official SIS authority, validated/audited/idempotent mutation, reconciliation/rollback, complete states and RLS/journey tests.",Exact exists row in the repository workflow audit. That label does not prove the full end-to-end completion contract.
Registrar#6,Registrar,6,Define prerequisites/co-requisites,Existing but incomplete,P6,Registrar & academic operations#6,partial,`app/src/components/enrollment/RegistrarDesk.tsx`; `supabase/migrations/20260929300000_registration_transaction.sql`,none,"Registrar capability and institution scope; official SIS authority, validated/audited/idempotent mutation, reconciliation/rollback, complete states and RLS/journey tests.",Exact partial row in the repository workflow audit. That label does not prove the full end-to-end completion contract.
Registrar#7,Registrar,7,Publish registration windows,Existing but incomplete,P6,Registrar & academic operations#7,exists,`app/src/components/enrollment/RegistrarDesk.tsx`; `app/src/lib/enrollment/client.ts`; `supabase/migrations/20260929300000_registration_transaction.sql`,none,"Registrar capability and institution scope; official SIS authority, validated/audited/idempotent mutation, reconciliation/rollback, complete states and RLS/journey tests.",Exact exists row in the repository workflow audit. That label does not prove the full end-to-end completion contract.
Registrar#8,Registrar,8,Issue time tickets,Existing but incomplete,P6,Registrar & academic operations#8,partial,`supabase/migrations/20260926150000_expansion_roles_and_features.sql`; `app/src/lib/enrollment/model.ts`,none,"Registrar capability and institution scope; official SIS authority, validated/audited/idempotent mutation, reconciliation/rollback, complete states and RLS/journey tests.",Exact partial row in the repository workflow audit. That label does not prove the full end-to-end completion contract.
Registrar#9,Registrar,9,Sync holds,Existing but incomplete,P6,Registrar & academic operations#9,partial,`supabase/migrations/20260929300000_registration_transaction.sql`; `app/src/lib/integration/school-records.ts`; `app/server/integration/registry.ts`,none,"Registrar capability and institution scope; official SIS authority, validated/audited/idempotent mutation, reconciliation/rollback, complete states and RLS/journey tests.",Exact partial row in the repository workflow audit. That label does not prove the full end-to-end completion contract.
Registrar#10,Registrar,10,Grant override,Existing but incomplete,P6,Registrar & academic operations#10,exists,`app/src/components/enrollment/RegistrarDesk.tsx`; `app/src/lib/enrollment/client.ts`; `supabase/migrations/20260929300000_registration_transaction.sql`,none,"Registrar capability and institution scope; official SIS authority, validated/audited/idempotent mutation, reconciliation/rollback, complete states and RLS/journey tests.",Exact exists row in the repository workflow audit. That label does not prove the full end-to-end completion contract.
Registrar#11,Registrar,11,Review enrollment attempt,Existing but incomplete,P6,Registrar & academic operations#11,exists,`app/src/components/enrollment/RegistrarDesk.tsx`; `app/src/lib/enrollment/client.ts`; `supabase/migrations/20260929300000_registration_transaction.sql`,none,"Registrar capability and institution scope; official SIS authority, validated/audited/idempotent mutation, reconciliation/rollback, complete states and RLS/journey tests.",Exact exists row in the repository workflow audit. That label does not prove the full end-to-end completion contract.
Registrar#12,Registrar,12,Approve/deny exception,Existing but incomplete,P6,Registrar & academic operations#12,partial,`app/src/components/enrollment/RegistrarDesk.tsx`; `supabase/migrations/20260929300000_registration_transaction.sql`,none,"Registrar capability and institution scope; official SIS authority, validated/audited/idempotent mutation, reconciliation/rollback, complete states and RLS/journey tests.",Exact partial row in the repository workflow audit. That label does not prove the full end-to-end completion contract.
Registrar#13,Registrar,13,Manage add/drop/withdrawal,Existing but incomplete,P6,Registrar & academic operations#13,partial,`app/src/components/enrollment/RegistrarDesk.tsx`; `app/src/lib/enrollment/client.ts`; `supabase/migrations/20260929300000_registration_transaction.sql`,none,"Registrar capability and institution scope; official SIS authority, validated/audited/idempotent mutation, reconciliation/rollback, complete states and RLS/journey tests.",Exact partial row in the repository workflow audit. That label does not prove the full end-to-end completion contract.
Registrar#14,Registrar,14,Reconcile with SIS,Existing but incomplete,P6,Registrar & academic operations#14,partial,`app/src/lib/integration/reconcile.ts`; `app/src/components/institutional/IntegrationDashboard.tsx`; `supabase/migrations/20260928040000_integration_quality.sql`,E · Registrar & academic operations / Reconcile with SIS,"Registrar capability and institution scope; official SIS authority, validated/audited/idempotent mutation, reconciliation/rollback, complete states and RLS/journey tests.",Exact partial row in the repository workflow audit. That label does not prove the full end-to-end completion contract.
Registrar#15,Registrar,15,Correct academic record,Existing but incomplete,P6,Registrar & academic operations#15,exists,`app/src/components/institutional/RecordLedger.tsx`; `app/src/lib/record/ledger.ts`; `supabase/migrations/20260929210000_academic_record_ledger.sql`,none,"Registrar capability and institution scope; official SIS authority, validated/audited/idempotent mutation, reconciliation/rollback, complete states and RLS/journey tests.",Exact exists row in the repository workflow audit. That label does not prove the full end-to-end completion contract.
Registrar#16,Registrar,16,Manage grade changes,Existing but incomplete,P6,Registrar & academic operations#16,exists,`app/src/components/institutional/RecordLedger.tsx`; `app/src/lib/record/ledger.ts`; `supabase/migrations/20260929210000_academic_record_ledger.sql`,none,"Registrar capability and institution scope; official SIS authority, validated/audited/idempotent mutation, reconciliation/rollback, complete states and RLS/journey tests.",Exact exists row in the repository workflow audit. That label does not prove the full end-to-end completion contract.
Registrar#17,Registrar,17,Run degree audit,Existing but incomplete,P6,Registrar & academic operations#17,partial,`app/src/screens/Degree.tsx`; `app/src/components/GraduationSimulator.tsx`,none,"Registrar capability and institution scope; official SIS authority, validated/audited/idempotent mutation, reconciliation/rollback, complete states and RLS/journey tests.",Exact partial row in the repository workflow audit. That label does not prove the full end-to-end completion contract.
Registrar#18,Registrar,18,Evaluate transfer credit,Existing but incomplete,P6,Registrar & academic operations#18,partial,`app/src/lib/record/ledger.ts`; `app/src/components/institutional/RecordLedger.tsx`,none,"Registrar capability and institution scope; official SIS authority, validated/audited/idempotent mutation, reconciliation/rollback, complete states and RLS/journey tests.",Exact partial row in the repository workflow audit. That label does not prove the full end-to-end completion contract.
Registrar#19,Registrar,19,Review graduation,Existing but incomplete,P6,Registrar & academic operations#19,partial,`app/src/components/institutional/RecordLedger.tsx`; `app/src/components/GraduationSimulator.tsx`,none,"Registrar capability and institution scope; official SIS authority, validated/audited/idempotent mutation, reconciliation/rollback, complete states and RLS/journey tests.",Exact partial row in the repository workflow audit. That label does not prove the full end-to-end completion contract.
Registrar#20,Registrar,20,Export official records,Existing but incomplete,P6,Registrar & academic operations#20,partial,`app/src/components/institutional/RecordLedger.tsx`; `app/src/lib/record/ledger.ts`,none,"Registrar capability and institution scope; official SIS authority, validated/audited/idempotent mutation, reconciliation/rollback, complete states and RLS/journey tests.",Exact partial row in the repository workflow audit. That label does not prove the full end-to-end completion contract.
Registrar#21,Registrar,21,Close-of-term audit,Missing and in scope,P6,Registrar & academic operations#21,missing,app/src/components/enrollment/RegistrarDesk.tsx; app/src/lib/enrollment/; app/src/lib/record/,none,"Registrar capability and institution scope; official SIS authority, validated/audited/idempotent mutation, reconciliation/rollback, complete states and RLS/journey tests.","The repository audit records this workflow behavior as absent. Current scope permits a bounded implementation only after the recorded authority, data and dependency contract is satisfied."
Institutional implementation#1,Institutional implementation,1,Contract signed,Existing but incomplete,P6,Institution implementation#1,partial,`supabase/migrations/20260929080000_commercial_automation.sql`; `supabase/migrations/20261004090000_order_form_never_downgrades_plan.sql`,none,"Current contract and named institutional authority; tenant-scoped configuration, second-person approval where consequential, evidence expiry, rollback and readiness gates separated from activation.",Exact partial row in the repository workflow audit. That label does not prove the full end-to-end completion contract.
Institutional implementation#2,Institutional implementation,2,Tenant created,Missing and in scope,P6,Institution implementation#2,missing,app/src/components/institutional/; app/src/lib/ops/readiness.ts; docs/institutional-implementation/,none,"Current contract and named institutional authority; tenant-scoped configuration, second-person approval where consequential, evidence expiry, rollback and readiness gates separated from activation.","The repository audit records this workflow behavior as absent. Current scope permits a bounded implementation only after the recorded authority, data and dependency contract is satisfied."
Institutional implementation#3,Institutional implementation,3,Executive sponsor named,Existing but incomplete,P6,Institution implementation#3,partial,`supabase/migrations/20260928090000_gtm_foundation.sql`; `app/src/lib/gtm/stages.ts`,none,"Current contract and named institutional authority; tenant-scoped configuration, second-person approval where consequential, evidence expiry, rollback and readiness gates separated from activation.",Exact partial row in the repository workflow audit. That label does not prove the full end-to-end completion contract.
Institutional implementation#4,Institutional implementation,4,Operational champion named,Existing but incomplete,P6,Institution implementation#4,partial,`supabase/migrations/20260928090000_gtm_foundation.sql`; `app/src/lib/gtm/stages.ts`,K · Institutional administration / Operational champion named,"Current contract and named institutional authority; tenant-scoped configuration, second-person approval where consequential, evidence expiry, rollback and readiness gates separated from activation.",Exact partial row in the repository workflow audit. That label does not prove the full end-to-end completion contract.
Institutional implementation#5,Institutional implementation,5,Security/privacy scope confirmed,Existing but incomplete,P6,Institution implementation#5,partial,`supabase/migrations/20260927170000_integration_control_plane.sql`; `app/src/lib/integration/classification.ts`,none,"Current contract and named institutional authority; tenant-scoped configuration, second-person approval where consequential, evidence expiry, rollback and readiness gates separated from activation.",Exact partial row in the repository workflow audit. That label does not prove the full end-to-end completion contract.
Institutional implementation#6,Institutional implementation,6,Data/integration inventory,Existing but incomplete,P6,Institution implementation#6,partial,`app/src/components/institutional/MigrationCenter.tsx`; `app/src/lib/migration/center.ts`; `app/src/components/institutional/IntegrationDashboard.tsx`,none,"Current contract and named institutional authority; tenant-scoped configuration, second-person approval where consequential, evidence expiry, rollback and readiness gates separated from activation.",Exact partial row in the repository workflow audit. That label does not prove the full end-to-end completion contract.
Institutional implementation#7,Institutional implementation,7,SSO/identity configured,Existing but incomplete,P6,Institution implementation#7,partial,`app/server/institution/auth.ts`; `app/server/institution/membership.ts`; `app/server/institution/scim-route.ts`; `supabase/migrations/20260924150142_institution_identity_provisioning.sql`,none,"Current contract and named institutional authority; tenant-scoped configuration, second-person approval where consequential, evidence expiry, rollback and readiness gates separated from activation.",Exact partial row in the repository workflow audit. That label does not prove the full end-to-end completion contract.
Institutional implementation#8,Institutional implementation,8,Tenant policy configured,Existing but incomplete,P6,Institution implementation#8,exists,`app/src/components/institutional/ConfigurationStudio.tsx`; `app/src/lib/config/studio.ts`; `supabase/migrations/20260930230000_configuration_studio.sql`,none,"Current contract and named institutional authority; tenant-scoped configuration, second-person approval where consequential, evidence expiry, rollback and readiness gates separated from activation.",Exact exists row in the repository workflow audit. That label does not prove the full end-to-end completion contract.
Institutional implementation#9,Institutional implementation,9,Roles configured,Existing but incomplete,P6,Institution implementation#9,partial,`app/src/components/institutional/ConfigurationStudio.tsx`; `app/src/lib/config/studio.ts`,none,"Current contract and named institutional authority; tenant-scoped configuration, second-person approval where consequential, evidence expiry, rollback and readiness gates separated from activation.",Exact partial row in the repository workflow audit. That label does not prove the full end-to-end completion contract.
Institutional implementation#10,Institutional implementation,10,Feature cohorts configured,Existing but incomplete,P6,Institution implementation#10,partial,`app/src/lib/flags.ts`; `app/src/components/institutional/ConfigurationStudio.tsx`,none,"Current contract and named institutional authority; tenant-scoped configuration, second-person approval where consequential, evidence expiry, rollback and readiness gates separated from activation.",Exact partial row in the repository workflow audit. That label does not prove the full end-to-end completion contract.
Institutional implementation#11,Institutional implementation,11,Data mapping approved,Existing but incomplete,P6,Institution implementation#11,partial,`app/src/components/institutional/MigrationCenter.tsx`; `app/src/lib/migration/api.ts`,none,"Current contract and named institutional authority; tenant-scoped configuration, second-person approval where consequential, evidence expiry, rollback and readiness gates separated from activation.",Exact partial row in the repository workflow audit. That label does not prove the full end-to-end completion contract.
Institutional implementation#12,Institutional implementation,12,Sandbox sync tested,Existing but incomplete,P6,Institution implementation#12,partial,`app/server/institution/sandbox.ts`; `app/src/lib/integration/contract-harness.ts`,none,"Current contract and named institutional authority; tenant-scoped configuration, second-person approval where consequential, evidence expiry, rollback and readiness gates separated from activation.",Exact partial row in the repository workflow audit. That label does not prove the full end-to-end completion contract.
Institutional implementation#13,Institutional implementation,13,Reconciliation passed,Existing but incomplete,P6,Institution implementation#13,partial,`app/src/components/institutional/MigrationCenter.tsx`; `app/src/lib/migration/center.ts`,K · Institutional administration / Reconciliation passed,"Current contract and named institutional authority; tenant-scoped configuration, second-person approval where consequential, evidence expiry, rollback and readiness gates separated from activation.",Exact partial row in the repository workflow audit. That label does not prove the full end-to-end completion contract.
Institutional implementation#14,Institutional implementation,14,Admin training,Missing and in scope,P6,Institution implementation#14,missing,app/src/components/institutional/; app/src/lib/ops/readiness.ts; docs/institutional-implementation/,K · Institutional administration / Admin training,"Current contract and named institutional authority; tenant-scoped configuration, second-person approval where consequential, evidence expiry, rollback and readiness gates separated from activation.","The repository audit records this workflow behavior as absent. Current scope permits a bounded implementation only after the recorded authority, data and dependency contract is satisfied."
Institutional implementation#15,Institutional implementation,15,Student communication prepared,Existing but incomplete,P6,Institution implementation#15,partial,`app/src/components/institutional/CampaignManager.tsx`; `supabase/migrations/20260928090000_gtm_foundation.sql`,K · Institutional administration / Student communication prepared,"Current contract and named institutional authority; tenant-scoped configuration, second-person approval where consequential, evidence expiry, rollback and readiness gates separated from activation.",Exact partial row in the repository workflow audit. That label does not prove the full end-to-end completion contract.
Institutional implementation#16,Institutional implementation,16,Launch readiness gate passed,Existing but incomplete,P6,Institution implementation#16,partial,`supabase/migrations/20260928050000_tenant_rollout.sql`; `app/src/lib/launchreadiness.ts`,K · Institutional administration / Launch readiness gate passed,"Current contract and named institutional authority; tenant-scoped configuration, second-person approval where consequential, evidence expiry, rollback and readiness gates separated from activation.",Exact partial row in the repository workflow audit. That label does not prove the full end-to-end completion contract.
Institutional implementation#17,Institutional implementation,17,Controlled launch,Existing but incomplete,P6,Institution implementation#17,partial,`supabase/migrations/20260928050000_tenant_rollout.sql`; `app/src/components/institutional/ModulesPanel.tsx`,K · Institutional administration / Controlled launch,"Current contract and named institutional authority; tenant-scoped configuration, second-person approval where consequential, evidence expiry, rollback and readiness gates separated from activation.",Exact partial row in the repository workflow audit. That label does not prove the full end-to-end completion contract.
Institutional implementation#18,Institutional implementation,18,Adoption monitored,Existing but incomplete,P6,Institution implementation#18,partial,`app/src/components/console/Figures.tsx`; `app/src/components/institutional/CampaignManager.tsx`,K · Institutional administration / Adoption monitored,"Current contract and named institutional authority; tenant-scoped configuration, second-person approval where consequential, evidence expiry, rollback and readiness gates separated from activation.",Exact partial row in the repository workflow audit. That label does not prove the full end-to-end completion contract.
Institutional implementation#19,Institutional implementation,19,Support and incident path live,Existing but incomplete,P6,Institution implementation#19,partial,`app/src/components/console/SupportQueue.tsx`; `app/src/components/StatusNotice.tsx`; `supabase/migrations/20260928210000_support_tickets.sql`,none,"Current contract and named institutional authority; tenant-scoped configuration, second-person approval where consequential, evidence expiry, rollback and readiness gates separated from activation.",Exact partial row in the repository workflow audit. That label does not prove the full end-to-end completion contract.
Institutional implementation#20,Institutional implementation,20,Midpoint review,Missing and in scope,P6,Institution implementation#20,missing,app/src/components/institutional/; app/src/lib/ops/readiness.ts; docs/institutional-implementation/,K · Institutional administration / Midpoint review,"Current contract and named institutional authority; tenant-scoped configuration, second-person approval where consequential, evidence expiry, rollback and readiness gates separated from activation.","The repository audit records this workflow behavior as absent. Current scope permits a bounded implementation only after the recorded authority, data and dependency contract is satisfied."
Institutional implementation#21,Institutional implementation,21,Pilot outcome review,Existing but incomplete,P6,Institution implementation#21,partial,`app/src/lib/gtm/pilot.ts`; `supabase/migrations/20260928090000_gtm_foundation.sql`,none,"Current contract and named institutional authority; tenant-scoped configuration, second-person approval where consequential, evidence expiry, rollback and readiness gates separated from activation.",Exact partial row in the repository workflow audit. That label does not prove the full end-to-end completion contract.
Institutional implementation#22,Institutional implementation,22,Annual conversion or offboarding,Existing but incomplete,P6,Institution implementation#22,partial,`supabase/migrations/20260930200000_school_offboarding.sql`; `supabase/migrations/20260929070000_commercial_core.sql`,none,"Current contract and named institutional authority; tenant-scoped configuration, second-person approval where consequential, evidence expiry, rollback and readiness gates separated from activation.",Exact partial row in the repository workflow audit. That label does not prove the full end-to-end completion contract.
Controlled integration#1,Controlled integration,1,Integration request,Existing but incomplete,P6,Controlled integration#1,partial,`supabase/migrations/20260927170000_integration_control_plane.sql`; `app/src/components/institutional/IntegrationDashboard.tsx`,none,"Approved provider contract and exact scopes; server-held credentials, mapping version, tenant isolation, idempotent sync, reconciliation/rollback, degraded states and adapter/RLS tests.",Exact partial row in the repository workflow audit. That label does not prove the full end-to-end completion contract.
Controlled integration#2,Controlled integration,2,Business purpose defined,Existing but incomplete,P6,Controlled integration#2,partial,`supabase/migrations/20260927170000_integration_control_plane.sql`,L · Integrations / Business purpose defined,"Approved provider contract and exact scopes; server-held credentials, mapping version, tenant isolation, idempotent sync, reconciliation/rollback, degraded states and adapter/RLS tests.",Exact partial row in the repository workflow audit. That label does not prove the full end-to-end completion contract.
Controlled integration#3,Controlled integration,3,Data classification identified,Existing but incomplete,P6,Controlled integration#3,partial,`app/src/lib/integration/classification.ts`; `supabase/migrations/20260927170000_integration_control_plane.sql`; `app/src/components/institutional/OperationsStudio.tsx`,none,"Approved provider contract and exact scopes; server-held credentials, mapping version, tenant isolation, idempotent sync, reconciliation/rollback, degraded states and adapter/RLS tests.",Exact partial row in the repository workflow audit. That label does not prove the full end-to-end completion contract.
Controlled integration#4,Controlled integration,4,Security/privacy review,Existing but incomplete,P6,Controlled integration#4,partial,`supabase/migrations/20260927170000_integration_control_plane.sql`; `app/src/screens/TrustRoom.tsx`,none,"Approved provider contract and exact scopes; server-held credentials, mapping version, tenant isolation, idempotent sync, reconciliation/rollback, degraded states and adapter/RLS tests.",Exact partial row in the repository workflow audit. That label does not prove the full end-to-end completion contract.
Controlled integration#5,Controlled integration,5,Scope requested,Existing but incomplete,P6,Controlled integration#5,partial,`supabase/migrations/20260927170000_integration_control_plane.sql`,none,"Approved provider contract and exact scopes; server-held credentials, mapping version, tenant isolation, idempotent sync, reconciliation/rollback, degraded states and adapter/RLS tests.",Exact partial row in the repository workflow audit. That label does not prove the full end-to-end completion contract.
Controlled integration#6,Controlled integration,6,Tenant approval,Existing but incomplete,P6,Controlled integration#6,partial,`supabase/migrations/20260927170000_integration_control_plane.sql`; `app/src/lib/integration/dashboard.ts`,none,"Approved provider contract and exact scopes; server-held credentials, mapping version, tenant isolation, idempotent sync, reconciliation/rollback, degraded states and adapter/RLS tests.",Exact partial row in the repository workflow audit. That label does not prove the full end-to-end completion contract.
Controlled integration#7,Controlled integration,7,Credential configured server-side,Existing but incomplete,P6,Controlled integration#7,partial,`supabase/migrations/20260927170000_integration_control_plane.sql`; `app/src/lib/integration/vault.ts`,none,"Approved provider contract and exact scopes; server-held credentials, mapping version, tenant isolation, idempotent sync, reconciliation/rollback, degraded states and adapter/RLS tests.",Exact partial row in the repository workflow audit. That label does not prove the full end-to-end completion contract.
Controlled integration#8,Controlled integration,8,Sandbox validated,Existing but incomplete,P6,Controlled integration#8,partial,`app/src/lib/integration/contract-harness.ts`; `app/server/integration/registry-preflight.ts`,L · Integrations / Sandbox validated,"Approved provider contract and exact scopes; server-held credentials, mapping version, tenant isolation, idempotent sync, reconciliation/rollback, degraded states and adapter/RLS tests.",Exact partial row in the repository workflow audit. That label does not prove the full end-to-end completion contract.
Controlled integration#9,Controlled integration,9,Mapping created,Existing but incomplete,P6,Controlled integration#9,partial,`supabase/migrations/20260927170000_integration_control_plane.sql`; `app/src/components/institutional/IntegrationDashboard.tsx`,none,"Approved provider contract and exact scopes; server-held credentials, mapping version, tenant isolation, idempotent sync, reconciliation/rollback, degraded states and adapter/RLS tests.",Exact partial row in the repository workflow audit. That label does not prove the full end-to-end completion contract.
Controlled integration#10,Controlled integration,10,Mapping version approved,Existing but incomplete,P6,Controlled integration#10,partial,`app/src/lib/integration/mapping-versions.ts`; `supabase/migrations/20260927170000_integration_control_plane.sql`,none,"Approved provider contract and exact scopes; server-held credentials, mapping version, tenant isolation, idempotent sync, reconciliation/rollback, degraded states and adapter/RLS tests.",Exact partial row in the repository workflow audit. That label does not prove the full end-to-end completion contract.
Controlled integration#11,Controlled integration,11,Read-only sync enabled,Existing but incomplete,P6,Controlled integration#11,partial,`supabase/migrations/20260927170000_integration_control_plane.sql`; `app/server/integration/tick.ts`; `app/server/integration/registry.ts`,none,"Approved provider contract and exact scopes; server-held credentials, mapping version, tenant isolation, idempotent sync, reconciliation/rollback, degraded states and adapter/RLS tests.",Exact partial row in the repository workflow audit. That label does not prove the full end-to-end completion contract.
Controlled integration#12,Controlled integration,12,Reconciliation passed,Existing but incomplete,P6,Controlled integration#12,partial,`app/src/lib/integration/reconcile.ts`; `supabase/migrations/20260928040000_integration_quality.sql`,none,"Approved provider contract and exact scopes; server-held credentials, mapping version, tenant isolation, idempotent sync, reconciliation/rollback, degraded states and adapter/RLS tests.",Exact partial row in the repository workflow audit. That label does not prove the full end-to-end completion contract.
Controlled integration#13,Controlled integration,13,Monitoring enabled,Existing but incomplete,P6,Controlled integration#13,partial,`app/src/components/institutional/IntegrationDashboard.tsx`; `app/src/lib/integration/health.ts`; `app/src/lib/integration/lineage.ts`,L · Integrations / Monitoring enabled,"Approved provider contract and exact scopes; server-held credentials, mapping version, tenant isolation, idempotent sync, reconciliation/rollback, degraded states and adapter/RLS tests.",Exact partial row in the repository workflow audit. That label does not prove the full end-to-end completion contract.
Controlled integration#14,Controlled integration,14,Write direction requested,Existing but incomplete,P6,Controlled integration#14,partial,`supabase/migrations/20260927170000_integration_control_plane.sql`,L · Integrations / Write direction requested,"Approved provider contract and exact scopes; server-held credentials, mapping version, tenant isolation, idempotent sync, reconciliation/rollback, degraded states and adapter/RLS tests.",Exact partial row in the repository workflow audit. That label does not prove the full end-to-end completion contract.
Controlled integration#15,Controlled integration,15,Higher approval required,Existing but incomplete,P6,Controlled integration#15,partial,`supabase/migrations/20260927170000_integration_control_plane.sql`,none,"Approved provider contract and exact scopes; server-held credentials, mapping version, tenant isolation, idempotent sync, reconciliation/rollback, degraded states and adapter/RLS tests.",Exact partial row in the repository workflow audit. That label does not prove the full end-to-end completion contract.
Controlled integration#16,Controlled integration,16,Controlled write pilot,Existing but incomplete,P6,Controlled integration#16,partial,`app/server/institution/gateway.ts`; `app/server/institution/registration.ts`,L · Integrations / Controlled write pilot,"Approved provider contract and exact scopes; server-held credentials, mapping version, tenant isolation, idempotent sync, reconciliation/rollback, degraded states and adapter/RLS tests.",Exact partial row in the repository workflow audit. That label does not prove the full end-to-end completion contract.
Controlled integration#17,Controlled integration,17,Rollback verified,Existing but incomplete,P6,Controlled integration#17,partial,`app/src/lib/integration/mapping-versions.ts`; `app/src/lib/integration/parallel-run.ts`,L · Integrations / Rollback verified,"Approved provider contract and exact scopes; server-held credentials, mapping version, tenant isolation, idempotent sync, reconciliation/rollback, degraded states and adapter/RLS tests.",Exact partial row in the repository workflow audit. That label does not prove the full end-to-end completion contract.
Controlled integration#18,Controlled integration,18,Production approval,Existing but incomplete,P6,Controlled integration#18,partial,`supabase/migrations/20260927170000_integration_control_plane.sql`,none,"Approved provider contract and exact scopes; server-held credentials, mapping version, tenant isolation, idempotent sync, reconciliation/rollback, degraded states and adapter/RLS tests.",Exact partial row in the repository workflow audit. That label does not prove the full end-to-end completion contract.
Controlled integration#19,Controlled integration,19,Periodic scope review,Existing but incomplete,P6,Controlled integration#19,partial,`supabase/migrations/20260927170000_integration_control_plane.sql`; `app/server/integration/tick.ts`,none,"Approved provider contract and exact scopes; server-held credentials, mapping version, tenant isolation, idempotent sync, reconciliation/rollback, degraded states and adapter/RLS tests.",Exact partial row in the repository workflow audit. That label does not prove the full end-to-end completion contract.
Controlled integration#20,Controlled integration,20,Retirement/offboarding,Existing but incomplete,P6,Controlled integration#20,partial,`supabase/migrations/20260930200000_school_offboarding.sql`; `supabase/migrations/20260927200000_integration_hardening.sql`,none,"Approved provider contract and exact scopes; server-held credentials, mapping version, tenant isolation, idempotent sync, reconciliation/rollback, degraded states and adapter/RLS tests.",Exact partial row in the repository workflow audit. That label does not prove the full end-to-end completion contract.
AI#1,AI,1,User asks,Existing but incomplete,P8,Governed AI request#1,exists,`app/src/ai/Chat.tsx`; `app/src/ai/Composer.tsx`; `app/src/ai/converse.ts`,B · Student OS / User asks,"Policy ceiling, data minimization, explicit purpose and source provenance; exact tool permission, content-free audit where required, refusal/recovery, evaluation and human handoff tests.",Exact exists row in the repository workflow audit. That label does not prove the full end-to-end completion contract.
AI#2,AI,2,Intent identified,Existing but incomplete,P8,Governed AI request#2,partial,`app/src/ai/converse.ts`; `app/src/lib/mode.ts`,B · Student OS / Intent identified,"Policy ceiling, data minimization, explicit purpose and source provenance; exact tool permission, content-free audit where required, refusal/recovery, evaluation and human handoff tests.",Exact partial row in the repository workflow audit. That label does not prove the full end-to-end completion contract.
AI#3,AI,3,Role/tenant/course scope established,Existing but incomplete,P8,Governed AI request#3,exists,`app/server/institution/intelligence.ts`; `app/server/institution/intelligence-repository.ts`,none,"Policy ceiling, data minimization, explicit purpose and source provenance; exact tool permission, content-free audit where required, refusal/recovery, evaluation and human handoff tests.",Exact exists row in the repository workflow audit. That label does not prove the full end-to-end completion contract.
AI#4,AI,4,Data classification checked,Existing but incomplete,P8,Governed AI request#4,exists,`packages/institution/src/ai-data-class.ts`; `app/server/institution/ai-data-class.ts`; `app/server/institution/intelligence.ts`,none,"Policy ceiling, data minimization, explicit purpose and source provenance; exact tool permission, content-free audit where required, refusal/recovery, evaluation and human handoff tests.",Exact exists row in the repository workflow audit. That label does not prove the full end-to-end completion contract.
AI#5,AI,5,Consent checked,Existing but incomplete,P8,Governed AI request#5,partial,`app/server/institution/intelligence.ts`; `app/src/ai/converse.ts`,none,"Policy ceiling, data minimization, explicit purpose and source provenance; exact tool permission, content-free audit where required, refusal/recovery, evaluation and human handoff tests.",Exact partial row in the repository workflow audit. That label does not prove the full end-to-end completion contract.
AI#6,AI,6,Course/tenant AI policy checked,Existing but incomplete,P8,Governed AI request#6,exists,`app/server/institution/intelligence.ts`; `packages/institution/src/course-agent-policy.ts`; `app/server/institution/intelligence-repository.ts`,none,"Policy ceiling, data minimization, explicit purpose and source provenance; exact tool permission, content-free audit where required, refusal/recovery, evaluation and human handoff tests.",Exact exists row in the repository workflow audit. That label does not prove the full end-to-end completion contract.
AI#7,AI,7,Provider/model selected,Existing but incomplete,P8,Governed AI request#7,exists,`app/server/institution/intelligence.ts`; `packages/institution/src/index.ts`,none,"Policy ceiling, data minimization, explicit purpose and source provenance; exact tool permission, content-free audit where required, refusal/recovery, evaluation and human handoff tests.",Exact exists row in the repository workflow audit. That label does not prove the full end-to-end completion contract.
AI#8,AI,8,Allowed sources retrieved,Existing but incomplete,P8,Governed AI request#8,exists,`app/server/institution/intelligence-repository.ts`; `app/server/institution/intelligence.ts`,none,"Policy ceiling, data minimization, explicit purpose and source provenance; exact tool permission, content-free audit where required, refusal/recovery, evaluation and human handoff tests.",Exact exists row in the repository workflow audit. That label does not prove the full end-to-end completion contract.
AI#9,AI,9,Prompt/tool permission validated,Existing but incomplete,P8,Governed AI request#9,exists,`app/server/institution/intelligence.ts`; `app/server/institution/intelligence-action-store.ts`,B · Student OS / Prompt/tool permission validated,"Policy ceiling, data minimization, explicit purpose and source provenance; exact tool permission, content-free audit where required, refusal/recovery, evaluation and human handoff tests.",Exact exists row in the repository workflow audit. That label does not prove the full end-to-end completion contract.
AI#10,AI,10,Response generated,Existing but incomplete,P8,Governed AI request#10,exists,`app/server/institution/intelligence.ts`; `app/server/institution/providers/openai.ts`,B · Student OS / Response generated,"Policy ceiling, data minimization, explicit purpose and source provenance; exact tool permission, content-free audit where required, refusal/recovery, evaluation and human handoff tests.",Exact exists row in the repository workflow audit. That label does not prove the full end-to-end completion contract.
AI#11,AI,11,Sources and limits shown,Existing but incomplete,P8,Governed AI request#11,exists,`app/src/intelligence/Disclosure.tsx`; `app/src/ai/quality.ts`; `app/src/ai/Answer.tsx`,none,"Policy ceiling, data minimization, explicit purpose and source provenance; exact tool permission, content-free audit where required, refusal/recovery, evaluation and human handoff tests.",Exact exists row in the repository workflow audit. That label does not prove the full end-to-end completion contract.
AI#12,AI,12,Suggested action presented,Existing but incomplete,P8,Governed AI request#12,exists,`app/src/ai/Actions.tsx`; `app/src/ai/converse.ts`,none,"Policy ceiling, data minimization, explicit purpose and source provenance; exact tool permission, content-free audit where required, refusal/recovery, evaluation and human handoff tests.",Exact exists row in the repository workflow audit. That label does not prove the full end-to-end completion contract.
AI#13,AI,13,Official handoff offered,Existing but incomplete,P8,Governed AI request#13,partial,`app/src/components/AskAHuman.tsx`; `app/src/lib/help-routes.ts`; `app/src/lib/aihandoff.ts`,none,"Policy ceiling, data minimization, explicit purpose and source provenance; exact tool permission, content-free audit where required, refusal/recovery, evaluation and human handoff tests.",Exact partial row in the repository workflow audit. That label does not prove the full end-to-end completion contract.
AI#14,AI,14,Human escalation offered,Existing but incomplete,P8,Governed AI request#14,partial,`app/src/components/AskAHuman.tsx`; `app/src/ai/Opening.tsx`,B · Student OS / Human escalation offered,"Policy ceiling, data minimization, explicit purpose and source provenance; exact tool permission, content-free audit where required, refusal/recovery, evaluation and human handoff tests.",Exact partial row in the repository workflow audit. That label does not prove the full end-to-end completion contract.
AI#15,AI,15,Usage/spend logged,Existing but incomplete,P8,Governed AI request#15,exists,`app/server/institution/intelligence.ts`; `supabase/migrations/20261004170000_ai_spend_meter.sql`; `app/server/institution/intelligence-repository.ts`,B · Student OS / Usage/spend logged,"Policy ceiling, data minimization, explicit purpose and source provenance; exact tool permission, content-free audit where required, refusal/recovery, evaluation and human handoff tests.",Exact exists row in the repository workflow audit. That label does not prove the full end-to-end completion contract.
AI#16,AI,16,Audit/evaluation signal recorded,Existing but incomplete,P8,Governed AI request#16,exists,`app/server/institution/postgres-journal.ts`; `app/server/institution/intelligence.ts`; `app/server/institution/journal.ts`,none,"Policy ceiling, data minimization, explicit purpose and source provenance; exact tool permission, content-free audit where required, refusal/recovery, evaluation and human handoff tests.",Exact exists row in the repository workflow audit. That label does not prove the full end-to-end completion contract.
AI#17,AI,17,Feedback/correction captured,Existing but incomplete,P8,Governed AI request#17,exists,`app/src/ai/quality.ts`; `app/src/ai/Turns.tsx`; `app/src/lib/feedback.ts`; `app/src/components/SaySomething.tsx`,B · Student OS / Feedback/correction captured,"Policy ceiling, data minimization, explicit purpose and source provenance; exact tool permission, content-free audit where required, refusal/recovery, evaluation and human handoff tests.",Exact exists row in the repository workflow audit. That label does not prove the full end-to-end completion contract.
Support#1,Support,1,User searches help,Existing but incomplete,P7,Support request#1,partial,`app/src/screens/Search.tsx`; `app/src/lib/desk.ts`; `app/src/screens/Help.tsx`,none,"Minimum necessary student context and exact office role; tenant-scoped case state, status visibility, audit, safe escalation/recovery, rate controls and two-account tests.",Exact partial row in the repository workflow audit. That label does not prove the full end-to-end completion contract.
Support#2,Support,2,Opens support request,Existing but incomplete,P7,Support request#2,exists,`app/src/lib/supporttickets.ts`; `app/src/components/SupportTicketsPanel.tsx`; `supabase/migrations/20260928210000_support_tickets.sql`,none,"Minimum necessary student context and exact office role; tenant-scoped case state, status visibility, audit, safe escalation/recovery, rate controls and two-account tests.",Exact exists row in the repository workflow audit. That label does not prove the full end-to-end completion contract.
Support#3,Support,3,Minimum safe context captured,Existing but incomplete,P7,Support request#3,exists,`app/src/lib/supporttickets.ts`; `supabase/migrations/20260928210000_support_tickets.sql`,N · Operations Command Center (/ops) / Minimum safe context captured,"Minimum necessary student context and exact office role; tenant-scoped case state, status visibility, audit, safe escalation/recovery, rate controls and two-account tests.",Exact exists row in the repository workflow audit. That label does not prove the full end-to-end completion contract.
Support#4,Support,4,Categorized + severity,Existing but incomplete,P7,Support request#4,partial,`app/src/lib/supporttickets.ts`; `supabase/migrations/20260928210000_support_tickets.sql`,N · Operations Command Center (/ops) / Categorized + severity,"Minimum necessary student context and exact office role; tenant-scoped case state, status visibility, audit, safe escalation/recovery, rate controls and two-account tests.",Exact partial row in the repository workflow audit. That label does not prove the full end-to-end completion contract.
Support#5,Support,5,Routed to team/office,Existing but incomplete,P7,Support request#5,partial,`app/src/lib/help-routes.ts`; `supabase/migrations/20260927230000_help_requests.sql`; `app/src/components/GetHelp.tsx`,N · Operations Command Center (/ops) / Routed to team/office,"Minimum necessary student context and exact office role; tenant-scoped case state, status visibility, audit, safe escalation/recovery, rate controls and two-account tests.",Exact partial row in the repository workflow audit. That label does not prove the full end-to-end completion contract.
Support#6,Support,6,Owner accepts or routes,Existing but incomplete,P7,Support request#6,partial,`app/src/components/HelpInbox.tsx`; `app/src/lib/help-routes.ts`; `supabase/migrations/20260927230000_help_requests.sql`,N · Operations Command Center (/ops) / Owner accepts or routes,"Minimum necessary student context and exact office role; tenant-scoped case state, status visibility, audit, safe escalation/recovery, rate controls and two-account tests.",Exact partial row in the repository workflow audit. That label does not prove the full end-to-end completion contract.
Support#7,Support,7,User receives status,Existing but incomplete,P7,Support request#7,exists,`app/src/components/SupportTicketsPanel.tsx`; `app/src/lib/supporttickets.ts`; `supabase/functions/support-reply-notify/index.ts`,none,"Minimum necessary student context and exact office role; tenant-scoped case state, status visibility, audit, safe escalation/recovery, rate controls and two-account tests.",Exact exists row in the repository workflow audit. That label does not prove the full end-to-end completion contract.
Support#8,Support,8,Resolution delivered,Existing but incomplete,P7,Support request#8,exists,`app/src/components/console/SupportQueue.tsx`; `app/src/lib/supporttickets.ts`; `supabase/migrations/20260928210000_support_tickets.sql`,N · Operations Command Center (/ops) / Resolution delivered,"Minimum necessary student context and exact office role; tenant-scoped case state, status visibility, audit, safe escalation/recovery, rate controls and two-account tests.",Exact exists row in the repository workflow audit. That label does not prove the full end-to-end completion contract.
Support#9,Support,9,Confirm or close,Existing but incomplete,P7,Support request#9,exists,`app/src/components/SupportTicketsPanel.tsx`; `app/src/lib/supporttickets.ts`; `supabase/migrations/20260928210000_support_tickets.sql`,N · Operations Command Center (/ops) / Confirm or close,"Minimum necessary student context and exact office role; tenant-scoped case state, status visibility, audit, safe escalation/recovery, rate controls and two-account tests.",Exact exists row in the repository workflow audit. That label does not prove the full end-to-end completion contract.
Support#10,Support,10,Root cause tagged,Missing and in scope,P7,Support request#10,missing,app/src/components/HelpInbox.tsx; app/src/lib/help-routes.ts; app/server/institution/,N · Operations Command Center (/ops) / Root cause tagged,"Minimum necessary student context and exact office role; tenant-scoped case state, status visibility, audit, safe escalation/recovery, rate controls and two-account tests.","The repository audit records this workflow behavior as absent. Current scope permits a bounded implementation only after the recorded authority, data and dependency contract is satisfied."
Support#11,Support,11,Product/KB feedback loop,Existing but incomplete,P7,Support request#11,partial,`app/src/lib/momentfeedback.ts`; `app/src/components/FeedbackPanel.tsx`,none,"Minimum necessary student context and exact office role; tenant-scoped case state, status visibility, audit, safe escalation/recovery, rate controls and two-account tests.",Exact partial row in the repository workflow audit. That label does not prove the full end-to-end completion contract.
Support#12,Support,12,SLA and satisfaction recorded,Existing but incomplete,P7,Support request#12,partial,`supabase/migrations/20260928210000_support_tickets.sql`; `app/src/lib/supporttickets.ts`; `app/src/components/console/SupportQueue.tsx`,N · Operations Command Center (/ops) / SLA and satisfaction recorded,"Minimum necessary student context and exact office role; tenant-scoped case state, status visibility, audit, safe escalation/recovery, rate controls and two-account tests.",Exact partial row in the repository workflow audit. That label does not prove the full end-to-end completion contract.
Incident#1,Incident,1,Alert or report,Existing but incomplete,P3,Incident response#1,partial,`app/src/components/console/CommandCenter.tsx`; `app/src/lib/console/client.ts`; `app/public/status.html`,none,"Exact operations capability and staffed ownership; append-only incident timeline, approval for risky actions, communication authority, recovery/restore evidence and operator tests.",Exact partial row in the repository workflow audit. That label does not prove the full end-to-end completion contract.
Incident#2,Incident,2,Triage,Missing and in scope,P3,Incident response#2,missing,app/src/components/console/; app/src/lib/ops/; docs/INCIDENT-RECOVERY-PLAYBOOK.md,N · Operations Command Center (/ops) / Triage,"Exact operations capability and staffed ownership; append-only incident timeline, approval for risky actions, communication authority, recovery/restore evidence and operator tests.","The repository audit records this workflow behavior as absent. Current scope permits a bounded implementation only after the recorded authority, data and dependency contract is satisfied."
Incident#3,Incident,3,Severity declared,Missing and in scope,P3,Incident response#3,missing,app/src/components/console/; app/src/lib/ops/; docs/INCIDENT-RECOVERY-PLAYBOOK.md,N · Operations Command Center (/ops) / Severity declared,"Exact operations capability and staffed ownership; append-only incident timeline, approval for risky actions, communication authority, recovery/restore evidence and operator tests.","The repository audit records this workflow behavior as absent. Current scope permits a bounded implementation only after the recorded authority, data and dependency contract is satisfied."
Incident#4,Incident,4,Incident commander,Missing and in scope,P3,Incident response#4,missing,app/src/components/console/; app/src/lib/ops/; docs/INCIDENT-RECOVERY-PLAYBOOK.md,none,"Exact operations capability and staffed ownership; append-only incident timeline, approval for risky actions, communication authority, recovery/restore evidence and operator tests.","The repository audit records this workflow behavior as absent. Current scope permits a bounded implementation only after the recorded authority, data and dependency contract is satisfied."
Incident#5,Incident,5,Technical lead,Missing and in scope,P3,Incident response#5,missing,app/src/components/console/; app/src/lib/ops/; docs/INCIDENT-RECOVERY-PLAYBOOK.md,N · Operations Command Center (/ops) / Technical lead,"Exact operations capability and staffed ownership; append-only incident timeline, approval for risky actions, communication authority, recovery/restore evidence and operator tests.","The repository audit records this workflow behavior as absent. Current scope permits a bounded implementation only after the recorded authority, data and dependency contract is satisfied."
Incident#6,Incident,6,Communications lead,Missing and in scope,P3,Incident response#6,missing,app/src/components/console/; app/src/lib/ops/; docs/INCIDENT-RECOVERY-PLAYBOOK.md,N · Operations Command Center (/ops) / Communications lead,"Exact operations capability and staffed ownership; append-only incident timeline, approval for risky actions, communication authority, recovery/restore evidence and operator tests.","The repository audit records this workflow behavior as absent. Current scope permits a bounded implementation only after the recorded authority, data and dependency contract is satisfied."
Incident#7,Incident,7,Impact assessed,Missing and in scope,P3,Incident response#7,missing,app/src/components/console/; app/src/lib/ops/; docs/INCIDENT-RECOVERY-PLAYBOOK.md,none,"Exact operations capability and staffed ownership; append-only incident timeline, approval for risky actions, communication authority, recovery/restore evidence and operator tests.","The repository audit records this workflow behavior as absent. Current scope permits a bounded implementation only after the recorded authority, data and dependency contract is satisfied."
Incident#8,Incident,8,Risky releases paused,Existing but incomplete,P3,Incident response#8,partial,`app/src/components/institutional/IntegrationDashboard.tsx`; `app/src/components/console/Approvals.tsx`; `app/src/lib/ops/console.ts`,none,"Exact operations capability and staffed ownership; append-only incident timeline, approval for risky actions, communication authority, recovery/restore evidence and operator tests.",Exact partial row in the repository workflow audit. That label does not prove the full end-to-end completion contract.
Incident#9,Incident,9,Mitigation executed,Existing but incomplete,P3,Incident response#9,partial,`app/src/components/console/BreakGlass.tsx`; `app/src/components/institutional/IntegrationDashboard.tsx`; `app/src/lib/ops/console.ts`,N · Operations Command Center (/ops) / Mitigation executed,"Exact operations capability and staffed ownership; append-only incident timeline, approval for risky actions, communication authority, recovery/restore evidence and operator tests.",Exact partial row in the repository workflow audit. That label does not prove the full end-to-end completion contract.
Incident#10,Incident,10,Internal update,Missing and in scope,P3,Incident response#10,missing,app/src/components/console/; app/src/lib/ops/; docs/INCIDENT-RECOVERY-PLAYBOOK.md,N · Operations Command Center (/ops) / Internal update,"Exact operations capability and staffed ownership; append-only incident timeline, approval for risky actions, communication authority, recovery/restore evidence and operator tests.","The repository audit records this workflow behavior as absent. Current scope permits a bounded implementation only after the recorded authority, data and dependency contract is satisfied."
Incident#11,Incident,11,Customer update,Existing but incomplete,P3,Incident response#11,partial,`app/public/status.html`; `app/public/status-incidents.json`; `app/src/lib/statusnotice.ts`,none,"Exact operations capability and staffed ownership; append-only incident timeline, approval for risky actions, communication authority, recovery/restore evidence and operator tests.",Exact partial row in the repository workflow audit. That label does not prove the full end-to-end completion contract.
Incident#12,Incident,12,Recovery monitored,Existing but incomplete,P3,Incident response#12,partial,`app/public/status.html`; `app/scripts/status-history.mjs`; `.github/workflows/production-smoke.yml`,none,"Exact operations capability and staffed ownership; append-only incident timeline, approval for risky actions, communication authority, recovery/restore evidence and operator tests.",Exact partial row in the repository workflow audit. That label does not prove the full end-to-end completion contract.
Incident#13,Incident,13,Resolved,Existing but incomplete,P3,Incident response#13,partial,`app/public/status.html`; `app/src/lib/statusnotice.ts`,N · Operations Command Center (/ops) / Resolved,"Exact operations capability and staffed ownership; append-only incident timeline, approval for risky actions, communication authority, recovery/restore evidence and operator tests.",Exact partial row in the repository workflow audit. That label does not prove the full end-to-end completion contract.
Incident#14,Incident,14,Postmortem,Missing and in scope,P3,Incident response#14,missing,app/src/components/console/; app/src/lib/ops/; docs/INCIDENT-RECOVERY-PLAYBOOK.md,N · Operations Command Center (/ops) / Postmortem,"Exact operations capability and staffed ownership; append-only incident timeline, approval for risky actions, communication authority, recovery/restore evidence and operator tests.","The repository audit records this workflow behavior as absent. Current scope permits a bounded implementation only after the recorded authority, data and dependency contract is satisfied."
Incident#15,Incident,15,Corrective actions to Inbox,Missing and in scope,P3,Incident response#15,missing,app/src/components/console/; app/src/lib/ops/; docs/INCIDENT-RECOVERY-PLAYBOOK.md,none,"Exact operations capability and staffed ownership; append-only incident timeline, approval for risky actions, communication authority, recovery/restore evidence and operator tests.","The repository audit records this workflow behavior as absent. Current scope permits a bounded implementation only after the recorded authority, data and dependency contract is satisfied."
Incident#16,Incident,16,SLO/error budget reviewed,Existing but incomplete,P3,Incident response#16,partial,`app/src/lib/governance/error-budgets.ts`; `app/src/lib/sre/burn-alerts.ts`,none,"Exact operations capability and staffed ownership; append-only incident timeline, approval for risky actions, communication authority, recovery/restore evidence and operator tests.",Exact partial row in the repository workflow audit. That label does not prove the full end-to-end completion contract.
Incident#17,Incident,17,Release policy updated,Existing but incomplete,P3,Incident response#17,partial,`app/src/components/console/Approvals.tsx`; `app/src/lib/ops/console.ts`; `app/src/lib/governance/release-profiles.ts`,none,"Exact operations capability and staffed ownership; append-only incident timeline, approval for risky actions, communication authority, recovery/restore evidence and operator tests.",Exact partial row in the repository workflow audit. That label does not prove the full end-to-end completion contract.
Domain migration#1,Domain migration,1,Domain inventory,Existing but incomplete,P6,Domain migration#1,partial,`app/src/components/institutional/MigrationCenter.tsx`; `app/src/lib/migration/center.ts`; `supabase/migrations/20260929200000_migration_center.sql`,L · Integrations / Domain inventory,"Approved data owner and mapping; staged validation, conflict handling, reconciliation/dual run, institution acceptance, reversible cutover, retention and migration tests.",Exact partial row in the repository workflow audit. That label does not prove the full end-to-end completion contract.
Domain migration#2,Domain migration,2,Source data inventory,Existing but incomplete,P6,Domain migration#2,partial,`app/src/components/institutional/MigrationCenter.tsx`; `app/src/lib/migration/center.ts`; `supabase/migrations/20260929200000_migration_center.sql`,none,"Approved data owner and mapping; staged validation, conflict handling, reconciliation/dual run, institution acceptance, reversible cutover, retention and migration tests.",Exact partial row in the repository workflow audit. That label does not prove the full end-to-end completion contract.
Domain migration#3,Domain migration,3,Field mapping,Existing but incomplete,P6,Domain migration#3,exists,`app/src/components/institutional/MigrationCenter.tsx`; `app/src/lib/migration/center.ts`; `supabase/migrations/20260929200000_migration_center.sql`,none,"Approved data owner and mapping; staged validation, conflict handling, reconciliation/dual run, institution acceptance, reversible cutover, retention and migration tests.",Exact exists row in the repository workflow audit. That label does not prove the full end-to-end completion contract.
Domain migration#4,Domain migration,4,Data classification,Existing but incomplete,P6,Domain migration#4,exists,`app/src/components/institutional/MigrationCenter.tsx`; `app/src/lib/migration/center.ts`; `supabase/migrations/20260929200000_migration_center.sql`,none,"Approved data owner and mapping; staged validation, conflict handling, reconciliation/dual run, institution acceptance, reversible cutover, retention and migration tests.",Exact exists row in the repository workflow audit. That label does not prove the full end-to-end completion contract.
Domain migration#5,Domain migration,5,Import staging,Existing but incomplete,P6,Domain migration#5,partial,`app/src/components/institutional/MigrationCenter.tsx`; `app/src/lib/migration/center.ts`; `app/src/lib/interop.ts`,none,"Approved data owner and mapping; staged validation, conflict handling, reconciliation/dual run, institution acceptance, reversible cutover, retention and migration tests.",Exact partial row in the repository workflow audit. That label does not prove the full end-to-end completion contract.
Domain migration#6,Domain migration,6,Validation,Existing but incomplete,P6,Domain migration#6,exists,`app/src/components/institutional/MigrationCenter.tsx`; `app/src/lib/migration/center.ts`; `supabase/migrations/20260929200000_migration_center.sql`,L · Integrations / Validation,"Approved data owner and mapping; staged validation, conflict handling, reconciliation/dual run, institution acceptance, reversible cutover, retention and migration tests.",Exact exists row in the repository workflow audit. That label does not prove the full end-to-end completion contract.
Domain migration#7,Domain migration,7,Duplicate/conflict resolution,Existing but incomplete,P6,Domain migration#7,partial,`app/src/components/institutional/MigrationCenter.tsx`; `app/src/lib/migration/center.ts`,none,"Approved data owner and mapping; staged validation, conflict handling, reconciliation/dual run, institution acceptance, reversible cutover, retention and migration tests.",Exact partial row in the repository workflow audit. That label does not prove the full end-to-end completion contract.
Domain migration#8,Domain migration,8,Reconciliation,Existing but incomplete,P6,Domain migration#8,exists,`app/src/components/institutional/MigrationCenter.tsx`; `app/src/lib/migration/center.ts`; `supabase/migrations/20260929200000_migration_center.sql`,none,"Approved data owner and mapping; staged validation, conflict handling, reconciliation/dual run, institution acceptance, reversible cutover, retention and migration tests.",Exact exists row in the repository workflow audit. That label does not prove the full end-to-end completion contract.
Domain migration#9,Domain migration,9,Dual run,Existing but incomplete,P6,Domain migration#9,exists,`app/src/components/institutional/MigrationCenter.tsx`; `app/src/lib/migration/center.ts`; `supabase/migrations/20260929200000_migration_center.sql`,L · Integrations / Dual run,"Approved data owner and mapping; staged validation, conflict handling, reconciliation/dual run, institution acceptance, reversible cutover, retention and migration tests.",Exact exists row in the repository workflow audit. That label does not prove the full end-to-end completion contract.
Domain migration#10,Domain migration,10,User acceptance,Existing but incomplete,P6,Domain migration#10,partial,`app/src/components/institutional/MigrationCenter.tsx`; `app/src/lib/migration/center.ts`,L · Integrations / User acceptance,"Approved data owner and mapping; staged validation, conflict handling, reconciliation/dual run, institution acceptance, reversible cutover, retention and migration tests.",Exact partial row in the repository workflow audit. That label does not prove the full end-to-end completion contract.
Domain migration#11,Domain migration,11,Institution approval,Existing but incomplete,P6,Domain migration#11,exists,`app/src/components/institutional/MigrationCenter.tsx`; `app/src/lib/migration/center.ts`; `supabase/migrations/20260929200000_migration_center.sql`,none,"Approved data owner and mapping; staged validation, conflict handling, reconciliation/dual run, institution acceptance, reversible cutover, retention and migration tests.",Exact exists row in the repository workflow audit. That label does not prove the full end-to-end completion contract.
Domain migration#12,Domain migration,12,Cutover,Existing but incomplete,P6,Domain migration#12,exists,`app/src/components/institutional/MigrationCenter.tsx`; `app/src/lib/migration/center.ts`; `supabase/migrations/20260929200000_migration_center.sql`,L · Integrations / Cutover,"Approved data owner and mapping; staged validation, conflict handling, reconciliation/dual run, institution acceptance, reversible cutover, retention and migration tests.",Exact exists row in the repository workflow audit. That label does not prove the full end-to-end completion contract.
Domain migration#13,Domain migration,13,Enhanced monitoring,Existing but incomplete,P6,Domain migration#13,exists,`app/src/components/institutional/MigrationCenter.tsx`; `app/src/lib/migration/center.ts`; `supabase/migrations/20260929200000_migration_center.sql`,L · Integrations / Enhanced monitoring,"Approved data owner and mapping; staged validation, conflict handling, reconciliation/dual run, institution acceptance, reversible cutover, retention and migration tests.",Exact exists row in the repository workflow audit. That label does not prove the full end-to-end completion contract.
Domain migration#14,Domain migration,14,Rollback window,Existing but incomplete,P6,Domain migration#14,partial,`app/src/components/institutional/MigrationCenter.tsx`; `app/src/lib/migration/center.ts`,L · Integrations / Rollback window,"Approved data owner and mapping; staged validation, conflict handling, reconciliation/dual run, institution acceptance, reversible cutover, retention and migration tests.",Exact partial row in the repository workflow audit. That label does not prove the full end-to-end completion contract.
Domain migration#15,Domain migration,15,Archive/export,Existing but incomplete,P6,Domain migration#15,partial,`app/src/components/institutional/MigrationCenter.tsx`; `app/src/lib/migration/center.ts`,none,"Approved data owner and mapping; staged validation, conflict handling, reconciliation/dual run, institution acceptance, reversible cutover, retention and migration tests.",Exact partial row in the repository workflow audit. That label does not prove the full end-to-end completion contract.
Domain migration#16,Domain migration,16,Legacy retirement,Missing and in scope,P6,Domain migration#16,missing,app/src/components/institutional/MigrationCenter.tsx; app/src/lib/migration/; app/server/institution/,L · Integrations / Legacy retirement,"Approved data owner and mapping; staged validation, conflict handling, reconciliation/dual run, institution acceptance, reversible cutover, retention and migration tests.","The repository audit records this workflow behavior as absent. Current scope permits a bounded implementation only after the recorded authority, data and dependency contract is satisfied."
Domain migration#17,Domain migration,17,Post-migration review,Existing but incomplete,P6,Domain migration#17,partial,`app/src/components/institutional/MigrationCenter.tsx`; `app/src/lib/migration/center.ts`,L · Integrations / Post-migration review,"Approved data owner and mapping; staged validation, conflict handling, reconciliation/dual run, institution acceptance, reversible cutover, retention and migration tests.",Exact partial row in the repository workflow audit. That label does not prove the full end-to-end completion contract.
Student finance#1,Student finance,1,Review student account,Existing but incomplete,P6,Student finance & payment#1,exists,`app/src/components/MyStudentAccount.tsx`; `app/src/lib/finance/mine.ts`; `app/src/screens/Bill.tsx`; `supabase/migrations/20260929220000_student_accounts.sql`,none,"Finance capability and official ledger/provider authority; validated/audited/idempotent changes, processor boundary, reversal/reconciliation, complete states and finance/RLS tests.",Exact exists row in the repository workflow audit. That label does not prove the full end-to-end completion contract.
Student finance#2,Student finance,2,Review charges and credits,Existing but incomplete,P6,Student finance & payment#2,exists,`app/src/components/MyStudentAccount.tsx`; `app/src/lib/finance/mine.ts`; `app/src/components/institutional/StudentAccounts.tsx`; `supabase/migrations/20260929220000_student_accounts.sql`,none,"Finance capability and official ledger/provider authority; validated/audited/idempotent changes, processor boundary, reversal/reconciliation, complete states and finance/RLS tests.",Exact exists row in the repository workflow audit. That label does not prove the full end-to-end completion contract.
Student finance#3,Student finance,3,See hold blocking registration,Existing but incomplete,P6,Student finance & payment#3,exists,`app/src/components/enrollment/StudentRegistration.tsx`; `app/src/lib/enrollment/client.ts`; `app/src/components/MyStudentAccount.tsx`; `supabase/migrations/20260929220000_student_accounts.sql`,none,"Finance capability and official ledger/provider authority; validated/audited/idempotent changes, processor boundary, reversal/reconciliation, complete states and finance/RLS tests.",Exact exists row in the repository workflow audit. That label does not prove the full end-to-end completion contract.
Student finance#4,Student finance,4,Open cost planner,Existing but incomplete,P6,Student finance & payment#4,exists,`app/src/screens/Costs.tsx`; `app/src/screens/Bill.tsx`; `app/src/lib/cost.ts`,none,"Finance capability and official ledger/provider authority; validated/audited/idempotent changes, processor boundary, reversal/reconciliation, complete states and finance/RLS tests.",Exact exists row in the repository workflow audit. That label does not prove the full end-to-end completion contract.
Student finance#5,Student finance,5,Request payment plan,Existing but incomplete,P6,Student finance & payment#5,exists,`app/src/components/MyStudentAccount.tsx`; `app/src/lib/finance/plans.ts`; `app/src/components/institutional/StudentAccounts.tsx`; `supabase/migrations/20260929220000_student_accounts.sql`,none,"Finance capability and official ledger/provider authority; validated/audited/idempotent changes, processor boundary, reversal/reconciliation, complete states and finance/RLS tests.",Exact exists row in the repository workflow audit. That label does not prove the full end-to-end completion contract.
Student finance#6,Student finance,6,Review plan terms,Existing but incomplete,P6,Student finance & payment#6,exists,`app/src/components/institutional/StudentAccounts.tsx`; `app/src/lib/finance/plans.ts`; `app/src/lib/finance/accounts.ts`; `supabase/migrations/20260929220000_student_accounts.sql`,none,"Finance capability and official ledger/provider authority; validated/audited/idempotent changes, processor boundary, reversal/reconciliation, complete states and finance/RLS tests.",Exact exists row in the repository workflow audit. That label does not prove the full end-to-end completion contract.
Student finance#7,Student finance,7,Accept payment plan,Existing but incomplete,P6,Student finance & payment#7,partial,`app/src/components/MyStudentAccount.tsx`; `app/src/components/institutional/StudentAccounts.tsx`; `app/src/lib/finance/plans.ts`,none,"Finance capability and official ledger/provider authority; validated/audited/idempotent changes, processor boundary, reversal/reconciliation, complete states and finance/RLS tests.",Exact partial row in the repository workflow audit. That label does not prove the full end-to-end completion contract.
Student finance#8,Student finance,8,Payment handoff to processor,Existing but incomplete,P6,Student finance & payment#8,partial,`app/src/components/MyStudentAccount.tsx`; `app/src/screens/Bill.tsx`,none,"Finance capability and official ledger/provider authority; validated/audited/idempotent changes, processor boundary, reversal/reconciliation, complete states and finance/RLS tests.",Exact partial row in the repository workflow audit. That label does not prove the full end-to-end completion contract.
Student finance#9,Student finance,9,Processor confirms payment,Existing but incomplete,P6,Student finance & payment#9,partial,`app/src/components/institutional/StudentAccounts.tsx`; `app/src/lib/finance/accounts.ts`; `supabase/migrations/20260929220000_student_accounts.sql`,none,"Finance capability and official ledger/provider authority; validated/audited/idempotent changes, processor boundary, reversal/reconciliation, complete states and finance/RLS tests.",Exact partial row in the repository workflow audit. That label does not prove the full end-to-end completion contract.
Student finance#10,Student finance,10,Reconcile payment with SIS,Existing but incomplete,P6,Student finance & payment#10,partial,`app/src/components/institutional/StudentAccounts.tsx`; `app/src/lib/finance/accounts.ts`; `app/src/lib/finance/api.ts`,none,"Finance capability and official ledger/provider authority; validated/audited/idempotent changes, processor boundary, reversal/reconciliation, complete states and finance/RLS tests.",Exact partial row in the repository workflow audit. That label does not prove the full end-to-end completion contract.
Student finance#11,Student finance,11,Release hold,Existing but incomplete,P6,Student finance & payment#11,partial,`app/src/components/institutional/StudentAccounts.tsx`; `app/src/lib/finance/accounts.ts`; `supabase/migrations/20260929220000_student_accounts.sql`,none,"Finance capability and official ledger/provider authority; validated/audited/idempotent changes, processor boundary, reversal/reconciliation, complete states and finance/RLS tests.",Exact partial row in the repository workflow audit. That label does not prove the full end-to-end completion contract.
Student finance#12,Student finance,12,Notify student of hold release,Missing and in scope,P6,Student finance & payment#12,missing,app/src/components/MyStudentAccount.tsx; app/src/components/institutional/StudentAccounts.tsx; app/src/lib/finance/,none,"Finance capability and official ledger/provider authority; validated/audited/idempotent changes, processor boundary, reversal/reconciliation, complete states and finance/RLS tests.","The repository audit records this workflow behavior as absent. Current scope permits a bounded implementation only after the recorded authority, data and dependency contract is satisfied."
Student finance#13,Student finance,13,Request refund status,Existing but incomplete,P6,Student finance & payment#13,partial,`app/src/components/MyStudentAccount.tsx`; `app/src/lib/finance/mine.ts`; `app/src/components/institutional/StudentAccounts.tsx`,none,"Finance capability and official ledger/provider authority; validated/audited/idempotent changes, processor boundary, reversal/reconciliation, complete states and finance/RLS tests.",Exact partial row in the repository workflow audit. That label does not prove the full end-to-end completion contract.
Student finance#14,Student finance,14,Financial-aid handoff,Existing but incomplete,P6,Student finance & payment#14,partial,`app/src/lib/help-routes.ts`; `app/src/lib/ask-human.ts`; `app/src/components/AskAHuman.tsx`,none,"Finance capability and official ledger/provider authority; validated/audited/idempotent changes, processor boundary, reversal/reconciliation, complete states and finance/RLS tests.",Exact partial row in the repository workflow audit. That label does not prove the full end-to-end completion contract.
Student finance#15,Student finance,15,Emergency support request,Existing but incomplete,P6,Student finance & payment#15,partial,`app/src/lib/support.ts`; `app/src/screens/Support.tsx`; `app/src/lib/ask-human.ts`,none,"Finance capability and official ledger/provider authority; validated/audited/idempotent changes, processor boundary, reversal/reconciliation, complete states and finance/RLS tests.",Exact partial row in the repository workflow audit. That label does not prove the full end-to-end completion contract.
Student finance#16,Student finance,16,Audit ledger reviewed,Existing but incomplete,P6,Student finance & payment#16,partial,`app/src/components/institutional/StudentAccounts.tsx`; `app/src/lib/finance/accounts.ts`; `supabase/migrations/20260929220000_student_accounts.sql`,none,"Finance capability and official ledger/provider authority; validated/audited/idempotent changes, processor boundary, reversal/reconciliation, complete states and finance/RLS tests.",Exact partial row in the repository workflow audit. That label does not prove the full end-to-end completion contract.
Campus services#1,Campus services,1,Open campus map,Existing but incomplete,P7,Campus services#1,exists,`app/src/screens/Maps.tsx`; `app/src/lib/findplace.ts`; `app/src/components/LiveMap.tsx`,none,"Authorized campus source and least-privilege role; purpose-limited data, official-office handoff for sensitive decisions, freshness, recovery, complete states and role tests.",Exact exists row in the repository workflow audit. That label does not prove the full end-to-end completion contract.
Campus services#2,Campus services,2,Find study space,Existing but incomplete,P7,Campus services#2,partial,`app/src/components/RoomsNow.tsx`; `app/src/lib/room-availability.ts`; `supabase/migrations/20260928041700_space_availability.sql`,none,"Authorized campus source and least-privilege role; purpose-limited data, official-office handoff for sensitive decisions, freshness, recovery, complete states and role tests.",Exact partial row in the repository workflow audit. That label does not prove the full end-to-end completion contract.
Campus services#3,Campus services,3,Check dining hours and menus,Existing but incomplete,P7,Campus services#3,exists,`app/src/screens/Dining.tsx`; `app/src/lib/dining/locations.ts`; `app/src/lib/dining/client.ts`,none,"Authorized campus source and least-privilege role; purpose-limited data, official-office handoff for sensitive decisions, freshness, recovery, complete states and role tests.",Exact exists row in the repository workflow audit. That label does not prove the full end-to-end completion contract.
Campus services#4,Campus services,4,Order dining,Existing but incomplete,P7,Campus services#4,exists,`app/src/screens/Dining.tsx`; `app/src/lib/dining/orders.ts`; `app/src/lib/dining/client.ts`,none,"Authorized campus source and least-privilege role; purpose-limited data, official-office handoff for sensitive decisions, freshness, recovery, complete states and role tests.",Exact exists row in the repository workflow audit. That label does not prove the full end-to-end completion contract.
Campus services#5,Campus services,5,Pay with meal balance,Existing but incomplete,P7,Campus services#5,exists,`app/src/screens/Dining.tsx`; `app/src/lib/dining/orders.ts`; `app/src/lib/dining/ledger.ts`,none,"Authorized campus source and least-privilege role; purpose-limited data, official-office handoff for sensitive decisions, freshness, recovery, complete states and role tests.",Exact exists row in the repository workflow audit. That label does not prove the full end-to-end completion contract.
Campus services#6,Campus services,6,Pick up order,Existing but incomplete,P7,Campus services#6,exists,`app/src/components/dining/Counter.tsx`; `app/src/lib/dining/orders.ts`; `app/src/lib/dining/client.ts`,none,"Authorized campus source and least-privilege role; purpose-limited data, official-office handoff for sensitive decisions, freshness, recovery, complete states and role tests.",Exact exists row in the repository workflow audit. That label does not prove the full end-to-end completion contract.
Campus services#7,Campus services,7,Donate meal swipes to pool,Existing but incomplete,P7,Campus services#7,exists,`app/src/screens/Dining.tsx`; `app/src/lib/dining/sharing.ts`; `app/src/lib/dining/client.ts`,none,"Authorized campus source and least-privilege role; purpose-limited data, official-office handoff for sensitive decisions, freshness, recovery, complete states and role tests.",Exact exists row in the repository workflow audit. That label does not prove the full end-to-end completion contract.
Campus services#8,Campus services,8,Submit housing maintenance request,Missing and in scope,P7,Campus services#8,missing,app/src/screens/University.tsx; app/src/screens/Housing.tsx; app/src/components/dining/; app/server/institution/,none,"Authorized campus source and least-privilege role; purpose-limited data, official-office handoff for sensitive decisions, freshness, recovery, complete states and role tests.","The repository audit records this workflow behavior as absent. Current scope permits a bounded implementation only after the recorded authority, data and dependency contract is satisfied."
Campus services#9,Campus services,9,Housing staff accepts request,Missing and in scope,P7,Campus services#9,missing,app/src/screens/University.tsx; app/src/screens/Housing.tsx; app/src/components/dining/; app/server/institution/,none,"Authorized campus source and least-privilege role; purpose-limited data, official-office handoff for sensitive decisions, freshness, recovery, complete states and role tests.","The repository audit records this workflow behavior as absent. Current scope permits a bounded implementation only after the recorded authority, data and dependency contract is satisfied."
Campus services#10,Campus services,10,Request resolved,Missing and in scope,P7,Campus services#10,missing,app/src/screens/University.tsx; app/src/screens/Housing.tsx; app/src/components/dining/; app/server/institution/,G · Campus life / Request resolved,"Authorized campus source and least-privilege role; purpose-limited data, official-office handoff for sensitive decisions, freshness, recovery, complete states and role tests.","The repository audit records this workflow behavior as absent. Current scope permits a bounded implementation only after the recorded authority, data and dependency contract is satisfied."
Campus services#11,Campus services,11,Find accessibility services,Existing but incomplete,P7,Campus services#11,exists,`app/src/screens/Support.tsx`; `app/src/lib/support.ts`,none,"Authorized campus source and least-privilege role; purpose-limited data, official-office handoff for sensitive decisions, freshness, recovery, complete states and role tests.",Exact exists row in the repository workflow audit. That label does not prove the full end-to-end completion contract.
Campus services#12,Campus services,12,Request accommodation,Existing but incomplete,P7,Campus services#12,partial,`app/src/lib/support.ts`; `app/src/lib/help-routes.ts`,G · Campus life / Request accommodation,"Authorized campus source and least-privilege role; purpose-limited data, official-office handoff for sensitive decisions, freshness, recovery, complete states and role tests.",Exact partial row in the repository workflow audit. That label does not prove the full end-to-end completion contract.
Campus services#13,Campus services,13,Accommodation approved,"Blocked by external authority, credentials, vendor, environment, legal review, staffing, or institutional decision",P7,Campus services#13,missing,app/src/screens/University.tsx; app/src/screens/Housing.tsx; app/src/components/dining/; app/server/institution/,G · Campus life / Accommodation approved,"Authorized campus source and least-privilege role; purpose-limited data, official-office handoff for sensitive decisions, freshness, recovery, complete states and role tests.",An accommodation decision belongs to the authorized institutional accessibility office and source system. The repository can route a request but cannot issue or fabricate approval.
Campus services#14,Campus services,14,Find safety resources,Existing but incomplete,P7,Campus services#14,exists,`app/src/screens/Support.tsx`; `app/src/lib/support.ts`,none,"Authorized campus source and least-privilege role; purpose-limited data, official-office handoff for sensitive decisions, freshness, recovery, complete states and role tests.",Exact exists row in the repository workflow audit. That label does not prove the full end-to-end completion contract.
Campus services#15,Campus services,15,Wellness handoff,Existing but incomplete,P7,Campus services#15,partial,`app/src/screens/Support.tsx`; `app/src/lib/support.ts`; `app/src/lib/help-routes.ts`,none,"Authorized campus source and least-privilege role; purpose-limited data, official-office handoff for sensitive decisions, freshness, recovery, complete states and role tests.",Exact partial row in the repository workflow audit. That label does not prove the full end-to-end completion contract.
Community & moderation#1,Community & moderation,1,Set profile visibility per field,Documentation or roadmap only,P7,Community & moderation#1,missing,app/src/screens/Community.tsx; app/src/components/community/; app/src/lib/communitiesregister.ts,H · Community & moderation / Set profile visibility per field,"Community membership/moderation capability; privacy and safety boundaries, audited moderation, appeal/recovery, abuse/rate controls and tenant-isolation tests; no declined marketplace model.",Per-field campus-directory visibility remains a roadmap concept under D-1287; the current product shares only bounded handles and explicit grants.
Community & moderation#2,Community & moderation,2,Choose alias for public posts,Existing but incomplete,P7,Community & moderation#2,exists,`app/src/components/community/AliasPanel.tsx`; `app/src/community/alias.ts`; `app/src/screens/Community.tsx`; `app/src/community/client.ts`,none,"Community membership/moderation capability; privacy and safety boundaries, audited moderation, appeal/recovery, abuse/rate controls and tenant-isolation tests; no declined marketplace model.",Exact exists row in the repository workflow audit. That label does not prove the full end-to-end completion contract.
Community & moderation#3,Community & moderation,3,Join course community,Existing but incomplete,P7,Community & moderation#3,exists,`app/src/screens/Community.tsx`; `app/src/community/client.ts`,none,"Community membership/moderation capability; privacy and safety boundaries, audited moderation, appeal/recovery, abuse/rate controls and tenant-isolation tests; no declined marketplace model.",Exact exists row in the repository workflow audit. That label does not prove the full end-to-end completion contract.
Community & moderation#4,Community & moderation,4,Join organization space,Existing but incomplete,P7,Community & moderation#4,exists,`app/src/screens/Community.tsx`; `app/src/community/client.ts`; `app/src/community/communities.ts`,none,"Community membership/moderation capability; privacy and safety boundaries, audited moderation, appeal/recovery, abuse/rate controls and tenant-isolation tests; no declined marketplace model.",Exact exists row in the repository workflow audit. That label does not prove the full end-to-end completion contract.
Community & moderation#5,Community & moderation,5,Create post,Existing but incomplete,P7,Community & moderation#5,exists,`app/src/screens/Community.tsx`; `app/src/components/community/Composer.tsx`; `app/src/community/client.ts`,none,"Community membership/moderation capability; privacy and safety boundaries, audited moderation, appeal/recovery, abuse/rate controls and tenant-isolation tests; no declined marketplace model.",Exact exists row in the repository workflow audit. That label does not prove the full end-to-end completion contract.
Community & moderation#6,Community & moderation,6,AI pre-screen public post,Existing but incomplete,P7,Community & moderation#6,partial,`app/src/community/detectors.ts`; `app/src/components/community/Composer.tsx`; `supabase/migrations/20260928032000_community.sql`,none,"Community membership/moderation capability; privacy and safety boundaries, audited moderation, appeal/recovery, abuse/rate controls and tenant-isolation tests; no declined marketplace model.",Exact partial row in the repository workflow audit. That label does not prove the full end-to-end completion contract.
Community & moderation#7,Community & moderation,7,Post published,Existing but incomplete,P7,Community & moderation#7,exists,`app/src/screens/Community.tsx`; `app/src/community/client.ts`,none,"Community membership/moderation capability; privacy and safety boundaries, audited moderation, appeal/recovery, abuse/rate controls and tenant-isolation tests; no declined marketplace model.",Exact exists row in the repository workflow audit. That label does not prove the full end-to-end completion contract.
Community & moderation#8,Community & moderation,8,Ask question in Q&A,Existing but incomplete,P7,Community & moderation#8,partial,`app/src/community/questions.ts`; `app/src/lib/communitiesregister.ts`,none,"Community membership/moderation capability; privacy and safety boundaries, audited moderation, appeal/recovery, abuse/rate controls and tenant-isolation tests; no declined marketplace model.",Exact partial row in the repository workflow audit. That label does not prove the full end-to-end completion contract.
Community & moderation#9,Community & moderation,9,Answer endorsed by TA,Missing and in scope,P7,Community & moderation#9,missing,app/src/screens/Community.tsx; app/src/components/community/; app/src/lib/communitiesregister.ts,H · Community & moderation / Answer endorsed by TA,"Community membership/moderation capability; privacy and safety boundaries, audited moderation, appeal/recovery, abuse/rate controls and tenant-isolation tests; no declined marketplace model.","The repository audit records this workflow behavior as absent. Current scope permits a bounded implementation only after the recorded authority, data and dependency contract is satisfied."
Community & moderation#10,Community & moderation,10,Create marketplace listing,Intentionally excluded with a repository-backed rationale,P7,Community & moderation#10,missing,app/src/screens/Community.tsx; app/src/components/community/; app/src/lib/communitiesregister.ts,H · Community & moderation / Create marketplace listing,"Community membership/moderation capability; privacy and safety boundaries, audited moderation, appeal/recovery, abuse/rate controls and tenant-isolation tests; no declined marketplace model.",D-1287 declines the marketplace/directory model; no newer decision authorizes listings.
Community & moderation#11,Community & moderation,11,Integrity filter checks listing,Intentionally excluded with a repository-backed rationale,P7,Community & moderation#11,missing,app/src/screens/Community.tsx; app/src/components/community/; app/src/lib/communitiesregister.ts,H · Community & moderation / Integrity filter checks listing,"Community membership/moderation capability; privacy and safety boundaries, audited moderation, appeal/recovery, abuse/rate controls and tenant-isolation tests; no declined marketplace model.","The declined marketplace has no listing to scan, and D-1298 separately rejects importing the archive free-text scanner."
Community & moderation#12,Community & moderation,12,Make offer in chat,Intentionally excluded with a repository-backed rationale,P7,Community & moderation#12,missing,app/src/screens/Community.tsx; app/src/components/community/; app/src/lib/communitiesregister.ts,H · Community & moderation / Make offer in chat,"Community membership/moderation capability; privacy and safety boundaries, audited moderation, appeal/recovery, abuse/rate controls and tenant-isolation tests; no declined marketplace model.",D-1287 declines marketplace commerce and chat offers; current community scope does not include them.
Community & moderation#13,Community & moderation,13,Arrange safe meet-up,Intentionally excluded with a repository-backed rationale,P7,Community & moderation#13,missing,app/src/screens/Community.tsx; app/src/components/community/; app/src/lib/communitiesregister.ts,H · Community & moderation / Arrange safe meet-up,"Community membership/moderation capability; privacy and safety boundaries, audited moderation, appeal/recovery, abuse/rate controls and tenant-isolation tests; no declined marketplace model.",D-1287 declines marketplace meet-up flows; current community sessions do not authorize a commerce handoff.
Community & moderation#14,Community & moderation,14,Report content,Existing but incomplete,P7,Community & moderation#14,exists,`app/src/components/community/ReportSheet.tsx`; `app/src/screens/Community.tsx`; `app/src/community/client.ts`,none,"Community membership/moderation capability; privacy and safety boundaries, audited moderation, appeal/recovery, abuse/rate controls and tenant-isolation tests; no declined marketplace model.",Exact exists row in the repository workflow audit. That label does not prove the full end-to-end completion contract.
Community & moderation#15,Community & moderation,15,Moderator reviews report,Existing but incomplete,P7,Community & moderation#15,exists,`app/src/screens/Moderation.tsx`; `app/src/community/client.ts`; `app/src/community/moderation.ts`,none,"Community membership/moderation capability; privacy and safety boundaries, audited moderation, appeal/recovery, abuse/rate controls and tenant-isolation tests; no declined marketplace model.",Exact exists row in the repository workflow audit. That label does not prove the full end-to-end completion contract.
Community & moderation#16,Community & moderation,16,Remove content or warn,Existing but incomplete,P7,Community & moderation#16,exists,`app/src/screens/Moderation.tsx`; `app/src/community/client.ts`; `supabase/migrations/20260928032000_community.sql`,none,"Community membership/moderation capability; privacy and safety boundaries, audited moderation, appeal/recovery, abuse/rate controls and tenant-isolation tests; no declined marketplace model.",Exact exists row in the repository workflow audit. That label does not prove the full end-to-end completion contract.
Community & moderation#17,Community & moderation,17,Student appeals,Existing but incomplete,P7,Community & moderation#17,exists,`app/src/screens/Community.tsx`; `app/src/community/client.ts`; `supabase/migrations/20261004130000_community_appeal_window.sql`,none,"Community membership/moderation capability; privacy and safety boundaries, audited moderation, appeal/recovery, abuse/rate controls and tenant-isolation tests; no declined marketplace model.",Exact exists row in the repository workflow audit. That label does not prove the full end-to-end completion contract.
Community & moderation#18,Community & moderation,18,Appeal decided,Existing but incomplete,P7,Community & moderation#18,exists,`app/src/screens/Moderation.tsx`; `app/src/community/client.ts`; `supabase/migrations/20260928032000_community.sql`,none,"Community membership/moderation capability; privacy and safety boundaries, audited moderation, appeal/recovery, abuse/rate controls and tenant-isolation tests; no declined marketplace model.",Exact exists row in the repository workflow audit. That label does not prove the full end-to-end completion contract.
Community & moderation#19,Community & moderation,19,Safety escalation,Existing but incomplete,P7,Community & moderation#19,exists,`app/src/components/community/Escalation.tsx`; `app/src/screens/Moderation.tsx`; `app/src/community/client.ts`,none,"Community membership/moderation capability; privacy and safety boundaries, audited moderation, appeal/recovery, abuse/rate controls and tenant-isolation tests; no declined marketplace model.",Exact exists row in the repository workflow audit. That label does not prove the full end-to-end completion contract.
Community & moderation#20,Community & moderation,20,Community health reviewed,Existing but incomplete,P7,Community & moderation#20,partial,`app/src/screens/Moderation.tsx`; `app/src/community/client.ts`,none,"Community membership/moderation capability; privacy and safety boundaries, audited moderation, appeal/recovery, abuse/rate controls and tenant-isolation tests; no declined marketplace model.",Exact partial row in the repository workflow audit. That label does not prove the full end-to-end completion contract.
Career & employer#1,Career & employer,1,Build skills profile,Existing but incomplete,P7,"Career, employer & alumni#1",exists,`app/src/screens/Career.tsx`; `app/src/lib/skills-graph.ts`; `app/src/components/SkillsGraph.tsx`,none,"Student-created evidence grant or verified career relationship; employer isolation from records, audited/revocable access, official-status provenance, complete states and cross-role tests.",Exact exists row in the repository workflow audit. That label does not prove the full end-to-end completion contract.
Career & employer#2,Career & employer,2,Add evidence to portfolio,Existing but incomplete,P7,"Career, employer & alumni#2",exists,`app/src/components/CareerEvidence.tsx`; `app/src/lib/career-evidence.ts`; `app/src/screens/Career.tsx`,none,"Student-created evidence grant or verified career relationship; employer isolation from records, audited/revocable access, official-status provenance, complete states and cross-role tests.",Exact exists row in the repository workflow audit. That label does not prove the full end-to-end completion contract.
Career & employer#3,Career & employer,3,Request skill verification,Missing and in scope,P7,"Career, employer & alumni#3",missing,app/src/screens/Career.tsx; app/src/components/VerifiedListings.tsx; app/server/institution/career.ts,none,"Student-created evidence grant or verified career relationship; employer isolation from records, audited/revocable access, official-status provenance, complete states and cross-role tests.","The repository audit records this workflow behavior as absent. Current scope permits a bounded implementation only after the recorded authority, data and dependency contract is satisfied."
Career & employer#4,Career & employer,4,Faculty verifies skill,Missing and in scope,P7,"Career, employer & alumni#4",missing,app/src/screens/Career.tsx; app/src/components/VerifiedListings.tsx; app/server/institution/career.ts,none,"Student-created evidence grant or verified career relationship; employer isolation from records, audited/revocable access, official-status provenance, complete states and cross-role tests.","The repository audit records this workflow behavior as absent. Current scope permits a bounded implementation only after the recorded authority, data and dependency contract is satisfied."
Career & employer#5,Career & employer,5,Generate resume from evidence,Existing but incomplete,P7,"Career, employer & alumni#5",exists,`app/src/screens/Career.tsx`; `app/src/lib/career-evidence.ts`,none,"Student-created evidence grant or verified career relationship; employer isolation from records, audited/revocable access, official-status provenance, complete states and cross-role tests.",Exact exists row in the repository workflow audit. That label does not prove the full end-to-end completion contract.
Career & employer#6,Career & employer,6,Search opportunities,Existing but incomplete,P7,"Career, employer & alumni#6",exists,`app/src/screens/Career.tsx`; `app/src/screens/Opportunities.tsx`,none,"Student-created evidence grant or verified career relationship; employer isolation from records, audited/revocable access, official-status provenance, complete states and cross-role tests.",Exact exists row in the repository workflow audit. That label does not prove the full end-to-end completion contract.
Career & employer#7,Career & employer,7,Employer posts internship,Missing and in scope,P7,"Career, employer & alumni#7",missing,app/src/screens/Career.tsx; app/src/components/VerifiedListings.tsx; app/server/institution/career.ts,none,"Student-created evidence grant or verified career relationship; employer isolation from records, audited/revocable access, official-status provenance, complete states and cross-role tests.","The repository audit records this workflow behavior as absent. Current scope permits a bounded implementation only after the recorded authority, data and dependency contract is satisfied."
Career & employer#8,Career & employer,8,Career staff approves posting,Missing and in scope,P7,"Career, employer & alumni#8",missing,app/src/screens/Career.tsx; app/src/components/VerifiedListings.tsx; app/server/institution/career.ts,none,"Student-created evidence grant or verified career relationship; employer isolation from records, audited/revocable access, official-status provenance, complete states and cross-role tests.","The repository audit records this workflow behavior as absent. Current scope permits a bounded implementation only after the recorded authority, data and dependency contract is satisfied."
Career & employer#9,Career & employer,9,Apply to internship,Existing but incomplete,P7,"Career, employer & alumni#9",partial,`app/server/institution/career.ts`; `app/server/institution/sandbox.ts`,none,"Student-created evidence grant or verified career relationship; employer isolation from records, audited/revocable access, official-status provenance, complete states and cross-role tests.",Exact partial row in the repository workflow audit. That label does not prove the full end-to-end completion contract.
Career & employer#10,Career & employer,10,Employer reviews approved evidence,Missing and in scope,P7,"Career, employer & alumni#10",missing,app/src/screens/Career.tsx; app/src/components/VerifiedListings.tsx; app/server/institution/career.ts,none,"Student-created evidence grant or verified career relationship; employer isolation from records, audited/revocable access, official-status provenance, complete states and cross-role tests.","The repository audit records this workflow behavior as absent. Current scope permits a bounded implementation only after the recorded authority, data and dependency contract is satisfied."
Career & employer#11,Career & employer,11,Book career appointment,Existing but incomplete,P7,"Career, employer & alumni#11",partial,`app/server/institution/advising.ts`; `app/server/institution/sandbox.ts`,none,"Student-created evidence grant or verified career relationship; employer isolation from records, audited/revocable access, official-status provenance, complete states and cross-role tests.",Exact partial row in the repository workflow audit. That label does not prove the full end-to-end completion contract.
Career & employer#12,Career & employer,12,Interview scheduled,Missing and in scope,P7,"Career, employer & alumni#12",missing,app/src/screens/Career.tsx; app/src/components/VerifiedListings.tsx; app/server/institution/career.ts,none,"Student-created evidence grant or verified career relationship; employer isolation from records, audited/revocable access, official-status provenance, complete states and cross-role tests.","The repository audit records this workflow behavior as absent. Current scope permits a bounded implementation only after the recorded authority, data and dependency contract is satisfied."
Career & employer#13,Career & employer,13,Offer recorded,Existing but incomplete,P7,"Career, employer & alumni#13",partial,`app/server/institution/career.ts`; `app/server/institution/sandbox.ts`,none,"Student-created evidence grant or verified career relationship; employer isolation from records, audited/revocable access, official-status provenance, complete states and cross-role tests.",Exact partial row in the repository workflow audit. That label does not prove the full end-to-end completion contract.
Career & employer#14,Career & employer,14,Career outcome captured,Missing and in scope,P7,"Career, employer & alumni#14",missing,app/src/screens/Career.tsx; app/src/components/VerifiedListings.tsx; app/server/institution/career.ts,none,"Student-created evidence grant or verified career relationship; employer isolation from records, audited/revocable access, official-status provenance, complete states and cross-role tests.","The repository audit records this workflow behavior as absent. Current scope permits a bounded implementation only after the recorded authority, data and dependency contract is satisfied."
Career & employer#15,Career & employer,15,Transition to alumni,Missing and in scope,P7,"Career, employer & alumni#15",missing,app/src/screens/Career.tsx; app/src/components/VerifiedListings.tsx; app/server/institution/career.ts,none,"Student-created evidence grant or verified career relationship; employer isolation from records, audited/revocable access, official-status provenance, complete states and cross-role tests.","The repository audit records this workflow behavior as absent. Current scope permits a bounded implementation only after the recorded authority, data and dependency contract is satisfied."
Career & employer#16,Career & employer,16,Alumni offers mentoring,Existing but incomplete,P7,"Career, employer & alumni#16",partial,`app/src/lib/mentors.ts`; `supabase/migrations/20260928021700_mentor_rosters.sql`; `app/src/components/MentorFinder.tsx`,none,"Student-created evidence grant or verified career relationship; employer isolation from records, audited/revocable access, official-status provenance, complete states and cross-role tests.",Exact partial row in the repository workflow audit. That label does not prove the full end-to-end completion contract.
Career & employer#17,Career & employer,17,Mentor matched with student,Existing but incomplete,P7,"Career, employer & alumni#17",exists,`app/src/components/MentorFinder.tsx`; `app/src/lib/mentors.ts`; `supabase/migrations/20260928021700_mentor_rosters.sql`,none,"Student-created evidence grant or verified career relationship; employer isolation from records, audited/revocable access, official-status provenance, complete states and cross-role tests.",Exact exists row in the repository workflow audit. That label does not prove the full end-to-end completion contract.
Career & employer#18,Career & employer,18,Continuing education enrolment,Documentation or roadmap only,P7,"Career, employer & alumni#18",missing,app/src/screens/Career.tsx; app/src/components/VerifiedListings.tsx; app/server/institution/career.ts,none,"Student-created evidence grant or verified career relationship; employer isolation from records, audited/revocable access, official-status provenance, complete states and cross-role tests.","Continuing-education enrollment is a roadmap concept without a current program, authority/data contract or repository owner."
Family consent#1,Family consent,1,Student opens family sharing,Existing but incomplete,P7,Family & guardian consent#1,exists,`app/src/screens/Family.tsx`; `app/src/components/FamilyInvite.tsx`,none,"Student-created delegated grant; field-minimized scope, expiry/revocation/read audit, no independent record access, complete states and two-account tests.",Exact exists row in the repository workflow audit. That label does not prove the full end-to-end completion contract.
Family consent#2,Family consent,2,Choose information categories,Existing but incomplete,P7,Family & guardian consent#2,exists,`app/src/screens/Family.tsx`; `app/src/lib/family.ts`,none,"Student-created delegated grant; field-minimized scope, expiry/revocation/read audit, no independent record access, complete states and two-account tests.",Exact exists row in the repository workflow audit. That label does not prove the full end-to-end completion contract.
Family consent#3,Family consent,3,Set access expiry,Existing but incomplete,P7,Family & guardian consent#3,exists,`app/src/screens/Family.tsx`; `app/src/lib/familyinvites.ts`,none,"Student-created delegated grant; field-minimized scope, expiry/revocation/read audit, no independent record access, complete states and two-account tests.",Exact exists row in the repository workflow audit. That label does not prove the full end-to-end completion contract.
Family consent#4,Family consent,4,Send consent invitation,Existing but incomplete,P7,Family & guardian consent#4,exists,`app/src/components/FamilyInvite.tsx`; `app/src/lib/familyinvites.ts`; `supabase/migrations/20260928306000_family_invites.sql`,none,"Student-created delegated grant; field-minimized scope, expiry/revocation/read audit, no independent record access, complete states and two-account tests.",Exact exists row in the repository workflow audit. That label does not prove the full end-to-end completion contract.
Family consent#5,Family consent,5,Guardian confirms relationship,Existing but incomplete,P7,Family & guardian consent#5,partial,`app/src/components/FamilyInvite.tsx`; `supabase/migrations/20260928306000_family_invites.sql`,none,"Student-created delegated grant; field-minimized scope, expiry/revocation/read audit, no independent record access, complete states and two-account tests.",Exact partial row in the repository workflow audit. That label does not prove the full end-to-end completion contract.
Family consent#6,Family consent,6,Guardian accepts scope,Existing but incomplete,P7,Family & guardian consent#6,partial,`app/src/components/FamilyInvite.tsx`; `app/src/lib/familyinvites.ts`,none,"Student-created delegated grant; field-minimized scope, expiry/revocation/read audit, no independent record access, complete states and two-account tests.",Exact partial row in the repository workflow audit. That label does not prove the full end-to-end completion contract.
Family consent#7,Family consent,7,Guardian views shared items,Existing but incomplete,P7,Family & guardian consent#7,exists,`app/src/components/SharedWithYou.tsx`; `app/src/lib/familyshare.ts`; `supabase/migrations/20260928307000_family_shared_items.sql`,none,"Student-created delegated grant; field-minimized scope, expiry/revocation/read audit, no independent record access, complete states and two-account tests.",Exact exists row in the repository workflow audit. That label does not prove the full end-to-end completion contract.
Family consent#8,Family consent,8,Billing/support handoff,Missing and in scope,P7,Family & guardian consent#8,missing,app/src/screens/Family.tsx; app/src/components/FamilySharing.tsx; app/src/lib/familyshare.ts,none,"Student-created delegated grant; field-minimized scope, expiry/revocation/read audit, no independent record access, complete states and two-account tests.","The repository audit records this workflow behavior as absent. Current scope permits a bounded implementation only after the recorded authority, data and dependency contract is satisfied."
Family consent#9,Family consent,9,Access history reviewed,Existing but incomplete,P7,Family & guardian consent#9,exists,`app/src/components/FamilyInvite.tsx`; `app/src/lib/familyshare.ts`; `supabase/migrations/20260928307000_family_shared_items.sql`,none,"Student-created delegated grant; field-minimized scope, expiry/revocation/read audit, no independent record access, complete states and two-account tests.",Exact exists row in the repository workflow audit. That label does not prove the full end-to-end completion contract.
Family consent#10,Family consent,10,Student narrows scope,Existing but incomplete,P7,Family & guardian consent#10,partial,`app/src/components/FamilyInvite.tsx`; `app/src/lib/familyshare.ts`,none,"Student-created delegated grant; field-minimized scope, expiry/revocation/read audit, no independent record access, complete states and two-account tests.",Exact partial row in the repository workflow audit. That label does not prove the full end-to-end completion contract.
Family consent#11,Family consent,11,Student revokes access,Existing but incomplete,P7,Family & guardian consent#11,exists,`app/src/components/FamilyInvite.tsx`; `app/src/lib/familyshare.ts`; `app/src/lib/familyinvites.ts`,none,"Student-created delegated grant; field-minimized scope, expiry/revocation/read audit, no independent record access, complete states and two-account tests.",Exact exists row in the repository workflow audit. That label does not prove the full end-to-end completion contract.
Family consent#12,Family consent,12,Access expires automatically,Existing but incomplete,P7,Family & guardian consent#12,exists,`supabase/migrations/20260928307000_family_shared_items.sql`; `app/src/lib/familyshare.ts`,none,"Student-created delegated grant; field-minimized scope, expiry/revocation/read audit, no independent record access, complete states and two-account tests.",Exact exists row in the repository workflow audit. That label does not prove the full end-to-end completion contract.
Family consent#13,Family consent,13,Audit retained,Existing but incomplete,P7,Family & guardian consent#13,partial,`supabase/migrations/20260928307000_family_shared_items.sql`; `app/src/lib/familyshare.ts`,I · Family & guardian / Audit retained,"Student-created delegated grant; field-minimized scope, expiry/revocation/read audit, no independent record access, complete states and two-account tests.",Exact partial row in the repository workflow audit. That label does not prove the full end-to-end completion contract.
Developer platform#1,Developer platform,1,Partner applies,Documentation or roadmap only,P9,Developer platform & marketplace#1,missing,docs/API-PLATFORM.md; docs/decisions/D-1287.md,L · Integrations / Partner applies,"No production acceptance contract exists: D-1287 retains this as a roadmap concept requiring a newer decision, product owner, tenant/data contract and security model.",D-1287 retains the developer platform and marketplace as a roadmap concept. Partial technical primitives do not authorize a partner product or marketplace lifecycle.
Developer platform#2,Developer platform,2,Partner agreement signed,Documentation or roadmap only,P9,Developer platform & marketplace#2,missing,docs/API-PLATFORM.md; docs/decisions/D-1287.md,L · Integrations / Partner agreement signed,"No production acceptance contract exists: D-1287 retains this as a roadmap concept requiring a newer decision, product owner, tenant/data contract and security model.",D-1287 retains the developer platform and marketplace as a roadmap concept. Partial technical primitives do not authorize a partner product or marketplace lifecycle.
Developer platform#3,Developer platform,3,Sandbox tenant created,Documentation or roadmap only,P9,Developer platform & marketplace#3,missing,docs/API-PLATFORM.md; docs/decisions/D-1287.md,L · Integrations / Sandbox tenant created,"No production acceptance contract exists: D-1287 retains this as a roadmap concept requiring a newer decision, product owner, tenant/data contract and security model.",D-1287 retains the developer platform and marketplace as a roadmap concept. Partial technical primitives do not authorize a partner product or marketplace lifecycle.
Developer platform#4,Developer platform,4,Request data scopes,Documentation or roadmap only,P9,Developer platform & marketplace#4,missing,docs/API-PLATFORM.md; docs/decisions/D-1287.md,none,"No production acceptance contract exists: D-1287 retains this as a roadmap concept requiring a newer decision, product owner, tenant/data contract and security model.",D-1287 retains the developer platform and marketplace as a roadmap concept. Partial technical primitives do not authorize a partner product or marketplace lifecycle.
Developer platform#5,Developer platform,5,Security review of app,Documentation or roadmap only,P9,Developer platform & marketplace#5,missing,docs/API-PLATFORM.md; docs/decisions/D-1287.md,none,"No production acceptance contract exists: D-1287 retains this as a roadmap concept requiring a newer decision, product owner, tenant/data contract and security model.",D-1287 retains the developer platform and marketplace as a roadmap concept. Partial technical primitives do not authorize a partner product or marketplace lifecycle.
Developer platform#6,Developer platform,6,Scopes approved,Documentation or roadmap only,P9,Developer platform & marketplace#6,missing,docs/API-PLATFORM.md; docs/decisions/D-1287.md,none,"No production acceptance contract exists: D-1287 retains this as a roadmap concept requiring a newer decision, product owner, tenant/data contract and security model.",D-1287 retains the developer platform and marketplace as a roadmap concept. Partial technical primitives do not authorize a partner product or marketplace lifecycle.
Developer platform#7,Developer platform,7,Register OAuth client,Documentation or roadmap only,P9,Developer platform & marketplace#7,missing,docs/API-PLATFORM.md; docs/decisions/D-1287.md,L · Integrations / Register OAuth client,"No production acceptance contract exists: D-1287 retains this as a roadmap concept requiring a newer decision, product owner, tenant/data contract and security model.",D-1287 retains the developer platform and marketplace as a roadmap concept. Partial technical primitives do not authorize a partner product or marketplace lifecycle.
Developer platform#8,Developer platform,8,Configure webhooks,Documentation or roadmap only,P9,Developer platform & marketplace#8,missing,docs/API-PLATFORM.md; docs/decisions/D-1287.md,none,"No production acceptance contract exists: D-1287 retains this as a roadmap concept requiring a newer decision, product owner, tenant/data contract and security model.",D-1287 retains the developer platform and marketplace as a roadmap concept. Partial technical primitives do not authorize a partner product or marketplace lifecycle.
Developer platform#9,Developer platform,9,Build against SDK,Documentation or roadmap only,P9,Developer platform & marketplace#9,partial,`packages/platform/src/sdk/client.ts`; `packages/platform/src/gateway/command.ts`,L · Integrations / Build against SDK,"No production acceptance contract exists: D-1287 retains this as a roadmap concept requiring a newer decision, product owner, tenant/data contract and security model.",D-1287 retains the developer platform and marketplace as a roadmap concept. Partial technical primitives do not authorize a partner product or marketplace lifecycle.
Developer platform#10,Developer platform,10,Integration certification,Documentation or roadmap only,P9,Developer platform & marketplace#10,partial,`app/src/lib/integration/contract-harness.ts`; `app/server/integration/registry.ts`,none,"No production acceptance contract exists: D-1287 retains this as a roadmap concept requiring a newer decision, product owner, tenant/data contract and security model.",D-1287 retains the developer platform and marketplace as a roadmap concept. Partial technical primitives do not authorize a partner product or marketplace lifecycle.
Developer platform#11,Developer platform,11,App review,Documentation or roadmap only,P9,Developer platform & marketplace#11,missing,docs/API-PLATFORM.md; docs/decisions/D-1287.md,L · Integrations / App review,"No production acceptance contract exists: D-1287 retains this as a roadmap concept requiring a newer decision, product owner, tenant/data contract and security model.",D-1287 retains the developer platform and marketplace as a roadmap concept. Partial technical primitives do not authorize a partner product or marketplace lifecycle.
Developer platform#12,Developer platform,12,Listed in marketplace,Documentation or roadmap only,P9,Developer platform & marketplace#12,missing,docs/API-PLATFORM.md; docs/decisions/D-1287.md,L · Integrations / Listed in marketplace,"No production acceptance contract exists: D-1287 retains this as a roadmap concept requiring a newer decision, product owner, tenant/data contract and security model.",D-1287 retains the developer platform and marketplace as a roadmap concept. Partial technical primitives do not authorize a partner product or marketplace lifecycle.
Developer platform#13,Developer platform,13,Institution enables app,Documentation or roadmap only,P9,Developer platform & marketplace#13,missing,docs/API-PLATFORM.md; docs/decisions/D-1287.md,L · Integrations / Institution enables app,"No production acceptance contract exists: D-1287 retains this as a roadmap concept requiring a newer decision, product owner, tenant/data contract and security model.",D-1287 retains the developer platform and marketplace as a roadmap concept. Partial technical primitives do not authorize a partner product or marketplace lifecycle.
Developer platform#14,Developer platform,14,Metering and billing,Documentation or roadmap only,P9,Developer platform & marketplace#14,missing,docs/API-PLATFORM.md; docs/decisions/D-1287.md,L · Integrations / Metering and billing,"No production acceptance contract exists: D-1287 retains this as a roadmap concept requiring a newer decision, product owner, tenant/data contract and security model.",D-1287 retains the developer platform and marketplace as a roadmap concept. Partial technical primitives do not authorize a partner product or marketplace lifecycle.
Developer platform#15,Developer platform,15,Version deprecation notice,Documentation or roadmap only,P9,Developer platform & marketplace#15,partial,`packages/platform/src/gateway/versioning.ts`; `app/src/lib/integration/mapping-versions.ts`,none,"No production acceptance contract exists: D-1287 retains this as a roadmap concept requiring a newer decision, product owner, tenant/data contract and security model.",D-1287 retains the developer platform and marketplace as a roadmap concept. Partial technical primitives do not authorize a partner product or marketplace lifecycle.
Developer platform#16,Developer platform,16,App retired,Documentation or roadmap only,P9,Developer platform & marketplace#16,missing,docs/API-PLATFORM.md; docs/decisions/D-1287.md,L · Integrations / App retired,"No production acceptance contract exists: D-1287 retains this as a roadmap concept requiring a newer decision, product owner, tenant/data contract and security model.",D-1287 retains the developer platform and marketplace as a roadmap concept. Partial technical primitives do not authorize a partner product or marketplace lifecycle.
Analytics & outcomes#1,Analytics & outcomes,1,Define success measures with sponsor,Existing but incomplete,P3,"Analytics, outcomes & reliability#1",partial,`supabase/migrations/20260928090000_gtm_foundation.sql`; `app/src/lib/institution-ops.ts`,none,"Approved purpose and metric definition; aggregate/minimum-cell privacy, provenance, freshness, no invented pilot outcome, evidence review/expiry and operator tests.",Exact partial row in the repository workflow audit. That label does not prove the full end-to-end completion contract.
Analytics & outcomes#2,Analytics & outcomes,2,Measures sheet signed,"Blocked by external authority, credentials, vendor, environment, legal review, staffing, or institutional decision",P3,"Analytics, outcomes & reliability#2",missing,app/src/components/institutional/; app/src/lib/institution-ops.ts; app/src/lib/ops/,N · Operations Command Center (/ops) / Measures sheet signed,"Approved purpose and metric definition; aggregate/minimum-cell privacy, provenance, freshness, no invented pilot outcome, evidence review/expiry and operator tests.",A signed measures sheet requires an actual sponsor and institutional approval; repository artifacts cannot supply the signature or claim agreement.
Analytics & outcomes#3,Analytics & outcomes,3,Instrument events (no PII),Existing but incomplete,P3,"Analytics, outcomes & reliability#3",partial,`app/src/lib/activity.ts`; `supabase/migrations/20260921151000_activity.sql`,N · Operations Command Center (/ops) / Instrument events (no PII),"Approved purpose and metric definition; aggregate/minimum-cell privacy, provenance, freshness, no invented pilot outcome, evidence review/expiry and operator tests.",Exact partial row in the repository workflow audit. That label does not prove the full end-to-end completion contract.
Analytics & outcomes#4,Analytics & outcomes,4,Aggregate with minimum cell size,Existing but incomplete,P3,"Analytics, outcomes & reliability#4",partial,`app/src/lib/institution-ops.ts`; `app/src/components/institutional/OperationsStudio.tsx`; `supabase/migrations/20260926150000_expansion_roles_and_features.sql`,N · Operations Command Center (/ops) / Aggregate with minimum cell size,"Approved purpose and metric definition; aggregate/minimum-cell privacy, provenance, freshness, no invented pilot outcome, evidence review/expiry and operator tests.",Exact partial row in the repository workflow audit. That label does not prove the full end-to-end completion contract.
Analytics & outcomes#5,Analytics & outcomes,5,Weekly metrics review,Existing but incomplete,P3,"Analytics, outcomes & reliability#5",partial,`app/src/screens/Console.tsx`; `app/src/components/console/Figures.tsx`; `app/src/lib/console/client.ts`,none,"Approved purpose and metric definition; aggregate/minimum-cell privacy, provenance, freshness, no invented pilot outcome, evidence review/expiry and operator tests.",Exact partial row in the repository workflow audit. That label does not prove the full end-to-end completion contract.
Analytics & outcomes#6,Analytics & outcomes,6,SLO dashboard reviewed,Existing but incomplete,P3,"Analytics, outcomes & reliability#6",partial,`app/src/screens/Console.tsx`; `app/src/components/console/CommandCenter.tsx`; `app/server/productivity/ops.ts`,none,"Approved purpose and metric definition; aggregate/minimum-cell privacy, provenance, freshness, no invented pilot outcome, evidence review/expiry and operator tests.",Exact partial row in the repository workflow audit. That label does not prove the full end-to-end completion contract.
Analytics & outcomes#7,Analytics & outcomes,7,Error budget checked,Missing and in scope,P3,"Analytics, outcomes & reliability#7",missing,app/src/components/institutional/; app/src/lib/institution-ops.ts; app/src/lib/ops/,none,"Approved purpose and metric definition; aggregate/minimum-cell privacy, provenance, freshness, no invented pilot outcome, evidence review/expiry and operator tests.","The repository audit records this workflow behavior as absent. Current scope permits a bounded implementation only after the recorded authority, data and dependency contract is satisfied."
Analytics & outcomes#8,Analytics & outcomes,8,Pilot midpoint report,Missing and in scope,P3,"Analytics, outcomes & reliability#8",missing,app/src/components/institutional/; app/src/lib/institution-ops.ts; app/src/lib/ops/,none,"Approved purpose and metric definition; aggregate/minimum-cell privacy, provenance, freshness, no invented pilot outcome, evidence review/expiry and operator tests.","The repository audit records this workflow behavior as absent. Current scope permits a bounded implementation only after the recorded authority, data and dependency contract is satisfied."
Analytics & outcomes#9,Analytics & outcomes,9,Course analytics shared with faculty,Missing and in scope,P3,"Analytics, outcomes & reliability#9",missing,app/src/components/institutional/; app/src/lib/institution-ops.ts; app/src/lib/ops/,N · Operations Command Center (/ops) / Course analytics shared with faculty,"Approved purpose and metric definition; aggregate/minimum-cell privacy, provenance, freshness, no invented pilot outcome, evidence review/expiry and operator tests.","The repository audit records this workflow behavior as absent. Current scope permits a bounded implementation only after the recorded authority, data and dependency contract is satisfied."
Analytics & outcomes#10,Analytics & outcomes,10,Program outcomes reviewed,Existing but incomplete,P3,"Analytics, outcomes & reliability#10",partial,`app/src/lib/institution-ops.ts`; `supabase/migrations/20260926150000_expansion_roles_and_features.sql`,none,"Approved purpose and metric definition; aggregate/minimum-cell privacy, provenance, freshness, no invented pilot outcome, evidence review/expiry and operator tests.",Exact partial row in the repository workflow audit. That label does not prove the full end-to-end completion contract.
Analytics & outcomes#11,Analytics & outcomes,11,Pilot results report,Missing and in scope,P3,"Analytics, outcomes & reliability#11",missing,app/src/components/institutional/; app/src/lib/institution-ops.ts; app/src/lib/ops/,none,"Approved purpose and metric definition; aggregate/minimum-cell privacy, provenance, freshness, no invented pilot outcome, evidence review/expiry and operator tests.","The repository audit records this workflow behavior as absent. Current scope permits a bounded implementation only after the recorded authority, data and dependency contract is satisfied."
Analytics & outcomes#12,Analytics & outcomes,12,Improvement backlog prioritized,Missing and in scope,P3,"Analytics, outcomes & reliability#12",missing,app/src/components/institutional/; app/src/lib/institution-ops.ts; app/src/lib/ops/,N · Operations Command Center (/ops) / Improvement backlog prioritized,"Approved purpose and metric definition; aggregate/minimum-cell privacy, provenance, freshness, no invented pilot outcome, evidence review/expiry and operator tests.","The repository audit records this workflow behavior as absent. Current scope permits a bounded implementation only after the recorded authority, data and dependency contract is satisfied."
Analytics & outcomes#13,Analytics & outcomes,13,Release evidence recorded,Existing but incomplete,P3,"Analytics, outcomes & reliability#13",partial,`app/src/components/console/Evidence.tsx`; `app/src/lib/ops/evidence.ts`; `app/src/screens/Console.tsx`,none,"Approved purpose and metric definition; aggregate/minimum-cell privacy, provenance, freshness, no invented pilot outcome, evidence review/expiry and operator tests.",Exact partial row in the repository workflow audit. That label does not prove the full end-to-end completion contract.
Analytics & outcomes#14,Analytics & outcomes,14,Quarterly operating review,Missing and in scope,P3,"Analytics, outcomes & reliability#14",missing,app/src/components/institutional/; app/src/lib/institution-ops.ts; app/src/lib/ops/,none,"Approved purpose and metric definition; aggregate/minimum-cell privacy, provenance, freshness, no invented pilot outcome, evidence review/expiry and operator tests.","The repository audit records this workflow behavior as absent. Current scope permits a bounded implementation only after the recorded authority, data and dependency contract is satisfied."
