population,archive_key,archive_group,archive_name,disposition,evidence_profile,current_owner_or_evidence,dependencies_and_acceptance,basis_and_release_boundary
role,role-01,Archive role catalog,Prospective student,Existing but incomplete,R1,docs/ROLE-LAUNCH-REGISTER.md; supabase/migrations/20260921223000_role_grants.sql; mapped roles: prospective_student,"Use the current role/capability/grant model, exact institution or relationship scope, deny-by-default server checks, revocation and positive/negative authorization tests. A modeled role is not launch-approved.","The archive persona maps to one or more current grantable roles. Current launch evidence remains incomplete and no role is launch-approved. Archive job: Discover programs, understand fit, explore value, apply or sign up"
role,role-02,Archive role catalog,Applicant,Documentation or roadmap only,R5,docs/master/SEMESTER_ROLE_CATALOG.md; docs/master/REPO_AUDIT.md,"Requires a current product owner, institutional authority/data contract, permission model and accepted workflow before a grantable role or dedicated surface may be added.","The archive names a persona but current repository authority does not establish a distinct production role or a dependency-ready workflow for it. Archive job: Track admissions tasks, documents, decisions, aid and onboarding"
role,role-03,Archive role catalog,Student,Existing but incomplete,R1,docs/ROLE-LAUNCH-REGISTER.md; supabase/migrations/20260921223000_role_grants.sql; mapped roles: student,"Use the current role/capability/grant model, exact institution or relationship scope, deny-by-default server checks, revocation and positive/negative authorization tests. A modeled role is not launch-approved.","The archive persona maps to one or more current grantable roles. Current launch evidence remains incomplete and no role is launch-approved. Archive job: Daily workspace, learning, planning, actions, support, campus life, career"
role,role-04,Archive role catalog,Transfer student,Existing but incomplete,R1,docs/ROLE-LAUNCH-REGISTER.md; supabase/migrations/20260921223000_role_grants.sql; mapped roles: transfer_student,"Use the current role/capability/grant model, exact institution or relationship scope, deny-by-default server checks, revocation and positive/negative authorization tests. A modeled role is not launch-approved.","The archive persona maps to one or more current grantable roles. Current launch evidence remains incomplete and no role is launch-approved. Archive job: Credit evaluation, articulation, path comparison, onboarding"
role,role-05,Archive role catalog,Online student,Duplicate or superseded,R2,docs/ROLE-LAUNCH-REGISTER.md; docs/ROLE-PERMISSION-MATRIX.md; mapped roles: student,"Represent learner context, program or service assignment as scoped attributes or relationships unless a distinct permission boundary is proven; do not create a text-role alias.","The archive label is a persona or organizational synonym, not evidence for a new authorization principal. Current roles and scoped relationships supersede it. Archive job: Remote learning, time-zone-aware schedule, support, community, career"
role,role-06,Archive role catalog,Adult learner,Duplicate or superseded,R2,docs/ROLE-LAUNCH-REGISTER.md; docs/ROLE-PERMISSION-MATRIX.md; mapped roles: student,"Represent learner context, program or service assignment as scoped attributes or relationships unless a distinct permission boundary is proven; do not create a text-role alias.","The archive label is a persona or organizational synonym, not evidence for a new authorization principal. Current roles and scoped relationships supersede it. Archive job: Flexible plans, credential tracking, employer links, financial planning"
role,role-07,Archive role catalog,Graduate student,Existing but incomplete,R1,docs/ROLE-LAUNCH-REGISTER.md; supabase/migrations/20260921223000_role_grants.sql; mapped roles: graduate_student,"Use the current role/capability/grant model, exact institution or relationship scope, deny-by-default server checks, revocation and positive/negative authorization tests. A modeled role is not launch-approved.","The archive persona maps to one or more current grantable roles. Current launch evidence remains incomplete and no role is launch-approved. Archive job: Research, milestones, advisor collaboration, funding, career"
role,role-08,Archive role catalog,International student,Duplicate or superseded,R2,docs/ROLE-LAUNCH-REGISTER.md; docs/ROLE-PERMISSION-MATRIX.md; mapped roles: student,"Represent learner context, program or service assignment as scoped attributes or relationships unless a distinct permission boundary is proven; do not create a text-role alias.","The archive label is a persona or organizational synonym, not evidence for a new authorization principal. Current roles and scoped relationships supersede it. Archive job: Visa/immigration handoffs, orientation, support, compliance notifications"
role,role-09,Archive role catalog,Student athlete,Duplicate or superseded,R2,docs/ROLE-LAUNCH-REGISTER.md; docs/ROLE-PERMISSION-MATRIX.md; mapped roles: student,"Represent learner context, program or service assignment as scoped attributes or relationships unless a distinct permission boundary is proven; do not create a text-role alias.","The archive label is a persona or organizational synonym, not evidence for a new authorization principal. Current roles and scoped relationships supersede it. Archive job: Academic plan, permitted support sharing, travel and eligibility-aware workflows"
role,role-10,Archive role catalog,Student worker,Duplicate or superseded,R2,docs/ROLE-LAUNCH-REGISTER.md; docs/ROLE-PERMISSION-MATRIX.md; mapped roles: student,"Represent learner context, program or service assignment as scoped attributes or relationships unless a distinct permission boundary is proven; do not create a text-role alias.","The archive label is a persona or organizational synonym, not evidence for a new authorization principal. Current roles and scoped relationships supersede it. Archive job: Schedule, payroll/employment handoffs, workload planning"
role,role-11,Archive role catalog,Student parent/caregiver,Duplicate or superseded,R2,docs/ROLE-LAUNCH-REGISTER.md; docs/ROLE-PERMISSION-MATRIX.md; mapped roles: student,"Represent learner context, program or service assignment as scoped attributes or relationships unless a distinct permission boundary is proven; do not create a text-role alias.","The archive label is a persona or organizational synonym, not evidence for a new authorization principal. Current roles and scoped relationships supersede it. Archive job: Flexible planning, childcare/resource handoffs, support coordination"
role,role-12,Archive role catalog,Alumni,Existing but incomplete,R1,docs/ROLE-LAUNCH-REGISTER.md; supabase/migrations/20260921223000_role_grants.sql; mapped roles: alumni,"Use the current role/capability/grant model, exact institution or relationship scope, deny-by-default server checks, revocation and positive/negative authorization tests. A modeled role is not launch-approved.","The archive persona maps to one or more current grantable roles. Current launch evidence remains incomplete and no role is launch-approved. Archive job: Credentials, lifelong learning, mentoring, opportunities, network"
role,role-13,Archive role catalog,Family/guardian,Existing but incomplete,R3,app/src/screens/Family.tsx; app/src/components/FamilySharing.tsx; app/src/lib/familyshare.ts,"Student-created, field-minimized delegated grant with expiry, revocation, read audit and no independent access to academic records.","Family access exists as a consent-bound grant rather than a broad app role; the end-to-end experience remains incomplete. Archive job: Student-consented support, payment/support handoffs, approved summaries"
role,role-14,Archive role catalog,Faculty/instructor,Existing but incomplete,R1,docs/ROLE-LAUNCH-REGISTER.md; supabase/migrations/20260921223000_role_grants.sql; mapped roles: faculty,"Use the current role/capability/grant model, exact institution or relationship scope, deny-by-default server checks, revocation and positive/negative authorization tests. A modeled role is not launch-approved.","The archive persona maps to one or more current grantable roles. Current launch evidence remains incomplete and no role is launch-approved. Archive job: Course Studio, course policy, learning content, assessment, gradebook"
role,role-15,Archive role catalog,Teaching assistant,Existing but incomplete,R1,docs/ROLE-LAUNCH-REGISTER.md; supabase/migrations/20260921223000_role_grants.sql; mapped roles: teaching_assistant,"Use the current role/capability/grant model, exact institution or relationship scope, deny-by-default server checks, revocation and positive/negative authorization tests. A modeled role is not launch-approved.","The archive persona maps to one or more current grantable roles. Current launch evidence remains incomplete and no role is launch-approved. Archive job: Scoped course support, grading/feedback, office hours, course content"
role,role-16,Archive role catalog,Department chair,Existing but incomplete,R1,docs/ROLE-LAUNCH-REGISTER.md; supabase/migrations/20260921223000_role_grants.sql; mapped roles: department_chair,"Use the current role/capability/grant model, exact institution or relationship scope, deny-by-default server checks, revocation and positive/negative authorization tests. A modeled role is not launch-approved.","The archive persona maps to one or more current grantable roles. Current launch evidence remains incomplete and no role is launch-approved. Archive job: Curriculum, faculty/course operations, outcomes, demand, approvals"
role,role-17,Archive role catalog,Program director,Duplicate or superseded,R2,docs/ROLE-LAUNCH-REGISTER.md; docs/ROLE-PERMISSION-MATRIX.md; mapped roles: department_chair; dean,"Represent learner context, program or service assignment as scoped attributes or relationships unless a distinct permission boundary is proven; do not create a text-role alias.","The archive label is a persona or organizational synonym, not evidence for a new authorization principal. Current roles and scoped relationships supersede it. Archive job: Program path, requirements, outcomes, advising, retention, curriculum"
role,role-18,Archive role catalog,Academic advisor,Existing but incomplete,R1,docs/ROLE-LAUNCH-REGISTER.md; supabase/migrations/20260921223000_role_grants.sql; mapped roles: academic_advisor,"Use the current role/capability/grant model, exact institution or relationship scope, deny-by-default server checks, revocation and positive/negative authorization tests. A modeled role is not launch-approved.","The archive persona maps to one or more current grantable roles. Current launch evidence remains incomplete and no role is launch-approved. Archive job: Student path, action completion, check-ins, referrals, planning"
role,role-19,Archive role catalog,Student success staff,Existing but incomplete,R1,docs/ROLE-LAUNCH-REGISTER.md; supabase/migrations/20260921223000_role_grants.sql; mapped roles: academic_advisor; first_year_staff,"Use the current role/capability/grant model, exact institution or relationship scope, deny-by-default server checks, revocation and positive/negative authorization tests. A modeled role is not launch-approved.","The archive persona maps to one or more current grantable roles. Current launch evidence remains incomplete and no role is launch-approved. Archive job: Caseload, interventions, campaigns, referrals, outcomes"
role,role-20,Archive role catalog,Registrar staff,Existing but incomplete,R1,docs/ROLE-LAUNCH-REGISTER.md; supabase/migrations/20260921223000_role_grants.sql; mapped roles: registrar,"Use the current role/capability/grant model, exact institution or relationship scope, deny-by-default server checks, revocation and positive/negative authorization tests. A modeled role is not launch-approved.","The archive persona maps to one or more current grantable roles. Current launch evidence remains incomplete and no role is launch-approved. Archive job: Terms, catalog, sections, registration, holds, overrides, records"
role,role-21,Archive role catalog,Financial aid staff,Existing but incomplete,R1,docs/ROLE-LAUNCH-REGISTER.md; supabase/migrations/20260921223000_role_grants.sql; mapped roles: financial_aid_officer,"Use the current role/capability/grant model, exact institution or relationship scope, deny-by-default server checks, revocation and positive/negative authorization tests. A modeled role is not launch-approved.","The archive persona maps to one or more current grantable roles. Current launch evidence remains incomplete and no role is launch-approved. Archive job: Aid handoffs, required actions, policy-guided communication"
role,role-22,Archive role catalog,Student accounts staff,Existing but incomplete,R1,docs/ROLE-LAUNCH-REGISTER.md; supabase/migrations/20260921223000_role_grants.sql; mapped roles: student_accounts_officer,"Use the current role/capability/grant model, exact institution or relationship scope, deny-by-default server checks, revocation and positive/negative authorization tests. A modeled role is not launch-approved.","The archive persona maps to one or more current grantable roles. Current launch evidence remains incomplete and no role is launch-approved. Archive job: Balances, payment plans, reconciliation, holds, controlled account actions"
role,role-23,Archive role catalog,Admissions staff,Documentation or roadmap only,R5,docs/master/SEMESTER_ROLE_CATALOG.md; docs/master/REPO_AUDIT.md,"Requires a current product owner, institutional authority/data contract, permission model and accepted workflow before a grantable role or dedicated surface may be added.","The archive names a persona but current repository authority does not establish a distinct production role or a dependency-ready workflow for it. Archive job: Prospects, applicants, campaigns, recruitment conversion"
role,role-24,Archive role catalog,Housing staff,Existing but incomplete,R1,docs/ROLE-LAUNCH-REGISTER.md; supabase/migrations/20260921223000_role_grants.sql; mapped roles: residence_life_staff,"Use the current role/capability/grant model, exact institution or relationship scope, deny-by-default server checks, revocation and positive/negative authorization tests. A modeled role is not launch-approved.","The archive persona maps to one or more current grantable roles. Current launch evidence remains incomplete and no role is launch-approved. Archive job: Assignments, requests, service handoffs, housing policy workflows"
role,role-25,Archive role catalog,Dining/campus-card staff,Existing but incomplete,R1,docs/ROLE-LAUNCH-REGISTER.md; supabase/migrations/20260921223000_role_grants.sql; mapped roles: dining_staff,"Use the current role/capability/grant model, exact institution or relationship scope, deny-by-default server checks, revocation and positive/negative authorization tests. A modeled role is not launch-approved.","The archive persona maps to one or more current grantable roles. Current launch evidence remains incomplete and no role is launch-approved. Archive job: Locations, plans, orders, balances, service operations"
role,role-26,Archive role catalog,Library staff,Duplicate or superseded,R2,docs/ROLE-LAUNCH-REGISTER.md; docs/ROLE-PERMISSION-MATRIX.md; mapped roles: learning_center_staff; university_staff,"Represent learner context, program or service assignment as scoped attributes or relationships unless a distinct permission boundary is proven; do not create a text-role alias.","The archive label is a persona or organizational synonym, not evidence for a new authorization principal. Current roles and scoped relationships supersede it. Archive job: Resources, research guidance, discovery, course reserves"
role,role-27,Archive role catalog,Accessibility/disability services,Existing but incomplete,R1,docs/ROLE-LAUNCH-REGISTER.md; supabase/migrations/20260921223000_role_grants.sql; mapped roles: disability_services_officer; disability_services_staff,"Use the current role/capability/grant model, exact institution or relationship scope, deny-by-default server checks, revocation and positive/negative authorization tests. A modeled role is not launch-approved.","The archive persona maps to one or more current grantable roles. Current launch evidence remains incomplete and no role is launch-approved. Archive job: Accommodation workflows, consented access, service plans"
role,role-28,Archive role catalog,Counseling/wellbeing staff,Existing but incomplete,R1,docs/ROLE-LAUNCH-REGISTER.md; supabase/migrations/20260921223000_role_grants.sql; mapped roles: counseling_liaison,"Use the current role/capability/grant model, exact institution or relationship scope, deny-by-default server checks, revocation and positive/negative authorization tests. A modeled role is not launch-approved.",The archive persona maps to one or more current grantable roles. Current launch evidence remains incomplete and no role is launch-approved. Archive job: Safe referral and resource handoffs; no unnecessary broad access
role,role-29,Archive role catalog,Career staff,Existing but incomplete,R1,docs/ROLE-LAUNCH-REGISTER.md; supabase/migrations/20260921223000_role_grants.sql; mapped roles: career_center_staff; career_coach,"Use the current role/capability/grant model, exact institution or relationship scope, deny-by-default server checks, revocation and positive/negative authorization tests. A modeled role is not launch-approved.","The archive persona maps to one or more current grantable roles. Current launch evidence remains incomplete and no role is launch-approved. Archive job: Opportunities, employer relations, appointments, skills, outcomes"
role,role-30,Archive role catalog,Employer,Existing but incomplete,R1,docs/ROLE-LAUNCH-REGISTER.md; supabase/migrations/20260921223000_role_grants.sql; mapped roles: employer,"Use the current role/capability/grant model, exact institution or relationship scope, deny-by-default server checks, revocation and positive/negative authorization tests. A modeled role is not launch-approved.","The archive persona maps to one or more current grantable roles. Current launch evidence remains incomplete and no role is launch-approved. Archive job: Approved talent discovery, postings, internships, verified evidence"
role,role-31,Archive role catalog,Mentor,Duplicate or superseded,R2,docs/ROLE-LAUNCH-REGISTER.md; docs/ROLE-PERMISSION-MATRIX.md; mapped roles: peer_mentor; alumni,"Represent learner context, program or service assignment as scoped attributes or relationships unless a distinct permission boundary is proven; do not create a text-role alias.","The archive label is a persona or organizational synonym, not evidence for a new authorization principal. Current roles and scoped relationships supersede it. Archive job: Mentoring offers, requests, schedule, scoped student interaction"
role,role-32,Archive role catalog,Peer mentor,Existing but incomplete,R1,docs/ROLE-LAUNCH-REGISTER.md; supabase/migrations/20260921223000_role_grants.sql; mapped roles: peer_mentor,"Use the current role/capability/grant model, exact institution or relationship scope, deny-by-default server checks, revocation and positive/negative authorization tests. A modeled role is not launch-approved.","The archive persona maps to one or more current grantable roles. Current launch evidence remains incomplete and no role is launch-approved. Archive job: Consent-based peer support, program workflows, supervision"
role,role-33,Archive role catalog,Campus safety staff,Documentation or roadmap only,R5,docs/master/SEMESTER_ROLE_CATALOG.md; docs/master/REPO_AUDIT.md,"Requires a current product owner, institutional authority/data contract, permission model and accepted workflow before a grantable role or dedicated surface may be added.",The archive names a persona but current repository authority does not establish a distinct production role or a dependency-ready workflow for it. Archive job: Institution-authorized emergency/safety handoffs only
role,role-34,Archive role catalog,Community moderator,Existing but incomplete,R1,docs/ROLE-LAUNCH-REGISTER.md; supabase/migrations/20260921223000_role_grants.sql; mapped roles: moderator; trust_safety_reviewer,"Use the current role/capability/grant model, exact institution or relationship scope, deny-by-default server checks, revocation and positive/negative authorization tests. A modeled role is not launch-approved.","The archive persona maps to one or more current grantable roles. Current launch evidence remains incomplete and no role is launch-approved. Archive job: Content reports, moderation queue, appeals, safety escalation"
role,role-35,Archive role catalog,Student organization leader,Existing but incomplete,R1,docs/ROLE-LAUNCH-REGISTER.md; supabase/migrations/20260921223000_role_grants.sql; mapped roles: organization_officer,"Use the current role/capability/grant model, exact institution or relationship scope, deny-by-default server checks, revocation and positive/negative authorization tests. A modeled role is not launch-approved.","The archive persona maps to one or more current grantable roles. Current launch evidence remains incomplete and no role is launch-approved. Archive job: Organization setup, membership, events, communications, finance handoffs"
role,role-36,Archive role catalog,Institutional IT,Existing but incomplete,R1,docs/ROLE-LAUNCH-REGISTER.md; supabase/migrations/20260921223000_role_grants.sql; mapped roles: integration_admin,"Use the current role/capability/grant model, exact institution or relationship scope, deny-by-default server checks, revocation and positive/negative authorization tests. A modeled role is not launch-approved.","The archive persona maps to one or more current grantable roles. Current launch evidence remains incomplete and no role is launch-approved. Archive job: SSO, SCIM, integrations, security, tenant configuration"
role,role-37,Archive role catalog,Institutional security/privacy,Existing but incomplete,R1,docs/ROLE-LAUNCH-REGISTER.md; supabase/migrations/20260921223000_role_grants.sql; mapped roles: trust_officer; compliance_owner; data_steward,"Use the current role/capability/grant model, exact institution or relationship scope, deny-by-default server checks, revocation and positive/negative authorization tests. A modeled role is not launch-approved.","The archive persona maps to one or more current grantable roles. Current launch evidence remains incomplete and no role is launch-approved. Archive job: Security review, data flows, access, policy, evidence, incidents"
role,role-38,Archive role catalog,Institutional executive,Existing but incomplete,R1,docs/ROLE-LAUNCH-REGISTER.md; supabase/migrations/20260921223000_role_grants.sql; mapped roles: dean; university_admin,"Use the current role/capability/grant model, exact institution or relationship scope, deny-by-default server checks, revocation and positive/negative authorization tests. A modeled role is not launch-approved.","The archive persona maps to one or more current grantable roles. Current launch evidence remains incomplete and no role is launch-approved. Archive job: Outcomes, adoption, risk, operational health, strategic decisions"
role,role-39,Archive role catalog,Institutional auditor,Existing but incomplete,R1,docs/ROLE-LAUNCH-REGISTER.md; supabase/migrations/20260921223000_role_grants.sql; mapped roles: institutional_researcher; trust_officer,"Use the current role/capability/grant model, exact institution or relationship scope, deny-by-default server checks, revocation and positive/negative authorization tests. A modeled role is not launch-approved.","The archive persona maps to one or more current grantable roles. Current launch evidence remains incomplete and no role is launch-approved. Archive job: Scoped evidence, audit history, compliance proof"
role,role-40,Archive role catalog,Semester support operator,Existing but incomplete,R4,docs/ROLE-LAUNCH-REGISTER.md; app/src/components/console/; app/src/lib/console/; mapped roles: support_agent,"Time- and tenant-scoped operational duty, least privilege, audit-before-action, approval for consequential actions and no implicit student-record access.","The current platform role model contains the operational analogue, but supportability and launch approval remain incomplete. Archive job: Ticket queue, time-limited support access, incident escalation"
role,role-41,Archive role catalog,Semester implementation lead,Existing but incomplete,R4,docs/ROLE-LAUNCH-REGISTER.md; app/src/components/console/; app/src/lib/console/; mapped roles: implementation_manager,"Time- and tenant-scoped operational duty, least privilege, audit-before-action, approval for consequential actions and no implicit student-record access.","The current platform role model contains the operational analogue, but supportability and launch approval remain incomplete. Archive job: Tenant setup, integrations, training, rollout, launch readiness"
role,role-42,Archive role catalog,Semester customer-success manager,Existing but incomplete,R4,docs/ROLE-LAUNCH-REGISTER.md; app/src/components/console/; app/src/lib/console/; mapped roles: customer_success,"Time- and tenant-scoped operational duty, least privilege, audit-before-action, approval for consequential actions and no implicit student-record access.","The current platform role model contains the operational analogue, but supportability and launch approval remain incomplete. Archive job: Health, QBRs, renewals, expansion, pilot conversion"
role,role-43,Archive role catalog,Semester revenue operations,Existing but incomplete,R4,docs/ROLE-LAUNCH-REGISTER.md; app/src/components/console/; app/src/lib/console/; mapped roles: account_executive; business_admin,"Time- and tenant-scoped operational duty, least privilege, audit-before-action, approval for consequential actions and no implicit student-record access.","The current platform role model contains the operational analogue, but supportability and launch approval remain incomplete. Archive job: Accounts, quotes, contracts, plans, pricing exceptions, forecast"
role,role-44,Archive role catalog,Semester finance operator,Existing but incomplete,R4,docs/ROLE-LAUNCH-REGISTER.md; app/src/components/console/; app/src/lib/console/; mapped roles: finance_operator,"Time- and tenant-scoped operational duty, least privilege, audit-before-action, approval for consequential actions and no implicit student-record access.","The current platform role model contains the operational analogue, but supportability and launch approval remain incomplete. Archive job: Invoices, collections, dunning, financial reporting, approved adjustments"
role,role-45,Archive role catalog,Semester security operator,Existing but incomplete,R4,docs/ROLE-LAUNCH-REGISTER.md; app/src/components/console/; app/src/lib/console/; mapped roles: incident_responder; trust_officer,"Time- and tenant-scoped operational duty, least privilege, audit-before-action, approval for consequential actions and no implicit student-record access.","The current platform role model contains the operational analogue, but supportability and launch approval remain incomplete. Archive job: Access reviews, security evidence, incidents, vulnerabilities"
role,role-46,Archive role catalog,Semester privacy/legal operator,Existing but incomplete,R4,docs/ROLE-LAUNCH-REGISTER.md; app/src/components/console/; app/src/lib/console/; mapped roles: compliance_owner; data_steward,"Time- and tenant-scoped operational duty, least privilege, audit-before-action, approval for consequential actions and no implicit student-record access.","The current platform role model contains the operational analogue, but supportability and launch approval remain incomplete. Archive job: Data requests, legal holds, retention, contracts, claims"
role,role-47,Archive role catalog,Semester product operator,Existing but incomplete,R4,docs/ROLE-LAUNCH-REGISTER.md; app/src/components/console/; app/src/lib/console/; mapped roles: platform_admin; content_owner,"Time- and tenant-scoped operational duty, least privilege, audit-before-action, approval for consequential actions and no implicit student-record access.","The current platform role model contains the operational analogue, but supportability and launch approval remain incomplete. Archive job: Roadmap, feature flags, beta, feedback, release evidence"
role,role-48,Archive role catalog,Semester executive,Existing but incomplete,R4,docs/ROLE-LAUNCH-REGISTER.md; app/src/components/console/; app/src/lib/console/; mapped roles: business_admin,"Time- and tenant-scoped operational duty, least privilege, audit-before-action, approval for consequential actions and no implicit student-record access.","The current platform role model contains the operational analogue, but supportability and launch approval remain incomplete. Archive job: Company health, risk, strategy, major approvals, board reporting"
role,role-49,Archive role catalog,Developer/partner,Documentation or roadmap only,R6,docs/API-PLATFORM.md; docs/decisions/D-1287.md,"Requires a newer human decision, partner security model, tenant/scopes contract and lifecycle independent of the declined marketplace concept.","D-1287 keeps developer platform and marketplace concepts at roadmap status; archive role text is not newer authority. Archive job: APIs, sandbox, integration, marketplace publishing, support"
system,system-product-01,Product systems,Identity,Existing but incomplete,S1,app/server/institution/auth.ts; docs/ROLE-LAUNCH-REGISTER.md; supabase/migrations/,"Identity, tenant and policy controls require server-side deny-by-default enforcement, tenant isolation, auditable grants/revocation and current RLS checks.","Current repository code, schema, checks or operational documents cover part of this domain, but the archive label does not prove the full operated-system completion contract."
system,system-product-02,Product systems,Authorization,Existing but incomplete,S1,app/server/institution/auth.ts; docs/ROLE-LAUNCH-REGISTER.md; supabase/migrations/,"Identity, tenant and policy controls require server-side deny-by-default enforcement, tenant isolation, auditable grants/revocation and current RLS checks.","Current repository code, schema, checks or operational documents cover part of this domain, but the archive label does not prove the full operated-system completion contract."
system,system-product-03,Product systems,Tenant,Existing but incomplete,S1,app/server/institution/auth.ts; docs/ROLE-LAUNCH-REGISTER.md; supabase/migrations/,"Identity, tenant and policy controls require server-side deny-by-default enforcement, tenant isolation, auditable grants/revocation and current RLS checks.","Current repository code, schema, checks or operational documents cover part of this domain, but the archive label does not prove the full operated-system completion contract."
system,system-product-04,Product systems,Profile,Existing but incomplete,S1,app/server/institution/auth.ts; docs/ROLE-LAUNCH-REGISTER.md; supabase/migrations/,"Identity, tenant and policy controls require server-side deny-by-default enforcement, tenant isolation, auditable grants/revocation and current RLS checks.","Current repository code, schema, checks or operational documents cover part of this domain, but the archive label does not prove the full operated-system completion contract."
system,system-product-05,Product systems,Student Workspace,Existing but incomplete,S2,app/src/screens/; app/src/components/; app/src/lib/,"Student-owned behavior requires persistence, provenance/freshness, explicit and reversible actions, complete states, accessibility, 320px behavior and focused journey tests.","Current repository code, schema, checks or operational documents cover part of this domain, but the archive label does not prove the full operated-system completion contract."
system,system-product-06,Product systems,Task,Existing but incomplete,S2,app/src/screens/; app/src/components/; app/src/lib/,"Student-owned behavior requires persistence, provenance/freshness, explicit and reversible actions, complete states, accessibility, 320px behavior and focused journey tests.","Current repository code, schema, checks or operational documents cover part of this domain, but the archive label does not prove the full operated-system completion contract."
system,system-product-07,Product systems,Calendar,Existing but incomplete,S2,app/src/screens/; app/src/components/; app/src/lib/,"Student-owned behavior requires persistence, provenance/freshness, explicit and reversible actions, complete states, accessibility, 320px behavior and focused journey tests.","Current repository code, schema, checks or operational documents cover part of this domain, but the archive label does not prove the full operated-system completion contract."
system,system-product-08,Product systems,Notes,Existing but incomplete,S2,app/src/screens/; app/src/components/; app/src/lib/,"Student-owned behavior requires persistence, provenance/freshness, explicit and reversible actions, complete states, accessibility, 320px behavior and focused journey tests.","Current repository code, schema, checks or operational documents cover part of this domain, but the archive label does not prove the full operated-system completion contract."
system,system-product-09,Product systems,Files,Existing but incomplete,S2,app/src/screens/; app/src/components/; app/src/lib/,"Student-owned behavior requires persistence, provenance/freshness, explicit and reversible actions, complete states, accessibility, 320px behavior and focused journey tests.","Current repository code, schema, checks or operational documents cover part of this domain, but the archive label does not prove the full operated-system completion contract."
system,system-product-10,Product systems,Search,Existing but incomplete,S2,app/src/screens/; app/src/components/; app/src/lib/,"Student-owned behavior requires persistence, provenance/freshness, explicit and reversible actions, complete states, accessibility, 320px behavior and focused journey tests.","Current repository code, schema, checks or operational documents cover part of this domain, but the archive label does not prove the full operated-system completion contract."
system,system-product-11,Product systems,Knowledge Graph,Existing but incomplete,S2,app/src/screens/; app/src/components/; app/src/lib/,"Student-owned behavior requires persistence, provenance/freshness, explicit and reversible actions, complete states, accessibility, 320px behavior and focused journey tests.","Current repository code, schema, checks or operational documents cover part of this domain, but the archive label does not prove the full operated-system completion contract."
system,system-product-12,Product systems,Academic Path,Existing but incomplete,S2,app/src/screens/; app/src/components/; app/src/lib/,"Student-owned behavior requires persistence, provenance/freshness, explicit and reversible actions, complete states, accessibility, 320px behavior and focused journey tests.","Current repository code, schema, checks or operational documents cover part of this domain, but the archive label does not prove the full operated-system completion contract."
system,system-product-13,Product systems,Course,Existing but incomplete,S3,app/src/components/CourseStudio.tsx; app/src/lib/enrollment/; app/src/lib/record/; supabase/migrations/,"Academic behavior requires course/role scope, official-source ownership, audited and recoverable consequential actions, reconciliation and faculty/student/registrar tests.","Current repository code, schema, checks or operational documents cover part of this domain, but the archive label does not prove the full operated-system completion contract."
system,system-product-14,Product systems,Learning,Existing but incomplete,S3,app/src/components/CourseStudio.tsx; app/src/lib/enrollment/; app/src/lib/record/; supabase/migrations/,"Academic behavior requires course/role scope, official-source ownership, audited and recoverable consequential actions, reconciliation and faculty/student/registrar tests.","Current repository code, schema, checks or operational documents cover part of this domain, but the archive label does not prove the full operated-system completion contract."
system,system-product-15,Product systems,Assessment,Existing but incomplete,S3,app/src/components/CourseStudio.tsx; app/src/lib/enrollment/; app/src/lib/record/; supabase/migrations/,"Academic behavior requires course/role scope, official-source ownership, audited and recoverable consequential actions, reconciliation and faculty/student/registrar tests.","Current repository code, schema, checks or operational documents cover part of this domain, but the archive label does not prove the full operated-system completion contract."
system,system-product-16,Product systems,Gradebook,Existing but incomplete,S3,app/src/components/CourseStudio.tsx; app/src/lib/enrollment/; app/src/lib/record/; supabase/migrations/,"Academic behavior requires course/role scope, official-source ownership, audited and recoverable consequential actions, reconciliation and faculty/student/registrar tests.","Current repository code, schema, checks or operational documents cover part of this domain, but the archive label does not prove the full operated-system completion contract."
system,system-product-17,Product systems,Registration,Existing but incomplete,S3,app/src/components/CourseStudio.tsx; app/src/lib/enrollment/; app/src/lib/record/; supabase/migrations/,"Academic behavior requires course/role scope, official-source ownership, audited and recoverable consequential actions, reconciliation and faculty/student/registrar tests.","Current repository code, schema, checks or operational documents cover part of this domain, but the archive label does not prove the full operated-system completion contract."
system,system-product-18,Product systems,Academic Record,Existing but incomplete,S3,app/src/components/CourseStudio.tsx; app/src/lib/enrollment/; app/src/lib/record/; supabase/migrations/,"Academic behavior requires course/role scope, official-source ownership, audited and recoverable consequential actions, reconciliation and faculty/student/registrar tests.","Current repository code, schema, checks or operational documents cover part of this domain, but the archive label does not prove the full operated-system completion contract."
system,system-product-19,Product systems,Degree Audit,Existing but incomplete,S3,app/src/components/CourseStudio.tsx; app/src/lib/enrollment/; app/src/lib/record/; supabase/migrations/,"Academic behavior requires course/role scope, official-source ownership, audited and recoverable consequential actions, reconciliation and faculty/student/registrar tests.","Current repository code, schema, checks or operational documents cover part of this domain, but the archive label does not prove the full operated-system completion contract."
system,system-product-20,Product systems,Transfer,Existing but incomplete,S3,app/src/components/CourseStudio.tsx; app/src/lib/enrollment/; app/src/lib/record/; supabase/migrations/,"Academic behavior requires course/role scope, official-source ownership, audited and recoverable consequential actions, reconciliation and faculty/student/registrar tests.","Current repository code, schema, checks or operational documents cover part of this domain, but the archive label does not prove the full operated-system completion contract."
system,system-product-21,Product systems,Student Success,Existing but incomplete,S3,app/src/components/CourseStudio.tsx; app/src/lib/enrollment/; app/src/lib/record/; supabase/migrations/,"Academic behavior requires course/role scope, official-source ownership, audited and recoverable consequential actions, reconciliation and faculty/student/registrar tests.","Current repository code, schema, checks or operational documents cover part of this domain, but the archive label does not prove the full operated-system completion contract."
system,system-product-22,Product systems,Support,Existing but incomplete,S4,app/src/screens/University.tsx; app/src/screens/Community.tsx; app/src/components/community/; app/server/institution/,"Campus, support and community behavior requires exact relationship scope, minimum necessary data, abuse/rate controls, appeal or office handoff and tenant-isolation tests.","Current repository code, schema, checks or operational documents cover part of this domain, but the archive label does not prove the full operated-system completion contract."
system,system-product-23,Product systems,Appointment,Existing but incomplete,S4,app/src/screens/University.tsx; app/src/screens/Community.tsx; app/src/components/community/; app/server/institution/,"Campus, support and community behavior requires exact relationship scope, minimum necessary data, abuse/rate controls, appeal or office handoff and tenant-isolation tests.","Current repository code, schema, checks or operational documents cover part of this domain, but the archive label does not prove the full operated-system completion contract."
system,system-product-24,Product systems,Community,Existing but incomplete,S4,app/src/screens/University.tsx; app/src/screens/Community.tsx; app/src/components/community/; app/server/institution/,"Campus, support and community behavior requires exact relationship scope, minimum necessary data, abuse/rate controls, appeal or office handoff and tenant-isolation tests.","Current repository code, schema, checks or operational documents cover part of this domain, but the archive label does not prove the full operated-system completion contract."
system,system-product-25,Product systems,Organization,Existing but incomplete,S4,app/src/screens/University.tsx; app/src/screens/Community.tsx; app/src/components/community/; app/server/institution/,"Campus, support and community behavior requires exact relationship scope, minimum necessary data, abuse/rate controls, appeal or office handoff and tenant-isolation tests.","Current repository code, schema, checks or operational documents cover part of this domain, but the archive label does not prove the full operated-system completion contract."
system,system-product-26,Product systems,Campus Services,Existing but incomplete,S4,app/src/screens/University.tsx; app/src/screens/Community.tsx; app/src/components/community/; app/server/institution/,"Campus, support and community behavior requires exact relationship scope, minimum necessary data, abuse/rate controls, appeal or office handoff and tenant-isolation tests.","Current repository code, schema, checks or operational documents cover part of this domain, but the archive label does not prove the full operated-system completion contract."
system,system-product-27,Product systems,Housing,Existing but incomplete,S4,app/src/screens/University.tsx; app/src/screens/Community.tsx; app/src/components/community/; app/server/institution/,"Campus, support and community behavior requires exact relationship scope, minimum necessary data, abuse/rate controls, appeal or office handoff and tenant-isolation tests.","Current repository code, schema, checks or operational documents cover part of this domain, but the archive label does not prove the full operated-system completion contract."
system,system-product-28,Product systems,Dining,Existing but incomplete,S4,app/src/screens/University.tsx; app/src/screens/Community.tsx; app/src/components/community/; app/server/institution/,"Campus, support and community behavior requires exact relationship scope, minimum necessary data, abuse/rate controls, appeal or office handoff and tenant-isolation tests.","Current repository code, schema, checks or operational documents cover part of this domain, but the archive label does not prove the full operated-system completion contract."
system,system-product-29,Product systems,Financial Account,Existing but incomplete,S5,app/src/screens/Career.tsx; app/src/screens/Family.tsx; app/src/lib/finance/; app/src/lib/career.ts,"Finance, career and delegated access require official or student-granted authority, validation, audit, idempotency where consequential, revocation/reconciliation and cross-role tests.","Current repository code, schema, checks or operational documents cover part of this domain, but the archive label does not prove the full operated-system completion contract."
system,system-product-30,Product systems,Payment Plan,Existing but incomplete,S5,app/src/screens/Career.tsx; app/src/screens/Family.tsx; app/src/lib/finance/; app/src/lib/career.ts,"Finance, career and delegated access require official or student-granted authority, validation, audit, idempotency where consequential, revocation/reconciliation and cross-role tests.","Current repository code, schema, checks or operational documents cover part of this domain, but the archive label does not prove the full operated-system completion contract."
system,system-product-31,Product systems,Career,Existing but incomplete,S5,app/src/screens/Career.tsx; app/src/screens/Family.tsx; app/src/lib/finance/; app/src/lib/career.ts,"Finance, career and delegated access require official or student-granted authority, validation, audit, idempotency where consequential, revocation/reconciliation and cross-role tests.","Current repository code, schema, checks or operational documents cover part of this domain, but the archive label does not prove the full operated-system completion contract."
system,system-product-32,Product systems,Skills,Existing but incomplete,S5,app/src/screens/Career.tsx; app/src/screens/Family.tsx; app/src/lib/finance/; app/src/lib/career.ts,"Finance, career and delegated access require official or student-granted authority, validation, audit, idempotency where consequential, revocation/reconciliation and cross-role tests.","Current repository code, schema, checks or operational documents cover part of this domain, but the archive label does not prove the full operated-system completion contract."
system,system-product-33,Product systems,Credential,Existing but incomplete,S5,app/src/screens/Career.tsx; app/src/screens/Family.tsx; app/src/lib/finance/; app/src/lib/career.ts,"Finance, career and delegated access require official or student-granted authority, validation, audit, idempotency where consequential, revocation/reconciliation and cross-role tests.","Current repository code, schema, checks or operational documents cover part of this domain, but the archive label does not prove the full operated-system completion contract."
system,system-product-34,Product systems,Family/Guardian,Existing but incomplete,S5,app/src/screens/Career.tsx; app/src/screens/Family.tsx; app/src/lib/finance/; app/src/lib/career.ts,"Finance, career and delegated access require official or student-granted authority, validation, audit, idempotency where consequential, revocation/reconciliation and cross-role tests.","Current repository code, schema, checks or operational documents cover part of this domain, but the archive label does not prove the full operated-system completion contract."
system,system-product-35,Product systems,AI Gateway,Existing but incomplete,S6,app/src/ai/; app/src/lib/governance/; app/server/institution/ai-data-class.ts,"AI requests require the policy ceiling, minimization, exact tool permission, source provenance, refusal/recovery, evaluation, audit and human escalation.","Current repository code, schema, checks or operational documents cover part of this domain, but the archive label does not prove the full operated-system completion contract."
system,system-product-36,Product systems,AI Policy Engine,Existing but incomplete,S6,app/src/ai/; app/src/lib/governance/; app/server/institution/ai-data-class.ts,"AI requests require the policy ceiling, minimization, exact tool permission, source provenance, refusal/recovery, evaluation, audit and human escalation.","Current repository code, schema, checks or operational documents cover part of this domain, but the archive label does not prove the full operated-system completion contract."
system,system-product-37,Product systems,AI Evaluation,Existing but incomplete,S6,app/src/ai/; app/src/lib/governance/; app/server/institution/ai-data-class.ts,"AI requests require the policy ceiling, minimization, exact tool permission, source provenance, refusal/recovery, evaluation, audit and human escalation.","Current repository code, schema, checks or operational documents cover part of this domain, but the archive label does not prove the full operated-system completion contract."
system,system-product-38,Product systems,Notification,Existing but incomplete,S2,app/src/screens/; app/src/components/; app/src/lib/,"Student-owned behavior requires persistence, provenance/freshness, explicit and reversible actions, complete states, accessibility, 320px behavior and focused journey tests.","Current repository code, schema, checks or operational documents cover part of this domain, but the archive label does not prove the full operated-system completion contract."
system,system-product-39,Product systems,Communication,Existing but incomplete,S2,app/src/screens/; app/src/components/; app/src/lib/,"Student-owned behavior requires persistence, provenance/freshness, explicit and reversible actions, complete states, accessibility, 320px behavior and focused journey tests.","Current repository code, schema, checks or operational documents cover part of this domain, but the archive label does not prove the full operated-system completion contract."
system,system-product-40,Product systems,Analytics,Existing but incomplete,S8,app/src/components/console/; app/src/lib/console/; docs/company/; docs/commercial/,"Company operations require scoped operational roles, approved claims/metrics, audit and separation from student records; documents and schemas alone do not prove an operated system.","Current repository code, schema, checks or operational documents cover part of this domain, but the archive label does not prove the full operated-system completion contract."
system,system-product-41,Product systems,Outcome,Existing but incomplete,S8,app/src/components/console/; app/src/lib/console/; docs/company/; docs/commercial/,"Company operations require scoped operational roles, approved claims/metrics, audit and separation from student records; documents and schemas alone do not prove an operated system.","Current repository code, schema, checks or operational documents cover part of this domain, but the archive label does not prove the full operated-system completion contract."
system,system-product-42,Product systems,Marketplace,Intentionally excluded with a repository-backed rationale,S4,app/src/screens/University.tsx; app/src/screens/Community.tsx; app/src/components/community/; app/server/institution/,"Campus, support and community behavior requires exact relationship scope, minimum necessary data, abuse/rate controls, appeal or office handoff and tenant-isolation tests.",D-1287 declines the marketplace and its data model; no newer decision reopens it.
system,system-product-43,Product systems,Developer Platform,Documentation or roadmap only,S7,app/src/components/institutional/; app/src/lib/integration/; app/server/integration/; docs/trust/,"Integration and trust controls require approved scopes, server-held credentials, versioned mappings, reconciliation, rollback/degraded behavior, evidence expiry and security tests.",D-1287 retains a developer platform as roadmap-only and separate authority is required.
system,system-product-44,Product systems,Integration,Existing but incomplete,S7,app/src/components/institutional/; app/src/lib/integration/; app/server/integration/; docs/trust/,"Integration and trust controls require approved scopes, server-held credentials, versioned mappings, reconciliation, rollback/degraded behavior, evidence expiry and security tests.","Current repository code, schema, checks or operational documents cover part of this domain, but the archive label does not prove the full operated-system completion contract."
system,system-product-45,Product systems,Migration,Existing but incomplete,S7,app/src/components/institutional/; app/src/lib/integration/; app/server/integration/; docs/trust/,"Integration and trust controls require approved scopes, server-held credentials, versioned mappings, reconciliation, rollback/degraded behavior, evidence expiry and security tests.","Current repository code, schema, checks or operational documents cover part of this domain, but the archive label does not prove the full operated-system completion contract."
system,system-product-46,Product systems,Trust,Existing but incomplete,S7,app/src/components/institutional/; app/src/lib/integration/; app/server/integration/; docs/trust/,"Integration and trust controls require approved scopes, server-held credentials, versioned mappings, reconciliation, rollback/degraded behavior, evidence expiry and security tests.","Current repository code, schema, checks or operational documents cover part of this domain, but the archive label does not prove the full operated-system completion contract."
system,system-product-47,Product systems,Compliance,Existing but incomplete,S7,app/src/components/institutional/; app/src/lib/integration/; app/server/integration/; docs/trust/,"Integration and trust controls require approved scopes, server-held credentials, versioned mappings, reconciliation, rollback/degraded behavior, evidence expiry and security tests.","Current repository code, schema, checks or operational documents cover part of this domain, but the archive label does not prove the full operated-system completion contract."
system,system-product-48,Product systems,Privacy,Existing but incomplete,S7,app/src/components/institutional/; app/src/lib/integration/; app/server/integration/; docs/trust/,"Integration and trust controls require approved scopes, server-held credentials, versioned mappings, reconciliation, rollback/degraded behavior, evidence expiry and security tests.","Current repository code, schema, checks or operational documents cover part of this domain, but the archive label does not prove the full operated-system completion contract."
system,system-product-49,Product systems,Security,Existing but incomplete,S7,app/src/components/institutional/; app/src/lib/integration/; app/server/integration/; docs/trust/,"Integration and trust controls require approved scopes, server-held credentials, versioned mappings, reconciliation, rollback/degraded behavior, evidence expiry and security tests.","Current repository code, schema, checks or operational documents cover part of this domain, but the archive label does not prove the full operated-system completion contract."
system,system-product-50,Product systems,Audit,Existing but incomplete,S7,app/src/components/institutional/; app/src/lib/integration/; app/server/integration/; docs/trust/,"Integration and trust controls require approved scopes, server-held credentials, versioned mappings, reconciliation, rollback/degraded behavior, evidence expiry and security tests.","Current repository code, schema, checks or operational documents cover part of this domain, but the archive label does not prove the full operated-system completion contract."
system,system-product-51,Product systems,Release,Existing but incomplete,S7,app/src/components/institutional/; app/src/lib/integration/; app/server/integration/; docs/trust/,"Integration and trust controls require approved scopes, server-held credentials, versioned mappings, reconciliation, rollback/degraded behavior, evidence expiry and security tests.","Current repository code, schema, checks or operational documents cover part of this domain, but the archive label does not prove the full operated-system completion contract."
system,system-product-52,Product systems,Billing,Existing but incomplete,S8,app/src/components/console/; app/src/lib/console/; docs/company/; docs/commercial/,"Company operations require scoped operational roles, approved claims/metrics, audit and separation from student records; documents and schemas alone do not prove an operated system.","Current repository code, schema, checks or operational documents cover part of this domain, but the archive label does not prove the full operated-system completion contract."
system,system-product-53,Product systems,CRM/GTM,Existing but incomplete,S8,app/src/components/console/; app/src/lib/console/; docs/company/; docs/commercial/,"Company operations require scoped operational roles, approved claims/metrics, audit and separation from student records; documents and schemas alone do not prove an operated system.","Current repository code, schema, checks or operational documents cover part of this domain, but the archive label does not prove the full operated-system completion contract."
system,system-product-54,Product systems,Customer Success,Existing but incomplete,S8,app/src/components/console/; app/src/lib/console/; docs/company/; docs/commercial/,"Company operations require scoped operational roles, approved claims/metrics, audit and separation from student records; documents and schemas alone do not prove an operated system.","Current repository code, schema, checks or operational documents cover part of this domain, but the archive label does not prove the full operated-system completion contract."
system,system-product-55,Product systems,Operations Console,Existing but incomplete,S8,app/src/components/console/; app/src/lib/console/; docs/company/; docs/commercial/,"Company operations require scoped operational roles, approved claims/metrics, audit and separation from student records; documents and schemas alone do not prove an operated system.","Current repository code, schema, checks or operational documents cover part of this domain, but the archive label does not prove the full operated-system completion contract."
system,system-product-56,Product systems,Finance,Existing but incomplete,S8,app/src/components/console/; app/src/lib/console/; docs/company/; docs/commercial/,"Company operations require scoped operational roles, approved claims/metrics, audit and separation from student records; documents and schemas alone do not prove an operated system.","Current repository code, schema, checks or operational documents cover part of this domain, but the archive label does not prove the full operated-system completion contract."
system,system-product-57,Product systems,People/Capacity,Existing but incomplete,S8,app/src/components/console/; app/src/lib/console/; docs/company/; docs/commercial/,"Company operations require scoped operational roles, approved claims/metrics, audit and separation from student records; documents and schemas alone do not prove an operated system.","Current repository code, schema, checks or operational documents cover part of this domain, but the archive label does not prove the full operated-system completion contract."
system,system-product-58,Product systems,Board/Investor Reporting,Documentation or roadmap only,S8,app/src/components/console/; app/src/lib/console/; docs/company/; docs/commercial/,"Company operations require scoped operational roles, approved claims/metrics, audit and separation from student records; documents and schemas alone do not prove an operated system.","Current board materials are documents and templates, not evidence of an operated reporting system or authorized investor portal."
system,system-control-01,Platform control systems,RLS and Tenant Isolation,Existing but incomplete,S7,app/src/components/institutional/; app/src/lib/integration/; app/server/integration/; docs/trust/,"Integration and trust controls require approved scopes, server-held credentials, versioned mappings, reconciliation, rollback/degraded behavior, evidence expiry and security tests.","Current repository code, schema, checks or operational documents cover part of this domain, but the archive label does not prove the full operated-system completion contract."
system,system-control-02,Platform control systems,Role and Capability,Existing but incomplete,S7,app/src/components/institutional/; app/src/lib/integration/; app/server/integration/; docs/trust/,"Integration and trust controls require approved scopes, server-held credentials, versioned mappings, reconciliation, rollback/degraded behavior, evidence expiry and security tests.","Current repository code, schema, checks or operational documents cover part of this domain, but the archive label does not prove the full operated-system completion contract."
system,system-control-03,Platform control systems,Approval,Existing but incomplete,S7,app/src/components/institutional/; app/src/lib/integration/; app/server/integration/; docs/trust/,"Integration and trust controls require approved scopes, server-held credentials, versioned mappings, reconciliation, rollback/degraded behavior, evidence expiry and security tests.","Current repository code, schema, checks or operational documents cover part of this domain, but the archive label does not prove the full operated-system completion contract."
system,system-control-04,Platform control systems,Two-Person Control,Existing but incomplete,S7,app/src/components/institutional/; app/src/lib/integration/; app/server/integration/; docs/trust/,"Integration and trust controls require approved scopes, server-held credentials, versioned mappings, reconciliation, rollback/degraded behavior, evidence expiry and security tests.","Current repository code, schema, checks or operational documents cover part of this domain, but the archive label does not prove the full operated-system completion contract."
system,system-control-05,Platform control systems,Break-Glass Access,Existing but incomplete,S7,app/src/components/institutional/; app/src/lib/integration/; app/server/integration/; docs/trust/,"Integration and trust controls require approved scopes, server-held credentials, versioned mappings, reconciliation, rollback/degraded behavior, evidence expiry and security tests.","Current repository code, schema, checks or operational documents cover part of this domain, but the archive label does not prove the full operated-system completion contract."
system,system-control-06,Platform control systems,Feature Flags,Existing but incomplete,S7,app/src/components/institutional/; app/src/lib/integration/; app/server/integration/; docs/trust/,"Integration and trust controls require approved scopes, server-held credentials, versioned mappings, reconciliation, rollback/degraded behavior, evidence expiry and security tests.","Current repository code, schema, checks or operational documents cover part of this domain, but the archive label does not prove the full operated-system completion contract."
system,system-control-07,Platform control systems,Cohort Rollout,Existing but incomplete,S7,app/src/components/institutional/; app/src/lib/integration/; app/server/integration/; docs/trust/,"Integration and trust controls require approved scopes, server-held credentials, versioned mappings, reconciliation, rollback/degraded behavior, evidence expiry and security tests.","Current repository code, schema, checks or operational documents cover part of this domain, but the archive label does not prove the full operated-system completion contract."
system,system-control-08,Platform control systems,Tenant Rollout,Existing but incomplete,S7,app/src/components/institutional/; app/src/lib/integration/; app/server/integration/; docs/trust/,"Integration and trust controls require approved scopes, server-held credentials, versioned mappings, reconciliation, rollback/degraded behavior, evidence expiry and security tests.","Current repository code, schema, checks or operational documents cover part of this domain, but the archive label does not prove the full operated-system completion contract."
system,system-control-09,Platform control systems,Configuration Studio,Existing but incomplete,S7,app/src/components/institutional/; app/src/lib/integration/; app/server/integration/; docs/trust/,"Integration and trust controls require approved scopes, server-held credentials, versioned mappings, reconciliation, rollback/degraded behavior, evidence expiry and security tests.","Current repository code, schema, checks or operational documents cover part of this domain, but the archive label does not prove the full operated-system completion contract."
system,system-control-10,Platform control systems,Workflow Builder,Existing but incomplete,S7,app/src/components/institutional/; app/src/lib/integration/; app/server/integration/; docs/trust/,"Integration and trust controls require approved scopes, server-held credentials, versioned mappings, reconciliation, rollback/degraded behavior, evidence expiry and security tests.","Current repository code, schema, checks or operational documents cover part of this domain, but the archive label does not prove the full operated-system completion contract."
system,system-control-11,Platform control systems,Policy Hierarchy,Existing but incomplete,S7,app/src/components/institutional/; app/src/lib/integration/; app/server/integration/; docs/trust/,"Integration and trust controls require approved scopes, server-held credentials, versioned mappings, reconciliation, rollback/degraded behavior, evidence expiry and security tests.","Current repository code, schema, checks or operational documents cover part of this domain, but the archive label does not prove the full operated-system completion contract."
system,system-control-12,Platform control systems,Data Classification Rules,Existing but incomplete,S7,app/src/components/institutional/; app/src/lib/integration/; app/server/integration/; docs/trust/,"Integration and trust controls require approved scopes, server-held credentials, versioned mappings, reconciliation, rollback/degraded behavior, evidence expiry and security tests.","Current repository code, schema, checks or operational documents cover part of this domain, but the archive label does not prove the full operated-system completion contract."
system,system-control-13,Platform control systems,Consent Registry,Existing but incomplete,S7,app/src/components/institutional/; app/src/lib/integration/; app/server/integration/; docs/trust/,"Integration and trust controls require approved scopes, server-held credentials, versioned mappings, reconciliation, rollback/degraded behavior, evidence expiry and security tests.","Current repository code, schema, checks or operational documents cover part of this domain, but the archive label does not prove the full operated-system completion contract."
system,system-control-14,Platform control systems,Retention Engine,Existing but incomplete,S7,app/src/components/institutional/; app/src/lib/integration/; app/server/integration/; docs/trust/,"Integration and trust controls require approved scopes, server-held credentials, versioned mappings, reconciliation, rollback/degraded behavior, evidence expiry and security tests.","Current repository code, schema, checks or operational documents cover part of this domain, but the archive label does not prove the full operated-system completion contract."
system,system-control-15,Platform control systems,Legal Hold Engine,Existing but incomplete,S7,app/src/components/institutional/; app/src/lib/integration/; app/server/integration/; docs/trust/,"Integration and trust controls require approved scopes, server-held credentials, versioned mappings, reconciliation, rollback/degraded behavior, evidence expiry and security tests.","Current repository code, schema, checks or operational documents cover part of this domain, but the archive label does not prove the full operated-system completion contract."
system,system-control-16,Platform control systems,Data Subject Requests,Existing but incomplete,S7,app/src/components/institutional/; app/src/lib/integration/; app/server/integration/; docs/trust/,"Integration and trust controls require approved scopes, server-held credentials, versioned mappings, reconciliation, rollback/degraded behavior, evidence expiry and security tests.","Current repository code, schema, checks or operational documents cover part of this domain, but the archive label does not prove the full operated-system completion contract."
system,system-control-17,Platform control systems,Audit Events,Existing but incomplete,S7,app/src/components/institutional/; app/src/lib/integration/; app/server/integration/; docs/trust/,"Integration and trust controls require approved scopes, server-held credentials, versioned mappings, reconciliation, rollback/degraded behavior, evidence expiry and security tests.","Current repository code, schema, checks or operational documents cover part of this domain, but the archive label does not prove the full operated-system completion contract."
system,system-control-18,Platform control systems,Human Override Registry,Existing but incomplete,S7,app/src/components/institutional/; app/src/lib/integration/; app/server/integration/; docs/trust/,"Integration and trust controls require approved scopes, server-held credentials, versioned mappings, reconciliation, rollback/degraded behavior, evidence expiry and security tests.","Current repository code, schema, checks or operational documents cover part of this domain, but the archive label does not prove the full operated-system completion contract."
system,system-control-19,Platform control systems,Trust Artifact Registry,Existing but incomplete,S7,app/src/components/institutional/; app/src/lib/integration/; app/server/integration/; docs/trust/,"Integration and trust controls require approved scopes, server-held credentials, versioned mappings, reconciliation, rollback/degraded behavior, evidence expiry and security tests.","Current repository code, schema, checks or operational documents cover part of this domain, but the archive label does not prove the full operated-system completion contract."
system,system-control-20,Platform control systems,Claims Register,Existing but incomplete,S7,app/src/components/institutional/; app/src/lib/integration/; app/server/integration/; docs/trust/,"Integration and trust controls require approved scopes, server-held credentials, versioned mappings, reconciliation, rollback/degraded behavior, evidence expiry and security tests.","Current repository code, schema, checks or operational documents cover part of this domain, but the archive label does not prove the full operated-system completion contract."
system,system-control-21,Platform control systems,Content Register,Existing but incomplete,S7,app/src/components/institutional/; app/src/lib/integration/; app/server/integration/; docs/trust/,"Integration and trust controls require approved scopes, server-held credentials, versioned mappings, reconciliation, rollback/degraded behavior, evidence expiry and security tests.","Current repository code, schema, checks or operational documents cover part of this domain, but the archive label does not prove the full operated-system completion contract."
system,system-control-22,Platform control systems,Risk Register,Existing but incomplete,S7,app/src/components/institutional/; app/src/lib/integration/; app/server/integration/; docs/trust/,"Integration and trust controls require approved scopes, server-held credentials, versioned mappings, reconciliation, rollback/degraded behavior, evidence expiry and security tests.","Current repository code, schema, checks or operational documents cover part of this domain, but the archive label does not prove the full operated-system completion contract."
system,system-control-23,Platform control systems,Incident System,Existing but incomplete,S7,app/src/components/institutional/; app/src/lib/integration/; app/server/integration/; docs/trust/,"Integration and trust controls require approved scopes, server-held credentials, versioned mappings, reconciliation, rollback/degraded behavior, evidence expiry and security tests.","Current repository code, schema, checks or operational documents cover part of this domain, but the archive label does not prove the full operated-system completion contract."
system,system-control-24,Platform control systems,SLO/Error Budget,Existing but incomplete,S7,app/src/components/institutional/; app/src/lib/integration/; app/server/integration/; docs/trust/,"Integration and trust controls require approved scopes, server-held credentials, versioned mappings, reconciliation, rollback/degraded behavior, evidence expiry and security tests.","Current repository code, schema, checks or operational documents cover part of this domain, but the archive label does not prove the full operated-system completion contract."
system,system-control-25,Platform control systems,Projection/Read Models,Missing and in scope,S7,app/src/components/institutional/; app/src/lib/integration/; app/server/integration/; docs/trust/,"Integration and trust controls require approved scopes, server-held credentials, versioned mappings, reconciliation, rollback/degraded behavior, evidence expiry and security tests.","SEMESTER_MASTER_CURRENT_STATE records no projection worker, watermarks, read-model registry or rebuild path."
system,system-control-26,Platform control systems,Integration Governance,Existing but incomplete,S7,app/src/components/institutional/; app/src/lib/integration/; app/server/integration/; docs/trust/,"Integration and trust controls require approved scopes, server-held credentials, versioned mappings, reconciliation, rollback/degraded behavior, evidence expiry and security tests.","Current repository code, schema, checks or operational documents cover part of this domain, but the archive label does not prove the full operated-system completion contract."
system,system-control-27,Platform control systems,Vendor Governance,Existing but incomplete,S7,app/src/components/institutional/; app/src/lib/integration/; app/server/integration/; docs/trust/,"Integration and trust controls require approved scopes, server-held credentials, versioned mappings, reconciliation, rollback/degraded behavior, evidence expiry and security tests.","Current repository code, schema, checks or operational documents cover part of this domain, but the archive label does not prove the full operated-system completion contract."
system,system-control-28,Platform control systems,Offboarding,Existing but incomplete,S7,app/src/components/institutional/; app/src/lib/integration/; app/server/integration/; docs/trust/,"Integration and trust controls require approved scopes, server-held credentials, versioned mappings, reconciliation, rollback/degraded behavior, evidence expiry and security tests.","Current repository code, schema, checks or operational documents cover part of this domain, but the archive label does not prove the full operated-system completion contract."
system,system-control-29,Platform control systems,Backup/Restore,Existing but incomplete,S7,app/src/components/institutional/; app/src/lib/integration/; app/server/integration/; docs/trust/,"Integration and trust controls require approved scopes, server-held credentials, versioned mappings, reconciliation, rollback/degraded behavior, evidence expiry and security tests.","Current repository code, schema, checks or operational documents cover part of this domain, but the archive label does not prove the full operated-system completion contract."
system,system-control-30,Platform control systems,Release Evidence,Existing but incomplete,S7,app/src/components/institutional/; app/src/lib/integration/; app/server/integration/; docs/trust/,"Integration and trust controls require approved scopes, server-held credentials, versioned mappings, reconciliation, rollback/degraded behavior, evidence expiry and security tests.","Current repository code, schema, checks or operational documents cover part of this domain, but the archive label does not prove the full operated-system completion contract."
document,document-product-architecture-01,Product & architecture,SEMESTER_UNIFIED_EDUCATION_OS_THESIS,Duplicate or superseded,D1,docs/product/SEMESTER_UNIFIED_EDUCATION_OS_THESIS.md,"The current repository authority must stay versioned, owned and evidence-bounded. Drafts, templates and plans do not prove approval, operation, deployment or external acceptance.",A current repository document or authority already covers this requested subject. The archive document requirement is superseded and is not imported as a parallel source of truth.
document,document-product-architecture-02,Product & architecture,EDUCATION_GRAPH_ARCHITECTURE,Duplicate or superseded,D1,docs/product/EDUCATION_GRAPH_ARCHITECTURE.md,"The current repository authority must stay versioned, owned and evidence-bounded. Drafts, templates and plans do not prove approval, operation, deployment or external acceptance.",A current repository document or authority already covers this requested subject. The archive document requirement is superseded and is not imported as a parallel source of truth.
document,document-product-architecture-03,Product & architecture,ROLE_EXPERIENCE_MATRIX,Duplicate or superseded,D1,docs/product/ROLE_EXPERIENCE_MATRIX.md; docs/ROLE-LAUNCH-REGISTER.md,"The current repository authority must stay versioned, owned and evidence-bounded. Drafts, templates and plans do not prove approval, operation, deployment or external acceptance.",A current repository document or authority already covers this requested subject. The archive document requirement is superseded and is not imported as a parallel source of truth.
document,document-product-architecture-04,Product & architecture,DOMAIN_AUTHORITY_MATRIX,Duplicate or superseded,D1,docs/master/SEMESTER_DOMAIN_AUTHORITY_MATRIX.md,"The current repository authority must stay versioned, owned and evidence-bounded. Drafts, templates and plans do not prove approval, operation, deployment or external acceptance.",A current repository document or authority already covers this requested subject. The archive document requirement is superseded and is not imported as a parallel source of truth.
document,document-product-architecture-05,Product & architecture,DOMAIN_REPLACEMENT_MATRIX,Duplicate or superseded,D1,docs/product/DOMAIN_REPLACEMENT_MATRIX.md; docs/DOMAIN-REPLACEMENT-REGISTER.md,"The current repository authority must stay versioned, owned and evidence-bounded. Drafts, templates and plans do not prove approval, operation, deployment or external acceptance.",A current repository document or authority already covers this requested subject. The archive document requirement is superseded and is not imported as a parallel source of truth.
document,document-product-architecture-06,Product & architecture,CONNECT_REPLACE_OPERATE_STRATEGY,Duplicate or superseded,D1,docs/product/CONNECT_REPLACE_OPERATE_STRATEGY.md,"The current repository authority must stay versioned, owned and evidence-bounded. Drafts, templates and plans do not prove approval, operation, deployment or external acceptance.",A current repository document or authority already covers this requested subject. The archive document requirement is superseded and is not imported as a parallel source of truth.
document,document-product-architecture-07,Product & architecture,INTEROPERABILITY_AND_MIGRATION_STRATEGY,Duplicate or superseded,D1,docs/product/INTEROPERABILITY_AND_MIGRATION_STRATEGY.md,"The current repository authority must stay versioned, owned and evidence-bounded. Drafts, templates and plans do not prove approval, operation, deployment or external acceptance.",A current repository document or authority already covers this requested subject. The archive document requirement is superseded and is not imported as a parallel source of truth.
document,document-product-architecture-08,Product & architecture,PRODUCT_COHERENCE_MODEL,Duplicate or superseded,D1,docs/finish-line/SEMESTER_PRODUCT_COHERENCE_AUDIT.md,"The current repository authority must stay versioned, owned and evidence-bounded. Drafts, templates and plans do not prove approval, operation, deployment or external acceptance.",A current repository document or authority already covers this requested subject. The archive document requirement is superseded and is not imported as a parallel source of truth.
document,document-product-architecture-09,Product & architecture,PRODUCT_NAVIGATION_SYSTEM,Duplicate or superseded,D1,docs/design/DESIGN-SYSTEM-PRODUCT-SPEC.md; app/src/lib/nav.ts,"The current repository authority must stay versioned, owned and evidence-bounded. Drafts, templates and plans do not prove approval, operation, deployment or external acceptance.",A current repository document or authority already covers this requested subject. The archive document requirement is superseded and is not imported as a parallel source of truth.
document,document-product-architecture-10,Product & architecture,MOBILE_AND_DESKTOP_INTERACTION_MODEL,Duplicate or superseded,D1,docs/CROSS-DEVICE-CONTINUITY.md; app/src/lib/media.ts,"The current repository authority must stay versioned, owned and evidence-bounded. Drafts, templates and plans do not prove approval, operation, deployment or external acceptance.",A current repository document or authority already covers this requested subject. The archive document requirement is superseded and is not imported as a parallel source of truth.
document,document-product-architecture-11,Product & architecture,DESIGN_SYSTEM_GUIDE,Duplicate or superseded,D1,docs/design-system/README.md; DESIGN-SYSTEM-GUIDE.md,"The current repository authority must stay versioned, owned and evidence-bounded. Drafts, templates and plans do not prove approval, operation, deployment or external acceptance.",A current repository document or authority already covers this requested subject. The archive document requirement is superseded and is not imported as a parallel source of truth.
document,document-product-architecture-12,Product & architecture,ACCESSIBILITY_ARCHITECTURE,Duplicate or superseded,D1,docs/accessibility/PROGRAM.md; docs/accessibility/ACCEPTANCE-CRITERIA.md,"The current repository authority must stay versioned, owned and evidence-bounded. Drafts, templates and plans do not prove approval, operation, deployment or external acceptance.",A current repository document or authority already covers this requested subject. The archive document requirement is superseded and is not imported as a parallel source of truth.
document,document-academic-learning-01,Academic & learning,COURSE_STUDIO_SPEC,Duplicate or superseded,D1,docs/FACULTY-COURSE-STUDIO-DESIGN.md,"The current repository authority must stay versioned, owned and evidence-bounded. Drafts, templates and plans do not prove approval, operation, deployment or external acceptance.",A current repository document or authority already covers this requested subject. The archive document requirement is superseded and is not imported as a parallel source of truth.
document,document-academic-learning-02,Academic & learning,LEARNING_OBJECTIVE_MODEL,Duplicate or superseded,D1,docs/LEARNING-ASSESSMENT-GRADEBOOK-REGISTER.md; app/src/lib/coursestudio.ts,"The current repository authority must stay versioned, owned and evidence-bounded. Drafts, templates and plans do not prove approval, operation, deployment or external acceptance.",A current repository document or authority already covers this requested subject. The archive document requirement is superseded and is not imported as a parallel source of truth.
document,document-academic-learning-03,Academic & learning,ASSESSMENT_AND_GRADEBOOK_SPEC,Duplicate or superseded,D1,docs/LEARNING-ASSESSMENT-GRADEBOOK-REGISTER.md,"The current repository authority must stay versioned, owned and evidence-bounded. Drafts, templates and plans do not prove approval, operation, deployment or external acceptance.",A current repository document or authority already covers this requested subject. The archive document requirement is superseded and is not imported as a parallel source of truth.
document,document-academic-learning-04,Academic & learning,ACADEMIC_INTEGRITY_POLICY,Duplicate or superseded,D1,docs/learning-integrity/04-ACADEMIC-INTEGRITY-CONTROLS.md,"The current repository authority must stay versioned, owned and evidence-bounded. Drafts, templates and plans do not prove approval, operation, deployment or external acceptance.",A current repository document or authority already covers this requested subject. The archive document requirement is superseded and is not imported as a parallel source of truth.
document,document-academic-learning-05,Academic & learning,ACADEMIC_RECORD_LEDGER_SPEC,Duplicate or superseded,D1,docs/learning-university-systems/ACADEMIC-RECORDS-DATA-MODEL.md,"The current repository authority must stay versioned, owned and evidence-bounded. Drafts, templates and plans do not prove approval, operation, deployment or external acceptance.",A current repository document or authority already covers this requested subject. The archive document requirement is superseded and is not imported as a parallel source of truth.
document,document-academic-learning-06,Academic & learning,REGISTRATION_ENGINE_SPEC,Duplicate or superseded,D1,docs/learning-university-systems/REGISTRATION-READINESS-SPEC.md,"The current repository authority must stay versioned, owned and evidence-bounded. Drafts, templates and plans do not prove approval, operation, deployment or external acceptance.",A current repository document or authority already covers this requested subject. The archive document requirement is superseded and is not imported as a parallel source of truth.
document,document-academic-learning-07,Academic & learning,DEGREE_AUDIT_SPEC,Duplicate or superseded,D1,docs/learning-university-systems/DEGREE-PLANNING-AND-AUDIT-SPEC.md,"The current repository authority must stay versioned, owned and evidence-bounded. Drafts, templates and plans do not prove approval, operation, deployment or external acceptance.",A current repository document or authority already covers this requested subject. The archive document requirement is superseded and is not imported as a parallel source of truth.
document,document-academic-learning-08,Academic & learning,TRANSFER_AND_ARTICULATION_SPEC,Duplicate or superseded,D1,docs/TRANSFER-TRANSITION-HUB.md,"The current repository authority must stay versioned, owned and evidence-bounded. Drafts, templates and plans do not prove approval, operation, deployment or external acceptance.",A current repository document or authority already covers this requested subject. The archive document requirement is superseded and is not imported as a parallel source of truth.
document,document-academic-learning-09,Academic & learning,FACULTY_WORKSPACE_SPEC,Duplicate or superseded,D1,docs/FACULTY-COURSE-STUDIO-DESIGN.md,"The current repository authority must stay versioned, owned and evidence-bounded. Drafts, templates and plans do not prove approval, operation, deployment or external acceptance.",A current repository document or authority already covers this requested subject. The archive document requirement is superseded and is not imported as a parallel source of truth.
document,document-academic-learning-10,Academic & learning,STUDENT_SUCCESS_MODEL,Duplicate or superseded,D1,docs/learning-university-systems/STUDENT-SUCCESS-OPERATING-MODEL.md,"The current repository authority must stay versioned, owned and evidence-bounded. Drafts, templates and plans do not prove approval, operation, deployment or external acceptance.",A current repository document or authority already covers this requested subject. The archive document requirement is superseded and is not imported as a parallel source of truth.
document,document-ai-01,AI,AI_GOVERNANCE_POLICY,Duplicate or superseded,D1,docs/legal-drafts/AI-USE-AND-DATA-GOVERNANCE-POLICY-DRAFT.md; docs/ai-governance/README.md,"The current repository authority must stay versioned, owned and evidence-bounded. Drafts, templates and plans do not prove approval, operation, deployment or external acceptance.",A current repository document or authority already covers this requested subject. The archive document requirement is superseded and is not imported as a parallel source of truth.
document,document-ai-02,AI,AI_MODEL_ROUTING,Duplicate or superseded,D1,docs/product/AI_GOVERNANCE_AND_MODEL_ROUTING.md,"The current repository authority must stay versioned, owned and evidence-bounded. Drafts, templates and plans do not prove approval, operation, deployment or external acceptance.",A current repository document or authority already covers this requested subject. The archive document requirement is superseded and is not imported as a parallel source of truth.
document,document-ai-03,AI,AI_DATA_CLASSIFICATION,Duplicate or superseded,D1,docs/trust/DATA-CLASSIFICATION-STANDARD.md,"The current repository authority must stay versioned, owned and evidence-bounded. Drafts, templates and plans do not prove approval, operation, deployment or external acceptance.",A current repository document or authority already covers this requested subject. The archive document requirement is superseded and is not imported as a parallel source of truth.
document,document-ai-04,AI,AI_EVALUATION_HARNESS,Duplicate or superseded,D1,docs/AI-RECOMMENDATION-EVALUATION-HARNESS.md,"The current repository authority must stay versioned, owned and evidence-bounded. Drafts, templates and plans do not prove approval, operation, deployment or external acceptance.",A current repository document or authority already covers this requested subject. The archive document requirement is superseded and is not imported as a parallel source of truth.
document,document-ai-05,AI,AI_RED_TEAM_PLAN,Duplicate or superseded,D1,docs/ai-governance/10-red-team-and-launch-gates.md,"The current repository authority must stay versioned, owned and evidence-bounded. Drafts, templates and plans do not prove approval, operation, deployment or external acceptance.",A current repository document or authority already covers this requested subject. The archive document requirement is superseded and is not imported as a parallel source of truth.
document,document-ai-06,AI,AI_PROVIDER_REGISTRY,Duplicate or superseded,D1,docs/ai-governance/02-model-gateway.md; app/src/ai/providers/,"The current repository authority must stay versioned, owned and evidence-bounded. Drafts, templates and plans do not prove approval, operation, deployment or external acceptance.",A current repository document or authority already covers this requested subject. The archive document requirement is superseded and is not imported as a parallel source of truth.
document,document-ai-07,AI,AI_COURSE_POLICY_MODEL,Duplicate or superseded,D1,docs/ai-toolkit/RUBRIC-AND-AI-USE-POLICY.md; app/src/lib/coursestudio.ts,"The current repository authority must stay versioned, owned and evidence-bounded. Drafts, templates and plans do not prove approval, operation, deployment or external acceptance.",A current repository document or authority already covers this requested subject. The archive document requirement is superseded and is not imported as a parallel source of truth.
document,document-ai-08,AI,AI_SPEND_AND_QUOTA_POLICY,Duplicate or superseded,D1,docs/sre/runbooks/RB-05-ai-provider-or-spend.md; docs/ai-governance/02-model-gateway.md,"The current repository authority must stay versioned, owned and evidence-bounded. Drafts, templates and plans do not prove approval, operation, deployment or external acceptance.",A current repository document or authority already covers this requested subject. The archive document requirement is superseded and is not imported as a parallel source of truth.
document,document-ai-09,AI,AI_INCIDENT_RESPONSE,Duplicate or superseded,D1,docs/ai-governance/07-incident-response-and-shutdown.md,"The current repository authority must stay versioned, owned and evidence-bounded. Drafts, templates and plans do not prove approval, operation, deployment or external acceptance.",A current repository document or authority already covers this requested subject. The archive document requirement is superseded and is not imported as a parallel source of truth.
document,document-ai-10,AI,AI_TRANSPARENCY_UX,Duplicate or superseded,D1,docs/ai-governance/09-user-transparency.md,"The current repository authority must stay versioned, owned and evidence-bounded. Drafts, templates and plans do not prove approval, operation, deployment or external acceptance.",A current repository document or authority already covers this requested subject. The archive document requirement is superseded and is not imported as a parallel source of truth.
document,document-integration-migration-01,Integration & migration,LTI_IMPLEMENTATION,Duplicate or superseded,D1,docs/LTI-1.3-LAUNCH-RUNBOOK.md; docs/institutional-readiness/LTI-READINESS.md,"The current repository authority must stay versioned, owned and evidence-bounded. Drafts, templates and plans do not prove approval, operation, deployment or external acceptance.",A current repository document or authority already covers this requested subject. The archive document requirement is superseded and is not imported as a parallel source of truth.
document,document-integration-migration-02,Integration & migration,ONEROSTER_IMPLEMENTATION,Duplicate or superseded,D1,docs/institutional-readiness/ONEROSTER-READINESS.md,"The current repository authority must stay versioned, owned and evidence-bounded. Drafts, templates and plans do not prove approval, operation, deployment or external acceptance.",A current repository document or authority already covers this requested subject. The archive document requirement is superseded and is not imported as a parallel source of truth.
document,document-integration-migration-03,Integration & migration,EDU_API_STRATEGY,Duplicate or superseded,D1,docs/API-PLATFORM.md; docs/INTEGRATION-CONTROL-PLANE.md,"The current repository authority must stay versioned, owned and evidence-bounded. Drafts, templates and plans do not prove approval, operation, deployment or external acceptance.",A current repository document or authority already covers this requested subject. The archive document requirement is superseded and is not imported as a parallel source of truth.
document,document-integration-migration-04,Integration & migration,SIS_ERP_MIGRATION_FACTORY,Duplicate or superseded,D1,docs/master/SEMESTER_MIGRATION_FACTORY.md,"The current repository authority must stay versioned, owned and evidence-bounded. Drafts, templates and plans do not prove approval, operation, deployment or external acceptance.",A current repository document or authority already covers this requested subject. The archive document requirement is superseded and is not imported as a parallel source of truth.
document,document-integration-migration-05,Integration & migration,INTEGRATION_GOVERNANCE,Duplicate or superseded,D1,docs/INTEGRATION-CONTROL-PLANE.md; docs/INTEGRATION-PERMISSION-MATRIX.md,"The current repository authority must stay versioned, owned and evidence-bounded. Drafts, templates and plans do not prove approval, operation, deployment or external acceptance.",A current repository document or authority already covers this requested subject. The archive document requirement is superseded and is not imported as a parallel source of truth.
document,document-integration-migration-06,Integration & migration,DATA_MAPPING_STANDARD,Duplicate or superseded,D1,docs/institutional-readiness/DATA-MAPPING-TEMPLATE.md,"The current repository authority must stay versioned, owned and evidence-bounded. Drafts, templates and plans do not prove approval, operation, deployment or external acceptance.",A current repository document or authority already covers this requested subject. The archive document requirement is superseded and is not imported as a parallel source of truth.
document,document-integration-migration-07,Integration & migration,RECONCILIATION_STANDARD,Duplicate or superseded,D1,docs/INTEGRATION-QUALITY-AND-RECONCILIATION.md,"The current repository authority must stay versioned, owned and evidence-bounded. Drafts, templates and plans do not prove approval, operation, deployment or external acceptance.",A current repository document or authority already covers this requested subject. The archive document requirement is superseded and is not imported as a parallel source of truth.
document,document-integration-migration-08,Integration & migration,DUAL_RUN_AND_CUTOVER,Duplicate or superseded,D1,docs/migration/05-REHEARSAL-PARALLEL-RUN-CUTOVER-ROLLBACK.md,"The current repository authority must stay versioned, owned and evidence-bounded. Drafts, templates and plans do not prove approval, operation, deployment or external acceptance.",A current repository document or authority already covers this requested subject. The archive document requirement is superseded and is not imported as a parallel source of truth.
document,document-integration-migration-09,Integration & migration,ROLLBACK_STANDARD,Duplicate or superseded,D1,docs/engineering-operations/MIGRATION-AND-ROLLBACK-RUNBOOK.md,"The current repository authority must stay versioned, owned and evidence-bounded. Drafts, templates and plans do not prove approval, operation, deployment or external acceptance.",A current repository document or authority already covers this requested subject. The archive document requirement is superseded and is not imported as a parallel source of truth.
document,document-integration-migration-10,Integration & migration,INTEGRATION_OFFBOARDING,Duplicate or superseded,D1,docs/DATA-PORTABILITY-AND-OFFBOARDING.md,"The current repository authority must stay versioned, owned and evidence-bounded. Drafts, templates and plans do not prove approval, operation, deployment or external acceptance.",A current repository document or authority already covers this requested subject. The archive document requirement is superseded and is not imported as a parallel source of truth.
document,document-trust-compliance-01,Trust & compliance,SECURITY,Duplicate or superseded,D1,docs/business/compliance/CLOUD_SECURITY_PLAN.md; docs/SECURITY-THREAT-MODEL.md,"The current repository authority must stay versioned, owned and evidence-bounded. Drafts, templates and plans do not prove approval, operation, deployment or external acceptance.",A current repository document or authority already covers this requested subject. The archive document requirement is superseded and is not imported as a parallel source of truth.
document,document-trust-compliance-02,Trust & compliance,PRIVACY,Duplicate or superseded,D1,docs/institutional-readiness/INSTITUTIONAL-PRIVACY-PACKAGE.md,"The current repository authority must stay versioned, owned and evidence-bounded. Drafts, templates and plans do not prove approval, operation, deployment or external acceptance.",A current repository document or authority already covers this requested subject. The archive document requirement is superseded and is not imported as a parallel source of truth.
document,document-trust-compliance-03,Trust & compliance,ACCESSIBILITY,Duplicate or superseded,D1,docs/accessibility/PROGRAM.md; docs/accessibility/TESTING-AND-EVIDENCE.md,"The current repository authority must stay versioned, owned and evidence-bounded. Drafts, templates and plans do not prove approval, operation, deployment or external acceptance.",A current repository document or authority already covers this requested subject. The archive document requirement is superseded and is not imported as a parallel source of truth.
document,document-trust-compliance-04,Trust & compliance,DATA_INVENTORY,Duplicate or superseded,D1,docs/DATA-INVENTORY-AND-LINEAGE.md,"The current repository authority must stay versioned, owned and evidence-bounded. Drafts, templates and plans do not prove approval, operation, deployment or external acceptance.",A current repository document or authority already covers this requested subject. The archive document requirement is superseded and is not imported as a parallel source of truth.
document,document-trust-compliance-05,Trust & compliance,DATA_CLASSIFICATION,Duplicate or superseded,D1,docs/trust/DATA-CLASSIFICATION-STANDARD.md,"The current repository authority must stay versioned, owned and evidence-bounded. Drafts, templates and plans do not prove approval, operation, deployment or external acceptance.",A current repository document or authority already covers this requested subject. The archive document requirement is superseded and is not imported as a parallel source of truth.
document,document-trust-compliance-06,Trust & compliance,DATA_RETENTION,Duplicate or superseded,D1,docs/DATA-RETENTION-EXPORT-DELETION.md,"The current repository authority must stay versioned, owned and evidence-bounded. Drafts, templates and plans do not prove approval, operation, deployment or external acceptance.",A current repository document or authority already covers this requested subject. The archive document requirement is superseded and is not imported as a parallel source of truth.
document,document-trust-compliance-07,Trust & compliance,LEGAL_HOLDS,Duplicate or superseded,D1,docs/legal-drafts/LEGAL-HOLD-PROCEDURE-DRAFT.md; supabase/legal-holds.check.sql,"The current repository authority must stay versioned, owned and evidence-bounded. Drafts, templates and plans do not prove approval, operation, deployment or external acceptance.",A current repository document or authority already covers this requested subject. The archive document requirement is superseded and is not imported as a parallel source of truth.
document,document-trust-compliance-08,Trust & compliance,INCIDENT_RESPONSE,Duplicate or superseded,D1,docs/business/compliance/INCIDENT_RESPONSE_PLAN.md; docs/INCIDENT-RECOVERY-PLAYBOOK.md,"The current repository authority must stay versioned, owned and evidence-bounded. Drafts, templates and plans do not prove approval, operation, deployment or external acceptance.",A current repository document or authority already covers this requested subject. The archive document requirement is superseded and is not imported as a parallel source of truth.
document,document-trust-compliance-09,Trust & compliance,BUSINESS_CONTINUITY,Duplicate or superseded,D1,docs/company/BUSINESS-CONTINUITY-OPERATING-PLAN.md,"The current repository authority must stay versioned, owned and evidence-bounded. Drafts, templates and plans do not prove approval, operation, deployment or external acceptance.",A current repository document or authority already covers this requested subject. The archive document requirement is superseded and is not imported as a parallel source of truth.
document,document-trust-compliance-10,Trust & compliance,DISASTER_RECOVERY,Duplicate or superseded,D1,docs/engineering-operations/DISASTER-RECOVERY-TEST-PLAN.md,"The current repository authority must stay versioned, owned and evidence-bounded. Drafts, templates and plans do not prove approval, operation, deployment or external acceptance.",A current repository document or authority already covers this requested subject. The archive document requirement is superseded and is not imported as a parallel source of truth.
document,document-trust-compliance-11,Trust & compliance,HECVAT_ROADMAP,Duplicate or superseded,D1,docs/business/compliance/HECVAT_ROADMAP.md,"The current repository authority must stay versioned, owned and evidence-bounded. Drafts, templates and plans do not prove approval, operation, deployment or external acceptance.",A current repository document or authority already covers this requested subject. The archive document requirement is superseded and is not imported as a parallel source of truth.
document,document-trust-compliance-12,Trust & compliance,TRUST_CENTER,Duplicate or superseded,D1,docs/TRUST-CENTER.md; docs/business/compliance/TRUST_CENTER_INVENTORY.md,"The current repository authority must stay versioned, owned and evidence-bounded. Drafts, templates and plans do not prove approval, operation, deployment or external acceptance.",A current repository document or authority already covers this requested subject. The archive document requirement is superseded and is not imported as a parallel source of truth.
document,document-trust-compliance-13,Trust & compliance,VENDOR_RISK,Duplicate or superseded,D1,docs/business/compliance/VENDOR_RISK_REGISTER.md,"The current repository authority must stay versioned, owned and evidence-bounded. Drafts, templates and plans do not prove approval, operation, deployment or external acceptance.",A current repository document or authority already covers this requested subject. The archive document requirement is superseded and is not imported as a parallel source of truth.
document,document-trust-compliance-14,Trust & compliance,SECURITY_QUESTIONNAIRE_LIBRARY,Duplicate or superseded,D1,docs/business/compliance/SECURITY_QUESTIONNAIRE_LIBRARY.md,"The current repository authority must stay versioned, owned and evidence-bounded. Drafts, templates and plans do not prove approval, operation, deployment or external acceptance.",A current repository document or authority already covers this requested subject. The archive document requirement is superseded and is not imported as a parallel source of truth.
document,document-trust-compliance-15,Trust & compliance,PUBLIC_CLAIMS_REGISTER,Duplicate or superseded,D1,docs/legal/PUBLIC_CLAIMS_APPROVAL_REGISTER.md,"The current repository authority must stay versioned, owned and evidence-bounded. Drafts, templates and plans do not prove approval, operation, deployment or external acceptance.",A current repository document or authority already covers this requested subject. The archive document requirement is superseded and is not imported as a parallel source of truth.
document,document-business-operations-01,Business & operations,COMPANY_OPERATING_SYSTEM,Duplicate or superseded,D1,docs/master/SEMESTER_COMPANY_OPERATING_SYSTEM.md,"The current repository authority must stay versioned, owned and evidence-bounded. Drafts, templates and plans do not prove approval, operation, deployment or external acceptance.",A current repository document or authority already covers this requested subject. The archive document requirement is superseded and is not imported as a parallel source of truth.
document,document-business-operations-02,Business & operations,GTM_PLAYBOOK,Duplicate or superseded,D1,docs/business/gtm/SEMESTER_MASTER_GTM_PLAYBOOK.md,"The current repository authority must stay versioned, owned and evidence-bounded. Drafts, templates and plans do not prove approval, operation, deployment or external acceptance.",A current repository document or authority already covers this requested subject. The archive document requirement is superseded and is not imported as a parallel source of truth.
document,document-business-operations-03,Business & operations,SALES_PLAYBOOK,Duplicate or superseded,D1,docs/commercial/SALES-PLAYBOOK.md,"The current repository authority must stay versioned, owned and evidence-bounded. Drafts, templates and plans do not prove approval, operation, deployment or external acceptance.",A current repository document or authority already covers this requested subject. The archive document requirement is superseded and is not imported as a parallel source of truth.
document,document-business-operations-04,Business & operations,PILOT_DELIVERY_FACTORY,Duplicate or superseded,D1,docs/finish-line/SEMESTER_PILOT_DELIVERY_FACTORY.md,"The current repository authority must stay versioned, owned and evidence-bounded. Drafts, templates and plans do not prove approval, operation, deployment or external acceptance.",A current repository document or authority already covers this requested subject. The archive document requirement is superseded and is not imported as a parallel source of truth.
document,document-business-operations-05,Business & operations,CUSTOMER_SUCCESS_PLAYBOOK,Duplicate or superseded,D1,docs/commercial/CUSTOMER-SUCCESS-PLAYBOOK.md,"The current repository authority must stay versioned, owned and evidence-bounded. Drafts, templates and plans do not prove approval, operation, deployment or external acceptance.",A current repository document or authority already covers this requested subject. The archive document requirement is superseded and is not imported as a parallel source of truth.
document,document-business-operations-06,Business & operations,PRICING_AND_PACKAGING,Duplicate or superseded,D1,docs/business/finance/PRICING_AND_PACKAGING.md,"The current repository authority must stay versioned, owned and evidence-bounded. Drafts, templates and plans do not prove approval, operation, deployment or external acceptance.",A current repository document or authority already covers this requested subject. The archive document requirement is superseded and is not imported as a parallel source of truth.
document,document-business-operations-07,Business & operations,FINANCIAL_MODEL,Duplicate or superseded,D1,docs/business/finance/FINANCIAL_MODEL_SPEC.md,"The current repository authority must stay versioned, owned and evidence-bounded. Drafts, templates and plans do not prove approval, operation, deployment or external acceptance.",A current repository document or authority already covers this requested subject. The archive document requirement is superseded and is not imported as a parallel source of truth.
document,document-business-operations-08,Business & operations,BUDGET_AND_RUNWAY,Duplicate or superseded,D1,docs/company/BUDGET-AND-CASH-RUNWAY-TEMPLATE.md,"The current repository authority must stay versioned, owned and evidence-bounded. Drafts, templates and plans do not prove approval, operation, deployment or external acceptance.",A current repository document or authority already covers this requested subject. The archive document requirement is superseded and is not imported as a parallel source of truth.
document,document-business-operations-09,Business & operations,KPI_TREE,Duplicate or superseded,D1,docs/business/gtm/SEMESTER_GTM_KPI_TREE.md,"The current repository authority must stay versioned, owned and evidence-bounded. Drafts, templates and plans do not prove approval, operation, deployment or external acceptance.",A current repository document or authority already covers this requested subject. The archive document requirement is superseded and is not imported as a parallel source of truth.
document,document-business-operations-10,Business & operations,RISK_REGISTER,Duplicate or superseded,D1,docs/company/RISK-REGISTER.md,"The current repository authority must stay versioned, owned and evidence-bounded. Drafts, templates and plans do not prove approval, operation, deployment or external acceptance.",A current repository document or authority already covers this requested subject. The archive document requirement is superseded and is not imported as a parallel source of truth.
document,document-business-operations-11,Business & operations,OPERATING_CADENCE,Duplicate or superseded,D1,docs/finish-line/SEMESTER_COMPANY_OPERATING_CADENCE.md,"The current repository authority must stay versioned, owned and evidence-bounded. Drafts, templates and plans do not prove approval, operation, deployment or external acceptance.",A current repository document or authority already covers this requested subject. The archive document requirement is superseded and is not imported as a parallel source of truth.
document,document-business-operations-12,Business & operations,BOARD_REPORTING,Duplicate or superseded,D1,docs/finance/09-BOARD-REPORTING-PACKAGE.md,"The current repository authority must stay versioned, owned and evidence-bounded. Drafts, templates and plans do not prove approval, operation, deployment or external acceptance.",A current repository document or authority already covers this requested subject. The archive document requirement is superseded and is not imported as a parallel source of truth.
document,document-business-operations-13,Business & operations,PARTNERSHIPS,Duplicate or superseded,D1,docs/PROVIDER-MATURITY-CERTIFICATION-PARTNERSHIPS.md,"The current repository authority must stay versioned, owned and evidence-bounded. Drafts, templates and plans do not prove approval, operation, deployment or external acceptance.",A current repository document or authority already covers this requested subject. The archive document requirement is superseded and is not imported as a parallel source of truth.
document,document-business-operations-14,Business & operations,PEOPLE_AND_HIRING,Duplicate or superseded,D1,docs/company/leadership-system/04-organization-and-hiring.md,"The current repository authority must stay versioned, owned and evidence-bounded. Drafts, templates and plans do not prove approval, operation, deployment or external acceptance.",A current repository document or authority already covers this requested subject. The archive document requirement is superseded and is not imported as a parallel source of truth.
document,document-engineering-reliability-01,Engineering & reliability,ENGINEERING_STANDARDS,Duplicate or superseded,D1,docs/architecture/modularization/04-engineering-standards.md,"The current repository authority must stay versioned, owned and evidence-bounded. Drafts, templates and plans do not prove approval, operation, deployment or external acceptance.",A current repository document or authority already covers this requested subject. The archive document requirement is superseded and is not imported as a parallel source of truth.
document,document-engineering-reliability-02,Engineering & reliability,TEST_STRATEGY,Duplicate or superseded,D1,docs/engineering-operations/TEST-STRATEGY.md,"The current repository authority must stay versioned, owned and evidence-bounded. Drafts, templates and plans do not prove approval, operation, deployment or external acceptance.",A current repository document or authority already covers this requested subject. The archive document requirement is superseded and is not imported as a parallel source of truth.
document,document-engineering-reliability-03,Engineering & reliability,RELEASE_POLICY,Duplicate or superseded,D1,docs/trust/RELEASE-MANAGEMENT-POLICY.md,"The current repository authority must stay versioned, owned and evidence-bounded. Drafts, templates and plans do not prove approval, operation, deployment or external acceptance.",A current repository document or authority already covers this requested subject. The archive document requirement is superseded and is not imported as a parallel source of truth.
document,document-engineering-reliability-04,Engineering & reliability,SLO_POLICY,Duplicate or superseded,D1,docs/operating-model/SLOS-AND-ERROR-BUDGETS.md,"The current repository authority must stay versioned, owned and evidence-bounded. Drafts, templates and plans do not prove approval, operation, deployment or external acceptance.",A current repository document or authority already covers this requested subject. The archive document requirement is superseded and is not imported as a parallel source of truth.
document,document-engineering-reliability-05,Engineering & reliability,ERROR_BUDGET_POLICY,Duplicate or superseded,D1,docs/engineering-operations/ERROR-BUDGET-DRAFT.md,"The current repository authority must stay versioned, owned and evidence-bounded. Drafts, templates and plans do not prove approval, operation, deployment or external acceptance.",A current repository document or authority already covers this requested subject. The archive document requirement is superseded and is not imported as a parallel source of truth.
document,document-engineering-reliability-06,Engineering & reliability,OBSERVABILITY,Duplicate or superseded,D1,docs/engineering-operations/OBSERVABILITY-PLAN.md,"The current repository authority must stay versioned, owned and evidence-bounded. Drafts, templates and plans do not prove approval, operation, deployment or external acceptance.",A current repository document or authority already covers this requested subject. The archive document requirement is superseded and is not imported as a parallel source of truth.
document,document-engineering-reliability-07,Engineering & reliability,CQRS_READ_MODEL_ARCHITECTURE,Duplicate or superseded,D1,docs/ops/CQRS_READ_MODEL_ARCHITECTURE.md,"The current repository authority must stay versioned, owned and evidence-bounded. Drafts, templates and plans do not prove approval, operation, deployment or external acceptance.",A current repository document or authority already covers this requested subject. The archive document requirement is superseded and is not imported as a parallel source of truth.
document,document-engineering-reliability-08,Engineering & reliability,OPERATIONS_CONSOLE_ARCHITECTURE,Duplicate or superseded,D1,docs/product/operations-console-ux-architecture.md,"The current repository authority must stay versioned, owned and evidence-bounded. Drafts, templates and plans do not prove approval, operation, deployment or external acceptance.",A current repository document or authority already covers this requested subject. The archive document requirement is superseded and is not imported as a parallel source of truth.
document,document-engineering-reliability-09,Engineering & reliability,RUNBOOK_INDEX,Duplicate or superseded,D1,docs/RUNBOOKS.md; docs/sre/runbooks/,"The current repository authority must stay versioned, owned and evidence-bounded. Drafts, templates and plans do not prove approval, operation, deployment or external acceptance.",A current repository document or authority already covers this requested subject. The archive document requirement is superseded and is not imported as a parallel source of truth.
document,document-engineering-reliability-10,Engineering & reliability,BACKUP_RESTORE_TESTS,Duplicate or superseded,D1,docs/trust/BACKUP-RESTORE-AND-ROLLBACK-RUNBOOK.md; docs/engineering-operations/DISASTER-RECOVERY-TEST-PLAN.md,"The current repository authority must stay versioned, owned and evidence-bounded. Drafts, templates and plans do not prove approval, operation, deployment or external acceptance.",A current repository document or authority already covers this requested subject. The archive document requirement is superseded and is not imported as a parallel source of truth.
document,document-engineering-reliability-11,Engineering & reliability,SECURE_SDLC,Duplicate or superseded,D1,docs/trust/SECURE-DEVELOPMENT-LIFECYCLE.md,"The current repository authority must stay versioned, owned and evidence-bounded. Drafts, templates and plans do not prove approval, operation, deployment or external acceptance.",A current repository document or authority already covers this requested subject. The archive document requirement is superseded and is not imported as a parallel source of truth.
