archive_catalog_key,archive_group,group_position,label,row_origin,disposition,evidence_profile,repository_catalog_row,repository_status,current_owner_or_evidence,dependencies_and_acceptance,basis_and_release_boundary
A-001,"A · Public company, sales & marketing site",1,Homepage,base catalog row,Existing but incomplete,P1,A-001,exists,`company-site/index.html`,"Public route and claims-register owner; validate intake server-side, recovery/error states, accessibility, responsive behavior, focused route tests, and keep deployment separate.",Exact exists row in the current repository catalog. That status does not verify the full vertical-slice completion contract.
A-002,"A · Public company, sales & marketing site",2,Product overview,base catalog row,Existing but incomplete,P1,A-002,exists,`company-site/index.html`,"Public route and claims-register owner; validate intake server-side, recovery/error states, accessibility, responsive behavior, focused route tests, and keep deployment separate.",Exact exists row in the current repository catalog. That status does not verify the full vertical-slice completion contract.
A-003,"A · Public company, sales & marketing site",3,Student workspace page,base catalog row,Existing but incomplete,P1,A-003,exists,`company-site/index.html`; `company-site/site.js`,"Public route and claims-register owner; validate intake server-side, recovery/error states, accessibility, responsive behavior, focused route tests, and keep deployment separate.",Exact exists row in the current repository catalog. That status does not verify the full vertical-slice completion contract.
A-004,"A · Public company, sales & marketing site",4,Institution platform page,base catalog row,Existing but incomplete,P1,A-004,exists,`company-site/index.html`; `app/src/site/pages.tsx`,"Public route and claims-register owner; validate intake server-side, recovery/error states, accessibility, responsive behavior, focused route tests, and keep deployment separate.",Exact exists row in the current repository catalog. That status does not verify the full vertical-slice completion contract.
A-005,"A · Public company, sales & marketing site",5,Registration Readiness Pilot page,base catalog row,Existing but incomplete,P1,A-005,partial,`company-site/index.html`; `company-site/site.js`,"Public route and claims-register owner; validate intake server-side, recovery/error states, accessibility, responsive behavior, focused route tests, and keep deployment separate.",Exact partial row in the current repository catalog. That status does not verify the full vertical-slice completion contract.
A-006,"A · Public company, sales & marketing site",6,Course Studio page,base catalog row,Existing but incomplete,P1,A-006,partial,`company-site/site.js`; `company-site/index.html`,"Public route and claims-register owner; validate intake server-side, recovery/error states, accessibility, responsive behavior, focused route tests, and keep deployment separate.",Exact partial row in the current repository catalog. That status does not verify the full vertical-slice completion contract.
A-007,"A · Public company, sales & marketing site",7,Governed AI page,base catalog row,Existing but incomplete,P1,A-007,exists,`company-site/index.html`; `company-site/site.js`,"Public route and claims-register owner; validate intake server-side, recovery/error states, accessibility, responsive behavior, focused route tests, and keep deployment separate.",Exact exists row in the current repository catalog. That status does not verify the full vertical-slice completion contract.
A-008,"A · Public company, sales & marketing site",8,Advising and Student Success page,base catalog row,Existing but incomplete,P1,A-008,exists,`company-site/site.js`,"Public route and claims-register owner; validate intake server-side, recovery/error states, accessibility, responsive behavior, focused route tests, and keep deployment separate.",Exact exists row in the current repository catalog. That status does not verify the full vertical-slice completion contract.
A-009,"A · Public company, sales & marketing site",9,Registrar and Academic Operations page,base catalog row,Existing but incomplete,P1,A-009,exists,`company-site/site.js`,"Public route and claims-register owner; validate intake server-side, recovery/error states, accessibility, responsive behavior, focused route tests, and keep deployment separate.",Exact exists row in the current repository catalog. That status does not verify the full vertical-slice completion contract.
A-010,"A · Public company, sales & marketing site",10,Campus Services page,base catalog row,Existing but incomplete,P1,A-010,partial,`company-site/site.js`,"Public route and claims-register owner; validate intake server-side, recovery/error states, accessibility, responsive behavior, focused route tests, and keep deployment separate.",Exact partial row in the current repository catalog. That status does not verify the full vertical-slice completion contract.
A-011,"A · Public company, sales & marketing site",11,Career and Lifelong Learning page,base catalog row,Existing but incomplete,P1,A-011,partial,`company-site/site.js`; `app/src/site/advancement.tsx`,"Public route and claims-register owner; validate intake server-side, recovery/error states, accessibility, responsive behavior, focused route tests, and keep deployment separate.",Exact partial row in the current repository catalog. That status does not verify the full vertical-slice completion contract.
A-012,"A · Public company, sales & marketing site",12,Integrations page,base catalog row,Existing but incomplete,P1,A-012,exists,`company-site/index.html`; `app/src/site/more.tsx`,"Public route and claims-register owner; validate intake server-side, recovery/error states, accessibility, responsive behavior, focused route tests, and keep deployment separate.",Exact exists row in the current repository catalog. That status does not verify the full vertical-slice completion contract.
A-013,"A · Public company, sales & marketing site",13,Solutions: Students,base catalog row,Existing but incomplete,P1,A-013,exists,`company-site/index.html`,"Public route and claims-register owner; validate intake server-side, recovery/error states, accessibility, responsive behavior, focused route tests, and keep deployment separate.",Exact exists row in the current repository catalog. That status does not verify the full vertical-slice completion contract.
A-014,"A · Public company, sales & marketing site",14,Solutions: Advisors,base catalog row,Existing but incomplete,P1,A-014,exists,`company-site/site.js`,"Public route and claims-register owner; validate intake server-side, recovery/error states, accessibility, responsive behavior, focused route tests, and keep deployment separate.",Exact exists row in the current repository catalog. That status does not verify the full vertical-slice completion contract.
A-015,"A · Public company, sales & marketing site",15,Solutions: Student Success,base catalog row,Existing but incomplete,P1,A-015,exists,`company-site/site.js`,"Public route and claims-register owner; validate intake server-side, recovery/error states, accessibility, responsive behavior, focused route tests, and keep deployment separate.",Exact exists row in the current repository catalog. That status does not verify the full vertical-slice completion contract.
A-016,"A · Public company, sales & marketing site",16,Solutions: Faculty,base catalog row,Existing but incomplete,P1,A-016,exists,`company-site/site.js`,"Public route and claims-register owner; validate intake server-side, recovery/error states, accessibility, responsive behavior, focused route tests, and keep deployment separate.",Exact exists row in the current repository catalog. That status does not verify the full vertical-slice completion contract.
A-017,"A · Public company, sales & marketing site",17,Solutions: Registrars,base catalog row,Existing but incomplete,P1,A-017,exists,`company-site/site.js`,"Public route and claims-register owner; validate intake server-side, recovery/error states, accessibility, responsive behavior, focused route tests, and keep deployment separate.",Exact exists row in the current repository catalog. That status does not verify the full vertical-slice completion contract.
A-018,"A · Public company, sales & marketing site",18,Solutions: Departments,base catalog row,Existing but incomplete,P1,A-018,exists,`company-site/site.js`,"Public route and claims-register owner; validate intake server-side, recovery/error states, accessibility, responsive behavior, focused route tests, and keep deployment separate.",Exact exists row in the current repository catalog. That status does not verify the full vertical-slice completion contract.
A-019,"A · Public company, sales & marketing site",19,Solutions: Institutions,base catalog row,Existing but incomplete,P1,A-019,exists,`company-site/index.html`,"Public route and claims-register owner; validate intake server-side, recovery/error states, accessibility, responsive behavior, focused route tests, and keep deployment separate.",Exact exists row in the current repository catalog. That status does not verify the full vertical-slice completion contract.
A-020,"A · Public company, sales & marketing site",20,Solutions: Enterprise/Multi-campus,base catalog row,Existing but incomplete,P1,A-020,exists,`company-site/site.js`,"Public route and claims-register owner; validate intake server-side, recovery/error states, accessibility, responsive behavior, focused route tests, and keep deployment separate.",Exact exists row in the current repository catalog. That status does not verify the full vertical-slice completion contract.
A-021,"A · Public company, sales & marketing site",21,Solutions: Partners,base catalog row,Existing but incomplete,P1,A-021,exists,`company-site/index.html`; `app/src/site/community.tsx`,"Public route and claims-register owner; validate intake server-side, recovery/error states, accessibility, responsive behavior, focused route tests, and keep deployment separate.",Exact exists row in the current repository catalog. That status does not verify the full vertical-slice completion contract.
A-022,"A · Public company, sales & marketing site",22,Pilot overview,base catalog row,Existing but incomplete,P1,A-022,partial,`company-site/index.html`; `company-site/site.js`,"Public route and claims-register owner; validate intake server-side, recovery/error states, accessibility, responsive behavior, focused route tests, and keep deployment separate.",Exact partial row in the current repository catalog. That status does not verify the full vertical-slice completion contract.
A-023,"A · Public company, sales & marketing site",23,Pilot scope,base catalog row,Existing but incomplete,P1,A-023,partial,`company-site/index.html`; `company-site/site.js`,"Public route and claims-register owner; validate intake server-side, recovery/error states, accessibility, responsive behavior, focused route tests, and keep deployment separate.",Exact partial row in the current repository catalog. That status does not verify the full vertical-slice completion contract.
A-024,"A · Public company, sales & marketing site",24,Pilot success metrics,base catalog row,Existing but incomplete,P1,A-024,partial,`company-site/index.html`,"Public route and claims-register owner; validate intake server-side, recovery/error states, accessibility, responsive behavior, focused route tests, and keep deployment separate.",Exact partial row in the current repository catalog. That status does not verify the full vertical-slice completion contract.
A-025,"A · Public company, sales & marketing site",25,Implementation approach,base catalog row,Existing but incomplete,P1,A-025,exists,`company-site/index.html`; `company-site/site.js`,"Public route and claims-register owner; validate intake server-side, recovery/error states, accessibility, responsive behavior, focused route tests, and keep deployment separate.",Exact exists row in the current repository catalog. That status does not verify the full vertical-slice completion contract.
A-026,"A · Public company, sales & marketing site",26,Request pilot form,base catalog row,Existing but incomplete,P1,A-026,exists,`company-site/index.html`; `company-site/site.js`,"Public route and claims-register owner; validate intake server-side, recovery/error states, accessibility, responsive behavior, focused route tests, and keep deployment separate.",Exact exists row in the current repository catalog. That status does not verify the full vertical-slice completion contract.
A-027,"A · Public company, sales & marketing site",27,Pricing: Student plans,base catalog row,Existing but incomplete,P1,A-027,exists,`company-site/index.html`; `app/src/site/pages.tsx`,"Public route and claims-register owner; validate intake server-side, recovery/error states, accessibility, responsive behavior, focused route tests, and keep deployment separate.",Exact exists row in the current repository catalog. That status does not verify the full vertical-slice completion contract.
A-028,"A · Public company, sales & marketing site",28,Pricing: Department plans,base catalog row,Existing but incomplete,P1,A-028,partial,`company-site/index.html`,"Public route and claims-register owner; validate intake server-side, recovery/error states, accessibility, responsive behavior, focused route tests, and keep deployment separate.",Exact partial row in the current repository catalog. That status does not verify the full vertical-slice completion contract.
A-029,"A · Public company, sales & marketing site",29,Pricing: Institution plans,base catalog row,Existing but incomplete,P1,A-029,exists,`company-site/index.html`,"Public route and claims-register owner; validate intake server-side, recovery/error states, accessibility, responsive behavior, focused route tests, and keep deployment separate.",Exact exists row in the current repository catalog. That status does not verify the full vertical-slice completion contract.
A-030,"A · Public company, sales & marketing site",30,Pricing: Enterprise plans,base catalog row,Existing but incomplete,P1,A-030,partial,`company-site/index.html`,"Public route and claims-register owner; validate intake server-side, recovery/error states, accessibility, responsive behavior, focused route tests, and keep deployment separate.",Exact partial row in the current repository catalog. That status does not verify the full vertical-slice completion contract.
A-031,"A · Public company, sales & marketing site",31,Feature comparison,base catalog row,Existing but incomplete,P1,A-031,exists,`company-site/index.html`; `company-site/site.js`,"Public route and claims-register owner; validate intake server-side, recovery/error states, accessibility, responsive behavior, focused route tests, and keep deployment separate.",Exact exists row in the current repository catalog. That status does not verify the full vertical-slice completion contract.
A-032,"A · Public company, sales & marketing site",32,AI usage policy,base catalog row,Existing but incomplete,P1,A-032,partial,`company-site/index.html`; `company-site/site.js`,"Public route and claims-register owner; validate intake server-side, recovery/error states, accessibility, responsive behavior, focused route tests, and keep deployment separate.",Exact partial row in the current repository catalog. That status does not verify the full vertical-slice completion contract.
A-033,"A · Public company, sales & marketing site",33,Request pricing,base catalog row,Existing but incomplete,P1,A-033,partial,`company-site/index.html`; `company-site/site.js`,"Public route and claims-register owner; validate intake server-side, recovery/error states, accessibility, responsive behavior, focused route tests, and keep deployment separate.",Exact partial row in the current repository catalog. That status does not verify the full vertical-slice completion contract.
A-034,"A · Public company, sales & marketing site",34,Demo request,base catalog row,Existing but incomplete,P1,A-034,partial,`company-site/index.html`; `company-site/site.js`,"Public route and claims-register owner; validate intake server-side, recovery/error states, accessibility, responsive behavior, focused route tests, and keep deployment separate.",Exact partial row in the current repository catalog. That status does not verify the full vertical-slice completion contract.
A-035,"A · Public company, sales & marketing site",35,Calendar booking,base catalog row,"Blocked by external authority, credentials, vendor, environment, legal review, staffing, or institutional decision",P1,A-035,missing,company-site/; app/src/site/,"Public route and claims-register owner; validate intake server-side, recovery/error states, accessibility, responsive behavior, focused route tests, and keep deployment separate.","Booking requires an approved calendar/vendor, operational owner and availability policy; none is current repository evidence."
A-036,"A · Public company, sales & marketing site",36,Demo confirmation,base catalog row,Existing but incomplete,P1,A-036,partial,`company-site/site.js`; `supabase/functions/lead-intake/index.ts`,"Public route and claims-register owner; validate intake server-side, recovery/error states, accessibility, responsive behavior, focused route tests, and keep deployment separate.",Exact partial row in the current repository catalog. That status does not verify the full vertical-slice completion contract.
A-037,"A · Public company, sales & marketing site",37,Qualification follow-up,base catalog row,Existing but incomplete,P1,A-037,partial,`company-site/index.html`; `company-site/site.js`,"Public route and claims-register owner; validate intake server-side, recovery/error states, accessibility, responsive behavior, focused route tests, and keep deployment separate.",Exact partial row in the current repository catalog. That status does not verify the full vertical-slice completion contract.
A-038,"A · Public company, sales & marketing site",38,Trust: Security overview,base catalog row,Existing but incomplete,P1,A-038,exists,`company-site/site.js`,"Public route and claims-register owner; validate intake server-side, recovery/error states, accessibility, responsive behavior, focused route tests, and keep deployment separate.",Exact exists row in the current repository catalog. That status does not verify the full vertical-slice completion contract.
A-039,"A · Public company, sales & marketing site",39,Trust: Privacy overview,base catalog row,Existing but incomplete,P1,A-039,exists,`company-site/site.js`; `app/src/screens/Privacy.tsx`,"Public route and claims-register owner; validate intake server-side, recovery/error states, accessibility, responsive behavior, focused route tests, and keep deployment separate.",Exact exists row in the current repository catalog. That status does not verify the full vertical-slice completion contract.
A-040,"A · Public company, sales & marketing site",40,Trust: Accessibility,base catalog row,Existing but incomplete,P1,A-040,exists,`company-site/index.html`,"Public route and claims-register owner; validate intake server-side, recovery/error states, accessibility, responsive behavior, focused route tests, and keep deployment separate.",Exact exists row in the current repository catalog. That status does not verify the full vertical-slice completion contract.
A-041,"A · Public company, sales & marketing site",41,Trust: Responsible AI,base catalog row,Existing but incomplete,P1,A-041,exists,`company-site/index.html`; `company-site/site.js`,"Public route and claims-register owner; validate intake server-side, recovery/error states, accessibility, responsive behavior, focused route tests, and keep deployment separate.",Exact exists row in the current repository catalog. That status does not verify the full vertical-slice completion contract.
A-042,"A · Public company, sales & marketing site",42,Trust: Data practices,base catalog row,Existing but incomplete,P1,A-042,exists,`company-site/index.html`,"Public route and claims-register owner; validate intake server-side, recovery/error states, accessibility, responsive behavior, focused route tests, and keep deployment separate.",Exact exists row in the current repository catalog. That status does not verify the full vertical-slice completion contract.
A-043,"A · Public company, sales & marketing site",43,Trust: Subprocessors,base catalog row,Existing but incomplete,P1,A-043,exists,`company-site/site.js`; `company-site/index.html`,"Public route and claims-register owner; validate intake server-side, recovery/error states, accessibility, responsive behavior, focused route tests, and keep deployment separate.",Exact exists row in the current repository catalog. That status does not verify the full vertical-slice completion contract.
A-044,"A · Public company, sales & marketing site",44,Trust: Compliance roadmap,base catalog row,Existing but incomplete,P1,A-044,exists,`company-site/site.js`; `company-site/index.html`,"Public route and claims-register owner; validate intake server-side, recovery/error states, accessibility, responsive behavior, focused route tests, and keep deployment separate.",Exact exists row in the current repository catalog. That status does not verify the full vertical-slice completion contract.
A-045,"A · Public company, sales & marketing site",45,Trust: Status/reliability,base catalog row,Existing but incomplete,P1,A-045,exists,`company-site/index.html`; `company-site/site.js`,"Public route and claims-register owner; validate intake server-side, recovery/error states, accessibility, responsive behavior, focused route tests, and keep deployment separate.",Exact exists row in the current repository catalog. That status does not verify the full vertical-slice completion contract.
A-046,"A · Public company, sales & marketing site",46,Security document request,base catalog row,Existing but incomplete,P1,A-046,exists,`company-site/index.html`; `company-site/site.js`; `supabase/functions/lead-intake/index.ts`,"Public route and claims-register owner; validate intake server-side, recovery/error states, accessibility, responsive behavior, focused route tests, and keep deployment separate.",Exact exists row in the current repository catalog. That status does not verify the full vertical-slice completion contract.
A-047,"A · Public company, sales & marketing site",47,Trust room request,base catalog row,Existing but incomplete,P1,A-047,exists,`company-site/index.html`; `app/src/screens/TrustRoom.tsx`; `supabase/functions/trust-room/index.ts`,"Public route and claims-register owner; validate intake server-side, recovery/error states, accessibility, responsive behavior, focused route tests, and keep deployment separate.",Exact exists row in the current repository catalog. That status does not verify the full vertical-slice completion contract.
A-048,"A · Public company, sales & marketing site",48,Vulnerability disclosure,base catalog row,Existing but incomplete,P1,A-048,exists,`company-site/site.js`,"Public route and claims-register owner; validate intake server-side, recovery/error states, accessibility, responsive behavior, focused route tests, and keep deployment separate.",Exact exists row in the current repository catalog. That status does not verify the full vertical-slice completion contract.
A-049,"A · Public company, sales & marketing site",49,Guides,base catalog row,Existing but incomplete,P1,A-049,partial,`app/src/site/pages.tsx`,"Public route and claims-register owner; validate intake server-side, recovery/error states, accessibility, responsive behavior, focused route tests, and keep deployment separate.",Exact partial row in the current repository catalog. That status does not verify the full vertical-slice completion contract.
A-050,"A · Public company, sales & marketing site",50,Research,base catalog row,Existing but incomplete,P1,A-050,partial,`company-site/index.html`,"Public route and claims-register owner; validate intake server-side, recovery/error states, accessibility, responsive behavior, focused route tests, and keep deployment separate.",Exact partial row in the current repository catalog. That status does not verify the full vertical-slice completion contract.
A-051,"A · Public company, sales & marketing site",51,Webinars,base catalog row,Existing but incomplete,P1,A-051,partial,`company-site/index.html`; `app/src/site/community.tsx`,"Public route and claims-register owner; validate intake server-side, recovery/error states, accessibility, responsive behavior, focused route tests, and keep deployment separate.",Exact partial row in the current repository catalog. That status does not verify the full vertical-slice completion contract.
A-052,"A · Public company, sales & marketing site",52,Product updates,base catalog row,Existing but incomplete,P1,A-052,exists,`company-site/index.html`,"Public route and claims-register owner; validate intake server-side, recovery/error states, accessibility, responsive behavior, focused route tests, and keep deployment separate.",Exact exists row in the current repository catalog. That status does not verify the full vertical-slice completion contract.
A-053,"A · Public company, sales & marketing site",53,Case studies,base catalog row,Existing but incomplete,P1,A-053,partial,`app/src/site/community.tsx`,"Public route and claims-register owner; validate intake server-side, recovery/error states, accessibility, responsive behavior, focused route tests, and keep deployment separate.",Exact partial row in the current repository catalog. That status does not verify the full vertical-slice completion contract.
A-054,"A · Public company, sales & marketing site",54,FAQ,base catalog row,Existing but incomplete,P1,A-054,exists,`company-site/index.html`; `company-site/site.js`,"Public route and claims-register owner; validate intake server-side, recovery/error states, accessibility, responsive behavior, focused route tests, and keep deployment separate.",Exact exists row in the current repository catalog. That status does not verify the full vertical-slice completion contract.
A-055,"A · Public company, sales & marketing site",55,Glossary,base catalog row,Existing but incomplete,P1,A-055,exists,`company-site/index.html`; `company-site/site.js`,"Public route and claims-register owner; validate intake server-side, recovery/error states, accessibility, responsive behavior, focused route tests, and keep deployment separate.",Exact exists row in the current repository catalog. That status does not verify the full vertical-slice completion contract.
A-056,"A · Public company, sales & marketing site",56,Newsletter,base catalog row,Existing but incomplete,P1,A-056,exists,`company-site/index.html`,"Public route and claims-register owner; validate intake server-side, recovery/error states, accessibility, responsive behavior, focused route tests, and keep deployment separate.",Exact exists row in the current repository catalog. That status does not verify the full vertical-slice completion contract.
A-057,"A · Public company, sales & marketing site",57,Compare: fragmented tools,base catalog row,Existing but incomplete,P1,A-057,exists,`company-site/site.js`,"Public route and claims-register owner; validate intake server-side, recovery/error states, accessibility, responsive behavior, focused route tests, and keep deployment separate.",Exact exists row in the current repository catalog. That status does not verify the full vertical-slice completion contract.
A-058,"A · Public company, sales & marketing site",58,Compare: LMS-only,base catalog row,Existing but incomplete,P1,A-058,exists,`company-site/site.js`,"Public route and claims-register owner; validate intake server-side, recovery/error states, accessibility, responsive behavior, focused route tests, and keep deployment separate.",Exact exists row in the current repository catalog. That status does not verify the full vertical-slice completion contract.
A-059,"A · Public company, sales & marketing site",59,Compare: manual advising,base catalog row,Existing but incomplete,P1,A-059,exists,`company-site/site.js`,"Public route and claims-register owner; validate intake server-side, recovery/error states, accessibility, responsive behavior, focused route tests, and keep deployment separate.",Exact exists row in the current repository catalog. That status does not verify the full vertical-slice completion contract.
A-060,"A · Public company, sales & marketing site",60,Compare: separate AI tools,base catalog row,Existing but incomplete,P1,A-060,exists,`company-site/site.js`,"Public route and claims-register owner; validate intake server-side, recovery/error states, accessibility, responsive behavior, focused route tests, and keep deployment separate.",Exact exists row in the current repository catalog. That status does not verify the full vertical-slice completion contract.
A-061,"A · Public company, sales & marketing site",61,Partners,base catalog row,Existing but incomplete,P1,A-061,exists,`company-site/index.html`; `app/src/site/community.tsx`,"Public route and claims-register owner; validate intake server-side, recovery/error states, accessibility, responsive behavior, focused route tests, and keep deployment separate.",Exact exists row in the current repository catalog. That status does not verify the full vertical-slice completion contract.
A-062,"A · Public company, sales & marketing site",62,Ambassador program,base catalog row,Existing but incomplete,P1,A-062,exists,`company-site/index.html`; `app/src/site/community.tsx`,"Public route and claims-register owner; validate intake server-side, recovery/error states, accessibility, responsive behavior, focused route tests, and keep deployment separate.",Exact exists row in the current repository catalog. That status does not verify the full vertical-slice completion contract.
A-063,"A · Public company, sales & marketing site",63,Careers,base catalog row,Existing but incomplete,P1,A-063,exists,`company-site/index.html`,"Public route and claims-register owner; validate intake server-side, recovery/error states, accessibility, responsive behavior, focused route tests, and keep deployment separate.",Exact exists row in the current repository catalog. That status does not verify the full vertical-slice completion contract.
A-064,"A · Public company, sales & marketing site",64,Mission,base catalog row,Existing but incomplete,P1,A-064,exists,`company-site/index.html`,"Public route and claims-register owner; validate intake server-side, recovery/error states, accessibility, responsive behavior, focused route tests, and keep deployment separate.",Exact exists row in the current repository catalog. That status does not verify the full vertical-slice completion contract.
A-065,"A · Public company, sales & marketing site",65,Leadership,base catalog row,Existing but incomplete,P1,A-065,exists,`company-site/index.html`,"Public route and claims-register owner; validate intake server-side, recovery/error states, accessibility, responsive behavior, focused route tests, and keep deployment separate.",Exact exists row in the current repository catalog. That status does not verify the full vertical-slice completion contract.
A-066,"A · Public company, sales & marketing site",66,Values,base catalog row,Existing but incomplete,P1,A-066,exists,`company-site/index.html`,"Public route and claims-register owner; validate intake server-side, recovery/error states, accessibility, responsive behavior, focused route tests, and keep deployment separate.",Exact exists row in the current repository catalog. That status does not verify the full vertical-slice completion contract.
A-067,"A · Public company, sales & marketing site",67,Press kit,base catalog row,Existing but incomplete,P1,A-067,partial,`company-site/index.html`,"Public route and claims-register owner; validate intake server-side, recovery/error states, accessibility, responsive behavior, focused route tests, and keep deployment separate.",Exact partial row in the current repository catalog. That status does not verify the full vertical-slice completion contract.
A-068,"A · Public company, sales & marketing site",68,Contact,base catalog row,Existing but incomplete,P1,A-068,exists,`company-site/index.html`; `company-site/site.js`,"Public route and claims-register owner; validate intake server-side, recovery/error states, accessibility, responsive behavior, focused route tests, and keep deployment separate.",Exact exists row in the current repository catalog. That status does not verify the full vertical-slice completion contract.
A-069,"A · Public company, sales & marketing site",69,Terms,base catalog row,Existing but incomplete,P1,A-069,partial,`company-site/index.html`; `docs/legal/TERMS-OF-SERVICE-DRAFT.md`,"Public route and claims-register owner; validate intake server-side, recovery/error states, accessibility, responsive behavior, focused route tests, and keep deployment separate.",Exact partial row in the current repository catalog. That status does not verify the full vertical-slice completion contract.
A-070,"A · Public company, sales & marketing site",70,Privacy,base catalog row,Existing but incomplete,P1,A-070,partial,`company-site/index.html`; `app/src/screens/Privacy.tsx`,"Public route and claims-register owner; validate intake server-side, recovery/error states, accessibility, responsive behavior, focused route tests, and keep deployment separate.",Exact partial row in the current repository catalog. That status does not verify the full vertical-slice completion contract.
A-071,"A · Public company, sales & marketing site",71,Acceptable use,base catalog row,Existing but incomplete,P1,A-071,partial,`company-site/site.js`; `docs/legal/ACCEPTABLE-USE-POLICY-DRAFT.md`,"Public route and claims-register owner; validate intake server-side, recovery/error states, accessibility, responsive behavior, focused route tests, and keep deployment separate.",Exact partial row in the current repository catalog. That status does not verify the full vertical-slice completion contract.
A-072,"A · Public company, sales & marketing site",72,DPA,base catalog row,Existing but incomplete,P1,A-072,partial,`company-site/index.html`; `company-site/site.js`,"Public route and claims-register owner; validate intake server-side, recovery/error states, accessibility, responsive behavior, focused route tests, and keep deployment separate.",Exact partial row in the current repository catalog. That status does not verify the full vertical-slice completion contract.
A-073,"A · Public company, sales & marketing site",73,Cookies,base catalog row,Existing but incomplete,P1,A-073,partial,`company-site/site.js`; `docs/legal/COOKIE-AND-STORAGE-NOTICE-DRAFT.md`,"Public route and claims-register owner; validate intake server-side, recovery/error states, accessibility, responsive behavior, focused route tests, and keep deployment separate.",Exact partial row in the current repository catalog. That status does not verify the full vertical-slice completion contract.
A-074,"A · Public company, sales & marketing site",74,Subprocessor terms,base catalog row,Existing but incomplete,P1,A-074,partial,`company-site/site.js`,"Public route and claims-register owner; validate intake server-side, recovery/error states, accessibility, responsive behavior, focused route tests, and keep deployment separate.",Exact partial row in the current repository catalog. That status does not verify the full vertical-slice completion contract.
A-075,"A · Public company, sales & marketing site",75,Login,base catalog row,Existing but incomplete,P1,A-075,exists,`app/src/components/Credentials.tsx`; `app/src/lib/route.ts`; `company-site/index.html`,"Public route and claims-register owner; validate intake server-side, recovery/error states, accessibility, responsive behavior, focused route tests, and keep deployment separate.",Exact exists row in the current repository catalog. That status does not verify the full vertical-slice completion contract.
A-076,"A · Public company, sales & marketing site",76,Sign up,base catalog row,Existing but incomplete,P1,A-076,exists,`app/src/components/Credentials.tsx`; `app/src/lib/route.ts`; `company-site/index.html`,"Public route and claims-register owner; validate intake server-side, recovery/error states, accessibility, responsive behavior, focused route tests, and keep deployment separate.",Exact exists row in the current repository catalog. That status does not verify the full vertical-slice completion contract.
A-077,"A · Public company, sales & marketing site",77,Password reset,base catalog row,Existing but incomplete,P1,A-077,exists,`app/src/lib/cloud.ts`; `app/src/components/Credentials.tsx`,"Public route and claims-register owner; validate intake server-side, recovery/error states, accessibility, responsive behavior, focused route tests, and keep deployment separate.",Exact exists row in the current repository catalog. That status does not verify the full vertical-slice completion contract.
A-078,"A · Public company, sales & marketing site",78,System status handoff,base catalog row,Existing but incomplete,P1,A-078,exists,`company-site/index.html`; `app/public/status.html`,"Public route and claims-register owner; validate intake server-side, recovery/error states, accessibility, responsive behavior, focused route tests, and keep deployment separate.",Exact exists row in the current repository catalog. That status does not verify the full vertical-slice completion contract.
A-079,"A · Public company, sales & marketing site",79,Help center handoff,base catalog row,Existing but incomplete,P1,A-079,exists,`company-site/index.html`; `app/src/screens/Help.tsx`,"Public route and claims-register owner; validate intake server-side, recovery/error states, accessibility, responsive behavior, focused route tests, and keep deployment separate.",Exact exists row in the current repository catalog. That status does not verify the full vertical-slice completion contract.
A-080,"A · Public company, sales & marketing site",80,404 / maintenance / outage,base catalog row,Existing but incomplete,P1,A-080,partial,`company-site/index.html`; `app/src/components/StatusNotice.tsx`,"Public route and claims-register owner; validate intake server-side, recovery/error states, accessibility, responsive behavior, focused route tests, and keep deployment separate.",Exact partial row in the current repository catalog. That status does not verify the full vertical-slice completion contract.
B-001,B · Student OS,1,Today,base catalog row,Existing but incomplete,P5,B-001,exists,`app/src/screens/Today.tsx`; `app/src/components/TodayDecisionSurface.tsx`,"Self-owned student data or explicit official-source boundary; discoverable route, persistence, provenance/freshness, reversible actions, complete states, accessibility/responsive tests.",Exact exists row in the current repository catalog. That status does not verify the full vertical-slice completion contract.
B-002,B · Student OS,2,Action Center,base catalog row,Existing but incomplete,P5,B-002,exists,`app/src/components/ActionCenter.tsx`; `app/src/components/TodayActionCenter.tsx`,"Self-owned student data or explicit official-source boundary; discoverable route, persistence, provenance/freshness, reversible actions, complete states, accessibility/responsive tests.",Exact exists row in the current repository catalog. That status does not verify the full vertical-slice completion contract.
B-003,B · Student OS,3,Notifications,base catalog row,Existing but incomplete,P5,B-003,exists,`app/src/screens/Me.tsx`; `app/src/screens/Hub.tsx`,"Self-owned student data or explicit official-source boundary; discoverable route, persistence, provenance/freshness, reversible actions, complete states, accessibility/responsive tests.",Exact exists row in the current repository catalog. That status does not verify the full vertical-slice completion contract.
B-004,B · Student OS,4,Calendar,base catalog row,Existing but incomplete,P5,B-004,exists,`app/src/screens/Calendar.tsx`,"Self-owned student data or explicit official-source boundary; discoverable route, persistence, provenance/freshness, reversible actions, complete states, accessibility/responsive tests.",Exact exists row in the current repository catalog. That status does not verify the full vertical-slice completion contract.
B-005,B · Student OS,5,Schedule,base catalog row,Existing but incomplete,P5,B-005,exists,`app/src/screens/Calendar.tsx`; `app/src/components/WeekGrid.tsx`; `app/src/components/RegistrationPortal.tsx`,"Self-owned student data or explicit official-source boundary; discoverable route, persistence, provenance/freshness, reversible actions, complete states, accessibility/responsive tests.",Exact exists row in the current repository catalog. That status does not verify the full vertical-slice completion contract.
B-006,B · Student OS,6,Tasks,base catalog row,Existing but incomplete,P5,B-006,exists,`app/src/screens/Mine.tsx`,"Self-owned student data or explicit official-source boundary; discoverable route, persistence, provenance/freshness, reversible actions, complete states, accessibility/responsive tests.",Exact exists row in the current repository catalog. That status does not verify the full vertical-slice completion contract.
B-007,B · Student OS,7,Goals,base catalog row,Existing but incomplete,P5,B-007,exists,`app/src/components/GoalPlan.tsx`; `app/src/screens/Today.tsx`,"Self-owned student data or explicit official-source boundary; discoverable route, persistence, provenance/freshness, reversible actions, complete states, accessibility/responsive tests.",Exact exists row in the current repository catalog. That status does not verify the full vertical-slice completion contract.
B-008,B · Student OS,8,Path,base catalog row,Existing but incomplete,P5,B-008,exists,`app/src/components/PathSnapshotCard.tsx`; `app/src/screens/Pathway.tsx`; `app/src/screens/Degree.tsx`,"Self-owned student data or explicit official-source boundary; discoverable route, persistence, provenance/freshness, reversible actions, complete states, accessibility/responsive tests.",Exact exists row in the current repository catalog. That status does not verify the full vertical-slice completion contract.
B-009,B · Student OS,9,Degree progress,base catalog row,Existing but incomplete,P5,B-009,exists,`app/src/screens/Degree.tsx`,"Self-owned student data or explicit official-source boundary; discoverable route, persistence, provenance/freshness, reversible actions, complete states, accessibility/responsive tests.",Exact exists row in the current repository catalog. That status does not verify the full vertical-slice completion contract.
B-010,B · Student OS,10,Program requirements,base catalog row,Existing but incomplete,P5,B-010,exists,`app/src/screens/Degree.tsx`,"Self-owned student data or explicit official-source boundary; discoverable route, persistence, provenance/freshness, reversible actions, complete states, accessibility/responsive tests.",Exact exists row in the current repository catalog. That status does not verify the full vertical-slice completion contract.
B-011,B · Student OS,11,Plan,base catalog row,Existing but incomplete,P5,B-011,exists,`app/src/components/GraduationSimulator.tsx`; `app/src/components/PathSnapshotCard.tsx`; `app/src/components/Plan.tsx`,"Self-owned student data or explicit official-source boundary; discoverable route, persistence, provenance/freshness, reversible actions, complete states, accessibility/responsive tests.",Exact exists row in the current repository catalog. That status does not verify the full vertical-slice completion contract.
B-012,B · Student OS,12,Term planner,base catalog row,Existing but incomplete,P5,B-012,partial,`app/src/components/RegistrationPortal.tsx`; `app/src/components/GraduationSimulator.tsx`,"Self-owned student data or explicit official-source boundary; discoverable route, persistence, provenance/freshness, reversible actions, complete states, accessibility/responsive tests.",Exact partial row in the current repository catalog. That status does not verify the full vertical-slice completion contract.
B-013,B · Student OS,13,Course comparison,base catalog row,Existing but incomplete,P5,B-013,exists,`app/src/components/CourseCompare.tsx`; `app/src/components/RegistrationPortal.tsx`,"Self-owned student data or explicit official-source boundary; discoverable route, persistence, provenance/freshness, reversible actions, complete states, accessibility/responsive tests.",Exact exists row in the current repository catalog. That status does not verify the full vertical-slice completion contract.
B-014,B · Student OS,14,Workload planner,base catalog row,Existing but incomplete,P5,B-014,exists,`app/src/components/LifeBalance.tsx`; `app/src/components/CrunchWeekCard.tsx`; `app/src/screens/settings/Workload.tsx`,"Self-owned student data or explicit official-source boundary; discoverable route, persistence, provenance/freshness, reversible actions, complete states, accessibility/responsive tests.",Exact exists row in the current repository catalog. That status does not verify the full vertical-slice completion contract.
B-015,B · Student OS,15,Cost planner,base catalog row,Existing but incomplete,P5,B-015,exists,`app/src/components/CostPlanner.tsx`; `app/src/components/GraduationSimulator.tsx`,"Self-owned student data or explicit official-source boundary; discoverable route, persistence, provenance/freshness, reversible actions, complete states, accessibility/responsive tests.",Exact exists row in the current repository catalog. That status does not verify the full vertical-slice completion contract.
B-016,B · Student OS,16,Registration readiness,base catalog row,Existing but incomplete,P5,B-016,exists,`app/src/components/RegistrationReadiness.tsx`; `app/src/components/PathSnapshotCard.tsx`,"Self-owned student data or explicit official-source boundary; discoverable route, persistence, provenance/freshness, reversible actions, complete states, accessibility/responsive tests.",Exact exists row in the current repository catalog. That status does not verify the full vertical-slice completion contract.
B-017,B · Student OS,17,Registration status,base catalog row,Existing but incomplete,P5,B-017,exists,`app/src/components/enrollment/StudentRegistration.tsx`; `app/src/screens/Registration.tsx`,"Self-owned student data or explicit official-source boundary; discoverable route, persistence, provenance/freshness, reversible actions, complete states, accessibility/responsive tests.",Exact exists row in the current repository catalog. That status does not verify the full vertical-slice completion contract.
B-018,B · Student OS,18,Holds,base catalog row,Existing but incomplete,P5,B-018,partial,`app/src/components/enrollment/StudentRegistration.tsx`; `app/src/lib/enrollment/client.ts`,"Self-owned student data or explicit official-source boundary; discoverable route, persistence, provenance/freshness, reversible actions, complete states, accessibility/responsive tests.",Exact partial row in the current repository catalog. That status does not verify the full vertical-slice completion contract.
B-019,B · Student OS,19,Course search,base catalog row,Existing but incomplete,P5,B-019,exists,`app/src/components/RegistrationPortal.tsx`; `app/src/screens/Yes.tsx`,"Self-owned student data or explicit official-source boundary; discoverable route, persistence, provenance/freshness, reversible actions, complete states, accessibility/responsive tests.",Exact exists row in the current repository catalog. That status does not verify the full vertical-slice completion contract.
B-020,B · Student OS,20,Course details,base catalog row,Existing but incomplete,P5,B-020,exists,`app/src/components/CourseDetailV2.tsx`; `app/src/components/RegistrationPortal.tsx`,"Self-owned student data or explicit official-source boundary; discoverable route, persistence, provenance/freshness, reversible actions, complete states, accessibility/responsive tests.",Exact exists row in the current repository catalog. That status does not verify the full vertical-slice completion contract.
B-021,B · Student OS,21,Section comparison,base catalog row,Existing but incomplete,P5,B-021,partial,`app/src/components/CourseCompare.tsx`; `app/src/components/RegistrationDay.tsx`; `app/src/components/RegistrationPortal.tsx`,"Self-owned student data or explicit official-source boundary; discoverable route, persistence, provenance/freshness, reversible actions, complete states, accessibility/responsive tests.",Exact partial row in the current repository catalog. That status does not verify the full vertical-slice completion contract.
B-022,B · Student OS,22,Seat watch,base catalog row,Existing but incomplete,P5,B-022,partial,`app/src/components/RegistrationDay.tsx`; `app/src/components/enrollment/StudentRegistration.tsx`,"Self-owned student data or explicit official-source boundary; discoverable route, persistence, provenance/freshness, reversible actions, complete states, accessibility/responsive tests.",Exact partial row in the current repository catalog. That status does not verify the full vertical-slice completion contract.
B-023,B · Student OS,23,Graduation scenarios,base catalog row,Existing but incomplete,P5,B-023,exists,`app/src/components/GraduationSimulator.tsx`; `app/src/lib/scenario-compare.ts`; `app/src/screens/Degree.tsx`,"Self-owned student data or explicit official-source boundary; discoverable route, persistence, provenance/freshness, reversible actions, complete states, accessibility/responsive tests.",Exact exists row in the current repository catalog. That status does not verify the full vertical-slice completion contract.
B-024,B · Student OS,24,Transfer credit view,base catalog row,Existing but incomplete,P5,B-024,partial,`app/src/components/institutional/RecordLedger.tsx`; `app/src/lib/pathway.ts`; `app/src/lib/transferhub.ts`,"Self-owned student data or explicit official-source boundary; discoverable route, persistence, provenance/freshness, reversible actions, complete states, accessibility/responsive tests.",Exact partial row in the current repository catalog. That status does not verify the full vertical-slice completion contract.
B-025,B · Student OS,25,Articulation view,base catalog row,Existing but incomplete,P5,B-025,partial,`app/src/lib/transferhub.ts`; `supabase/migrations/20260926150000_expansion_roles_and_features.sql`,"Self-owned student data or explicit official-source boundary; discoverable route, persistence, provenance/freshness, reversible actions, complete states, accessibility/responsive tests.",Exact partial row in the current repository catalog. That status does not verify the full vertical-slice completion contract.
B-026,B · Student OS,26,Courses,base catalog row,Existing but incomplete,P5,B-026,exists,`app/src/screens/Courses.tsx`; `app/src/components/CourseHub.tsx`,"Self-owned student data or explicit official-source boundary; discoverable route, persistence, provenance/freshness, reversible actions, complete states, accessibility/responsive tests.",Exact exists row in the current repository catalog. That status does not verify the full vertical-slice completion contract.
B-027,B · Student OS,27,Course Studio,base catalog row,Existing but incomplete,P5,B-027,exists,`app/src/components/CourseStudio.tsx`; `app/src/screens/Account.tsx`,"Self-owned student data or explicit official-source boundary; discoverable route, persistence, provenance/freshness, reversible actions, complete states, accessibility/responsive tests.",Exact exists row in the current repository catalog. That status does not verify the full vertical-slice completion contract.
B-028,B · Student OS,28,Course schedule,base catalog row,Existing but incomplete,P5,B-028,partial,`app/src/screens/Courses.tsx`; `app/src/components/CourseHub.tsx`,"Self-owned student data or explicit official-source boundary; discoverable route, persistence, provenance/freshness, reversible actions, complete states, accessibility/responsive tests.",Exact partial row in the current repository catalog. That status does not verify the full vertical-slice completion contract.
B-029,B · Student OS,29,Course assignments,base catalog row,Existing but incomplete,P5,B-029,exists,`app/src/components/CourseHub.tsx`,"Self-owned student data or explicit official-source boundary; discoverable route, persistence, provenance/freshness, reversible actions, complete states, accessibility/responsive tests.",Exact exists row in the current repository catalog. That status does not verify the full vertical-slice completion contract.
B-030,B · Student OS,30,Course resources,base catalog row,Existing but incomplete,P5,B-030,exists,`app/src/components/CourseHub.tsx`; `app/src/components/SourceLocker.tsx`,"Self-owned student data or explicit official-source boundary; discoverable route, persistence, provenance/freshness, reversible actions, complete states, accessibility/responsive tests.",Exact exists row in the current repository catalog. That status does not verify the full vertical-slice completion contract.
B-031,B · Student OS,31,Course announcements,base catalog row,Existing but incomplete,P5,B-031,partial,`app/src/screens/Changes.tsx`; `app/src/components/CourseStudio.tsx`,"Self-owned student data or explicit official-source boundary; discoverable route, persistence, provenance/freshness, reversible actions, complete states, accessibility/responsive tests.",Exact partial row in the current repository catalog. That status does not verify the full vertical-slice completion contract.
B-032,B · Student OS,32,Course AI guidance,base catalog row,Existing but incomplete,P5,B-032,exists,`app/src/components/toolkit/Toolkit.tsx`; `app/src/lib/toolkit/policy.ts`; `app/src/components/CourseAgreement.tsx`,"Self-owned student data or explicit official-source boundary; discoverable route, persistence, provenance/freshness, reversible actions, complete states, accessibility/responsive tests.",Exact exists row in the current repository catalog. That status does not verify the full vertical-slice completion contract.
B-033,B · Student OS,33,Study packs,base catalog row,Existing but incomplete,P5,B-033,exists,`app/src/components/StudyStudio.tsx`; `app/src/screens/Study.tsx`,"Self-owned student data or explicit official-source boundary; discoverable route, persistence, provenance/freshness, reversible actions, complete states, accessibility/responsive tests.",Exact exists row in the current repository catalog. That status does not verify the full vertical-slice completion contract.
B-034,B · Student OS,34,Notes,base catalog row,Existing but incomplete,P5,B-034,exists,`app/src/screens/Mine.tsx`,"Self-owned student data or explicit official-source boundary; discoverable route, persistence, provenance/freshness, reversible actions, complete states, accessibility/responsive tests.",Exact exists row in the current repository catalog. That status does not verify the full vertical-slice completion contract.
B-035,B · Student OS,35,Files,base catalog row,Existing but incomplete,P5,B-035,exists,`app/src/screens/Mine.tsx`; `app/src/screens/mine/Drive.tsx`; `app/src/lib/files.ts`,"Self-owned student data or explicit official-source boundary; discoverable route, persistence, provenance/freshness, reversible actions, complete states, accessibility/responsive tests.",Exact exists row in the current repository catalog. That status does not verify the full vertical-slice completion contract.
B-036,B · Student OS,36,Documents,base catalog row,Existing but incomplete,P5,B-036,exists,`app/src/screens/Write.tsx`; `app/src/screens/write/Paper.tsx`,"Self-owned student data or explicit official-source boundary; discoverable route, persistence, provenance/freshness, reversible actions, complete states, accessibility/responsive tests.",Exact exists row in the current repository catalog. That status does not verify the full vertical-slice completion contract.
B-037,B · Student OS,37,Project workspace,base catalog row,Existing but incomplete,P5,B-037,exists,`app/src/components/ProjectFile.tsx`; `app/src/screens/Work.tsx`; `app/src/components/OperatingProjectMap.tsx`,"Self-owned student data or explicit official-source boundary; discoverable route, persistence, provenance/freshness, reversible actions, complete states, accessibility/responsive tests.",Exact exists row in the current repository catalog. That status does not verify the full vertical-slice completion contract.
B-038,B · Student OS,38,Group workspace,base catalog row,Existing but incomplete,P5,B-038,exists,`app/src/screens/Groupwork.tsx`,"Self-owned student data or explicit official-source boundary; discoverable route, persistence, provenance/freshness, reversible actions, complete states, accessibility/responsive tests.",Exact exists row in the current repository catalog. That status does not verify the full vertical-slice completion contract.
B-039,B · Student OS,39,Focus mode,base catalog row,Existing but incomplete,P5,B-039,exists,`app/src/components/unity/modes.tsx`; `app/src/components/unity/QuickActions.tsx`,"Self-owned student data or explicit official-source boundary; discoverable route, persistence, provenance/freshness, reversible actions, complete states, accessibility/responsive tests.",Exact exists row in the current repository catalog. That status does not verify the full vertical-slice completion contract.
B-040,B · Student OS,40,Study sessions,base catalog row,Existing but incomplete,P5,B-040,exists,`app/src/components/Plan.tsx`; `app/src/lib/sessions.ts`,"Self-owned student data or explicit official-source boundary; discoverable route, persistence, provenance/freshness, reversible actions, complete states, accessibility/responsive tests.",Exact exists row in the current repository catalog. That status does not verify the full vertical-slice completion contract.
B-041,B · Student OS,41,Search,base catalog row,Existing but incomplete,P5,B-041,exists,`app/src/screens/Search.tsx`; `app/src/components/Command.tsx`,"Self-owned student data or explicit official-source boundary; discoverable route, persistence, provenance/freshness, reversible actions, complete states, accessibility/responsive tests.",Exact exists row in the current repository catalog. That status does not verify the full vertical-slice completion contract.
B-042,B · Student OS,42,AI Copilot,base catalog row,Existing but incomplete,P5,B-042,exists,`app/src/ai/Chat.tsx`; `app/src/screens/Work.tsx`,"Self-owned student data or explicit official-source boundary; discoverable route, persistence, provenance/freshness, reversible actions, complete states, accessibility/responsive tests.",Exact exists row in the current repository catalog. That status does not verify the full vertical-slice completion contract.
B-043,B · Student OS,43,Research workspace,base catalog row,Existing but incomplete,P5,B-043,exists,`app/src/components/toolkit/ResearchPanel.tsx`; `app/src/screens/Sources.tsx`,"Self-owned student data or explicit official-source boundary; discoverable route, persistence, provenance/freshness, reversible actions, complete states, accessibility/responsive tests.",Exact exists row in the current repository catalog. That status does not verify the full vertical-slice completion contract.
B-044,B · Student OS,44,Writing workspace,base catalog row,Existing but incomplete,P5,B-044,exists,`app/src/screens/Write.tsx`; `app/src/screens/Essay.tsx`; `app/src/screens/Work.tsx`,"Self-owned student data or explicit official-source boundary; discoverable route, persistence, provenance/freshness, reversible actions, complete states, accessibility/responsive tests.",Exact exists row in the current repository catalog. That status does not verify the full vertical-slice completion contract.
B-045,B · Student OS,45,Community,base catalog row,Existing but incomplete,P5,B-045,exists,`app/src/screens/Community.tsx`,"Self-owned student data or explicit official-source boundary; discoverable route, persistence, provenance/freshness, reversible actions, complete states, accessibility/responsive tests.",Exact exists row in the current repository catalog. That status does not verify the full vertical-slice completion contract.
B-046,B · Student OS,46,Organizations,base catalog row,Existing but incomplete,P5,B-046,exists,`app/src/screens/Activities.tsx`; `app/src/components/CampusDirectory.tsx`,"Self-owned student data or explicit official-source boundary; discoverable route, persistence, provenance/freshness, reversible actions, complete states, accessibility/responsive tests.",Exact exists row in the current repository catalog. That status does not verify the full vertical-slice completion contract.
B-047,B · Student OS,47,Events,base catalog row,Existing but incomplete,P5,B-047,exists,`app/src/screens/Activities.tsx`; `app/src/components/CampusDirectory.tsx`,"Self-owned student data or explicit official-source boundary; discoverable route, persistence, provenance/freshness, reversible actions, complete states, accessibility/responsive tests.",Exact exists row in the current repository catalog. That status does not verify the full vertical-slice completion contract.
B-048,B · Student OS,48,Dining,base catalog row,Existing but incomplete,P5,B-048,exists,`app/src/screens/Dining.tsx`; `app/src/screens/Meals.tsx`,"Self-owned student data or explicit official-source boundary; discoverable route, persistence, provenance/freshness, reversible actions, complete states, accessibility/responsive tests.",Exact exists row in the current repository catalog. That status does not verify the full vertical-slice completion contract.
B-049,B · Student OS,49,Housing,base catalog row,Existing but incomplete,P5,B-049,exists,`app/src/screens/Housing.tsx`,"Self-owned student data or explicit official-source boundary; discoverable route, persistence, provenance/freshness, reversible actions, complete states, accessibility/responsive tests.",Exact exists row in the current repository catalog. That status does not verify the full vertical-slice completion contract.
B-050,B · Student OS,50,Campus services,base catalog row,Existing but incomplete,P5,B-050,exists,`app/src/screens/University.tsx`; `app/src/screens/Support.tsx`,"Self-owned student data or explicit official-source boundary; discoverable route, persistence, provenance/freshness, reversible actions, complete states, accessibility/responsive tests.",Exact exists row in the current repository catalog. That status does not verify the full vertical-slice completion contract.
B-051,B · Student OS,51,Student account,base catalog row,Existing but incomplete,P5,B-051,exists,`app/src/screens/Bill.tsx`; `app/src/components/MyStudentAccount.tsx`; `app/src/screens/Costs.tsx`,"Self-owned student data or explicit official-source boundary; discoverable route, persistence, provenance/freshness, reversible actions, complete states, accessibility/responsive tests.",Exact exists row in the current repository catalog. That status does not verify the full vertical-slice completion contract.
B-052,B · Student OS,52,Payment plan,base catalog row,Existing but incomplete,P5,B-052,exists,`app/src/screens/Bill.tsx`; `app/src/components/MyStudentAccount.tsx`,"Self-owned student data or explicit official-source boundary; discoverable route, persistence, provenance/freshness, reversible actions, complete states, accessibility/responsive tests.",Exact exists row in the current repository catalog. That status does not verify the full vertical-slice completion contract.
B-053,B · Student OS,53,Financial-support handoff,base catalog row,Existing but incomplete,P5,B-053,partial,`app/src/lib/support.ts`; `app/src/screens/Support.tsx`,"Self-owned student data or explicit official-source boundary; discoverable route, persistence, provenance/freshness, reversible actions, complete states, accessibility/responsive tests.",Exact partial row in the current repository catalog. That status does not verify the full vertical-slice completion contract.
B-054,B · Student OS,54,Support center,base catalog row,Existing but incomplete,P5,B-054,exists,`app/src/screens/Support.tsx`; `app/src/lib/support.ts`,"Self-owned student data or explicit official-source boundary; discoverable route, persistence, provenance/freshness, reversible actions, complete states, accessibility/responsive tests.",Exact exists row in the current repository catalog. That status does not verify the full vertical-slice completion contract.
B-055,B · Student OS,55,Help request,base catalog row,Existing but incomplete,P5,B-055,exists,`app/src/screens/Help.tsx`; `app/src/components/AskAHuman.tsx`; `app/src/components/SupportTicketsPanel.tsx`,"Self-owned student data or explicit official-source boundary; discoverable route, persistence, provenance/freshness, reversible actions, complete states, accessibility/responsive tests.",Exact exists row in the current repository catalog. That status does not verify the full vertical-slice completion contract.
B-056,B · Student OS,56,Advisor sharing,base catalog row,Existing but incomplete,P5,B-056,exists,`app/src/components/AdvisorMeeting.tsx`; `app/src/components/AdvisorSharedView.tsx`; `app/src/lib/advisor-shares.ts`,"Self-owned student data or explicit official-source boundary; discoverable route, persistence, provenance/freshness, reversible actions, complete states, accessibility/responsive tests.",Exact exists row in the current repository catalog. That status does not verify the full vertical-slice completion contract.
B-057,B · Student OS,57,Family sharing,base catalog row,Existing but incomplete,P5,B-057,exists,`app/src/screens/Family.tsx`; `app/src/lib/familyshare.ts`; `app/src/components/FamilyInvite.tsx`,"Self-owned student data or explicit official-source boundary; discoverable route, persistence, provenance/freshness, reversible actions, complete states, accessibility/responsive tests.",Exact exists row in the current repository catalog. That status does not verify the full vertical-slice completion contract.
B-058,B · Student OS,58,Accessibility services,base catalog row,Existing but incomplete,P5,B-058,partial,`app/src/lib/support.ts`; `app/src/screens/Support.tsx`,"Self-owned student data or explicit official-source boundary; discoverable route, persistence, provenance/freshness, reversible actions, complete states, accessibility/responsive tests.",Exact partial row in the current repository catalog. That status does not verify the full vertical-slice completion contract.
B-059,B · Student OS,59,Career,base catalog row,Existing but incomplete,P5,B-059,exists,`app/src/screens/Career.tsx`; `app/src/components/CareerEvidence.tsx`,"Self-owned student data or explicit official-source boundary; discoverable route, persistence, provenance/freshness, reversible actions, complete states, accessibility/responsive tests.",Exact exists row in the current repository catalog. That status does not verify the full vertical-slice completion contract.
B-060,B · Student OS,60,Skills,base catalog row,Existing but incomplete,P5,B-060,exists,`app/src/components/SkillsGraph.tsx`; `app/src/lib/skills-graph.ts`; `app/src/screens/Career.tsx`,"Self-owned student data or explicit official-source boundary; discoverable route, persistence, provenance/freshness, reversible actions, complete states, accessibility/responsive tests.",Exact exists row in the current repository catalog. That status does not verify the full vertical-slice completion contract.
B-061,B · Student OS,61,Portfolio,base catalog row,Existing but incomplete,P5,B-061,exists,`app/src/components/CareerEvidence.tsx`; `app/src/components/SaveAsEvidence.tsx`,"Self-owned student data or explicit official-source boundary; discoverable route, persistence, provenance/freshness, reversible actions, complete states, accessibility/responsive tests.",Exact exists row in the current repository catalog. That status does not verify the full vertical-slice completion contract.
B-062,B · Student OS,62,Opportunities,base catalog row,Existing but incomplete,P5,B-062,exists,`app/src/screens/Opportunities.tsx`; `app/src/screens/Applying.tsx`,"Self-owned student data or explicit official-source boundary; discoverable route, persistence, provenance/freshness, reversible actions, complete states, accessibility/responsive tests.",Exact exists row in the current repository catalog. That status does not verify the full vertical-slice completion contract.
B-063,B · Student OS,63,Mentors,base catalog row,Existing but incomplete,P5,B-063,exists,`app/src/components/MentorFinder.tsx`; `app/src/lib/mentors.ts`; `app/src/screens/People.tsx`,"Self-owned student data or explicit official-source boundary; discoverable route, persistence, provenance/freshness, reversible actions, complete states, accessibility/responsive tests.",Exact exists row in the current repository catalog. That status does not verify the full vertical-slice completion contract.
B-064,B · Student OS,64,Profile,base catalog row,Existing but incomplete,P5,B-064,exists,`app/src/screens/Profile.tsx`,"Self-owned student data or explicit official-source boundary; discoverable route, persistence, provenance/freshness, reversible actions, complete states, accessibility/responsive tests.",Exact exists row in the current repository catalog. That status does not verify the full vertical-slice completion contract.
B-065,B · Student OS,65,Account settings,base catalog row,Existing but incomplete,P5,B-065,exists,`app/src/screens/Account.tsx`; `app/src/screens/settings/Index.tsx`; `app/src/components/AccountSecurity.tsx`,"Self-owned student data or explicit official-source boundary; discoverable route, persistence, provenance/freshness, reversible actions, complete states, accessibility/responsive tests.",Exact exists row in the current repository catalog. That status does not verify the full vertical-slice completion contract.
B-066,B · Student OS,66,Privacy settings,base catalog row,Existing but incomplete,P5,B-066,exists,`app/src/screens/Privacy.tsx`; `app/src/components/DataRightsRequests.tsx`,"Self-owned student data or explicit official-source boundary; discoverable route, persistence, provenance/freshness, reversible actions, complete states, accessibility/responsive tests.",Exact exists row in the current repository catalog. That status does not verify the full vertical-slice completion contract.
B-067,B · Student OS,67,AI settings,base catalog row,Existing but incomplete,P5,B-067,exists,`app/src/screens/settings/Assistant.tsx`,"Self-owned student data or explicit official-source boundary; discoverable route, persistence, provenance/freshness, reversible actions, complete states, accessibility/responsive tests.",Exact exists row in the current repository catalog. That status does not verify the full vertical-slice completion contract.
B-068,B · Student OS,68,Notification settings,base catalog row,Existing but incomplete,P5,B-068,exists,`app/src/screens/settings/Alerts.tsx`,"Self-owned student data or explicit official-source boundary; discoverable route, persistence, provenance/freshness, reversible actions, complete states, accessibility/responsive tests.",Exact exists row in the current repository catalog. That status does not verify the full vertical-slice completion contract.
B-069,B · Student OS,69,Data export,base catalog row,Existing but incomplete,P5,B-069,exists,`app/src/screens/Export.tsx`; `app/src/screens/Privacy.tsx`,"Self-owned student data or explicit official-source boundary; discoverable route, persistence, provenance/freshness, reversible actions, complete states, accessibility/responsive tests.",Exact exists row in the current repository catalog. That status does not verify the full vertical-slice completion contract.
B-070,B · Student OS,70,Account deletion request,base catalog row,Existing but incomplete,P5,B-070,exists,`app/src/screens/Privacy.tsx`; `app/src/components/DataRightsRequests.tsx`,"Self-owned student data or explicit official-source boundary; discoverable route, persistence, provenance/freshness, reversible actions, complete states, accessibility/responsive tests.",Exact exists row in the current repository catalog. That status does not verify the full vertical-slice completion contract.
B-W001,B · Student OS,71,Join institution,workflow alias Student#1,Duplicate or superseded,P5,none,not an independent repository screen row,docs/master/REPO_AUDIT.md#Workflow steps,Reconcile the canonical workflow step in the 319-row workflow pass; do not create a route or screen solely because this alias appears in the screen array.,"catalog-data.js declares this row in addedScreens as a workflow-step projection. The canonical workflow item, not this duplicate screen alias, owns implementation and acceptance."
B-W002,B · Student OS,72,Confirm identity,workflow alias Student#2,Duplicate or superseded,P5,none,not an independent repository screen row,docs/master/REPO_AUDIT.md#Workflow steps,Reconcile the canonical workflow step in the 319-row workflow pass; do not create a route or screen solely because this alias appears in the screen array.,"catalog-data.js declares this row in addedScreens as a workflow-step projection. The canonical workflow item, not this duplicate screen alias, owns implementation and acceptance."
B-W003,B · Student OS,73,Connect SSO,workflow alias Student#3,Duplicate or superseded,P5,none,not an independent repository screen row,docs/master/REPO_AUDIT.md#Workflow steps,Reconcile the canonical workflow step in the 319-row workflow pass; do not create a route or screen solely because this alias appears in the screen array.,"catalog-data.js declares this row in addedScreens as a workflow-step projection. The canonical workflow item, not this duplicate screen alias, owns implementation and acceptance."
B-W004,B · Student OS,74,Complete onboarding,workflow alias Student#4,Duplicate or superseded,P5,none,not an independent repository screen row,docs/master/REPO_AUDIT.md#Workflow steps,Reconcile the canonical workflow step in the 319-row workflow pass; do not create a route or screen solely because this alias appears in the screen array.,"catalog-data.js declares this row in addedScreens as a workflow-step projection. The canonical workflow item, not this duplicate screen alias, owns implementation and acceptance."
B-W005,B · Student OS,75,Import or review course context,workflow alias Student#6,Duplicate or superseded,P5,none,not an independent repository screen row,docs/master/REPO_AUDIT.md#Workflow steps,Reconcile the canonical workflow step in the 319-row workflow pass; do not create a route or screen solely because this alias appears in the screen array.,"catalog-data.js declares this row in addedScreens as a workflow-step projection. The canonical workflow item, not this duplicate screen alias, owns implementation and acceptance."
B-W006,B · Student OS,76,User asks,workflow alias AI#0,Duplicate or superseded,P5,none,not an independent repository screen row,docs/master/REPO_AUDIT.md#Workflow steps,Reconcile the canonical workflow step in the 319-row workflow pass; do not create a route or screen solely because this alias appears in the screen array.,"catalog-data.js declares this row in addedScreens as a workflow-step projection. The canonical workflow item, not this duplicate screen alias, owns implementation and acceptance."
B-W007,B · Student OS,77,Intent identified,workflow alias AI#1,Duplicate or superseded,P5,none,not an independent repository screen row,docs/master/REPO_AUDIT.md#Workflow steps,Reconcile the canonical workflow step in the 319-row workflow pass; do not create a route or screen solely because this alias appears in the screen array.,"catalog-data.js declares this row in addedScreens as a workflow-step projection. The canonical workflow item, not this duplicate screen alias, owns implementation and acceptance."
B-W008,B · Student OS,78,Prompt/tool permission validated,workflow alias AI#8,Duplicate or superseded,P5,none,not an independent repository screen row,docs/master/REPO_AUDIT.md#Workflow steps,Reconcile the canonical workflow step in the 319-row workflow pass; do not create a route or screen solely because this alias appears in the screen array.,"catalog-data.js declares this row in addedScreens as a workflow-step projection. The canonical workflow item, not this duplicate screen alias, owns implementation and acceptance."
B-W009,B · Student OS,79,Response generated,workflow alias AI#9,Duplicate or superseded,P5,none,not an independent repository screen row,docs/master/REPO_AUDIT.md#Workflow steps,Reconcile the canonical workflow step in the 319-row workflow pass; do not create a route or screen solely because this alias appears in the screen array.,"catalog-data.js declares this row in addedScreens as a workflow-step projection. The canonical workflow item, not this duplicate screen alias, owns implementation and acceptance."
B-W010,B · Student OS,80,Human escalation offered,workflow alias AI#13,Duplicate or superseded,P5,none,not an independent repository screen row,docs/master/REPO_AUDIT.md#Workflow steps,Reconcile the canonical workflow step in the 319-row workflow pass; do not create a route or screen solely because this alias appears in the screen array.,"catalog-data.js declares this row in addedScreens as a workflow-step projection. The canonical workflow item, not this duplicate screen alias, owns implementation and acceptance."
B-W011,B · Student OS,81,Usage/spend logged,workflow alias AI#14,Duplicate or superseded,P5,none,not an independent repository screen row,docs/master/REPO_AUDIT.md#Workflow steps,Reconcile the canonical workflow step in the 319-row workflow pass; do not create a route or screen solely because this alias appears in the screen array.,"catalog-data.js declares this row in addedScreens as a workflow-step projection. The canonical workflow item, not this duplicate screen alias, owns implementation and acceptance."
B-W012,B · Student OS,82,Feedback/correction captured,workflow alias AI#16,Duplicate or superseded,P5,none,not an independent repository screen row,docs/master/REPO_AUDIT.md#Workflow steps,Reconcile the canonical workflow step in the 319-row workflow pass; do not create a route or screen solely because this alias appears in the screen array.,"catalog-data.js declares this row in addedScreens as a workflow-step projection. The canonical workflow item, not this duplicate screen alias, owns implementation and acceptance."
C-001,C · Faculty & Course Studio,1,Faculty dashboard,base catalog row,Existing but incomplete,P6,C-001,partial,`app/src/components/institutional/RoleWorkspace.tsx`; `app/src/components/CourseStudio.tsx`,"Course membership plus exact teaching capability; institution/course-scoped persistence, audit for consequential academic actions, recovery, full UI states, and faculty journey tests.",Exact partial row in the current repository catalog. That status does not verify the full vertical-slice completion contract.
C-002,C · Faculty & Course Studio,2,Course list,base catalog row,Existing but incomplete,P6,C-002,partial,`app/src/components/CourseStudio.tsx`; `app/src/lib/coursestudio.ts`,"Course membership plus exact teaching capability; institution/course-scoped persistence, audit for consequential academic actions, recovery, full UI states, and faculty journey tests.",Exact partial row in the current repository catalog. That status does not verify the full vertical-slice completion contract.
C-003,C · Faculty & Course Studio,3,Course home,base catalog row,Existing but incomplete,P6,C-003,partial,`app/src/components/CourseStudio.tsx`,"Course membership plus exact teaching capability; institution/course-scoped persistence, audit for consequential academic actions, recovery, full UI states, and faculty journey tests.",Exact partial row in the current repository catalog. That status does not verify the full vertical-slice completion contract.
C-004,C · Faculty & Course Studio,4,Course setup,base catalog row,Missing and in scope,P6,C-004,missing,app/src/components/CourseStudio.tsx; app/server/institution/,"Course membership plus exact teaching capability; institution/course-scoped persistence, audit for consequential academic actions, recovery, full UI states, and faculty journey tests.",The current repository catalog records this item as absent; current scope permits a bounded implementation subject to the recorded dependencies and acceptance contract.
C-005,C · Faculty & Course Studio,5,Syllabus,base catalog row,Missing and in scope,P6,C-005,missing,app/src/components/CourseStudio.tsx; app/server/institution/,"Course membership plus exact teaching capability; institution/course-scoped persistence, audit for consequential academic actions, recovery, full UI states, and faculty journey tests.",The current repository catalog records this item as absent; current scope permits a bounded implementation subject to the recorded dependencies and acceptance contract.
C-006,C · Faculty & Course Studio,6,Learning objectives,base catalog row,Missing and in scope,P6,C-006,missing,app/src/components/CourseStudio.tsx; app/server/institution/,"Course membership plus exact teaching capability; institution/course-scoped persistence, audit for consequential academic actions, recovery, full UI states, and faculty journey tests.",The current repository catalog records this item as absent; current scope permits a bounded implementation subject to the recorded dependencies and acceptance contract.
C-007,C · Faculty & Course Studio,7,Course schedule,base catalog row,Missing and in scope,P6,C-007,missing,app/src/components/CourseStudio.tsx; app/server/institution/,"Course membership plus exact teaching capability; institution/course-scoped persistence, audit for consequential academic actions, recovery, full UI states, and faculty journey tests.",The current repository catalog records this item as absent; current scope permits a bounded implementation subject to the recorded dependencies and acceptance contract.
C-008,C · Faculty & Course Studio,8,Course announcements,base catalog row,Missing and in scope,P6,C-008,missing,app/src/components/CourseStudio.tsx; app/server/institution/,"Course membership plus exact teaching capability; institution/course-scoped persistence, audit for consequential academic actions, recovery, full UI states, and faculty journey tests.",The current repository catalog records this item as absent; current scope permits a bounded implementation subject to the recorded dependencies and acceptance contract.
C-009,C · Faculty & Course Studio,9,Course guidance,base catalog row,Existing but incomplete,P6,C-009,exists,`app/src/components/CourseStudio.tsx`; `app/src/lib/coursestudio.ts`; `supabase/migrations/20260928309000_course_studio.sql`,"Course membership plus exact teaching capability; institution/course-scoped persistence, audit for consequential academic actions, recovery, full UI states, and faculty journey tests.",Exact exists row in the current repository catalog. That status does not verify the full vertical-slice completion contract.
C-010,C · Faculty & Course Studio,10,Course AI rules,base catalog row,Existing but incomplete,P6,C-010,exists,`app/src/components/CourseStudio.tsx`; `app/src/lib/coursestudio.ts`; `supabase/migrations/20260928309000_course_studio.sql`,"Course membership plus exact teaching capability; institution/course-scoped persistence, audit for consequential academic actions, recovery, full UI states, and faculty journey tests.",Exact exists row in the current repository catalog. That status does not verify the full vertical-slice completion contract.
C-011,C · Faculty & Course Studio,11,Resource library,base catalog row,Existing but incomplete,P6,C-011,partial,`app/src/components/CourseStudio.tsx`; `app/src/lib/courserules.ts`,"Course membership plus exact teaching capability; institution/course-scoped persistence, audit for consequential academic actions, recovery, full UI states, and faculty journey tests.",Exact partial row in the current repository catalog. That status does not verify the full vertical-slice completion contract.
C-012,C · Faculty & Course Studio,12,Approved sources,base catalog row,Existing but incomplete,P6,C-012,partial,`app/src/components/CourseStudio.tsx`; `supabase/migrations/20261001185348_approved_source_policy_scope.sql`,"Course membership plus exact teaching capability; institution/course-scoped persistence, audit for consequential academic actions, recovery, full UI states, and faculty journey tests.",Exact partial row in the current repository catalog. That status does not verify the full vertical-slice completion contract.
C-013,C · Faculty & Course Studio,13,Assignments,base catalog row,Existing but incomplete,P6,C-013,partial,`app/src/components/gradebook/InstructorBook.tsx`; `app/server/institution/sandbox.ts`,"Course membership plus exact teaching capability; institution/course-scoped persistence, audit for consequential academic actions, recovery, full UI states, and faculty journey tests.",Exact partial row in the current repository catalog. That status does not verify the full vertical-slice completion contract.
C-014,C · Faculty & Course Studio,14,Assessment builder,base catalog row,Existing but incomplete,P6,C-014,partial,`app/src/lib/itembank.ts`; `app/src/lib/assessment/qti.ts`,"Course membership plus exact teaching capability; institution/course-scoped persistence, audit for consequential academic actions, recovery, full UI states, and faculty journey tests.",Exact partial row in the current repository catalog. That status does not verify the full vertical-slice completion contract.
C-015,C · Faculty & Course Studio,15,Question bank,base catalog row,Existing but incomplete,P6,C-015,partial,`app/src/lib/itembank.ts`; `app/src/lib/itembank.test.ts`,"Course membership plus exact teaching capability; institution/course-scoped persistence, audit for consequential academic actions, recovery, full UI states, and faculty journey tests.",Exact partial row in the current repository catalog. That status does not verify the full vertical-slice completion contract.
C-016,C · Faculty & Course Studio,16,Rubric builder,base catalog row,Existing but incomplete,P6,C-016,partial,`app/src/lib/rubricengine.ts`; `app/src/lib/rubricengine.test.ts`,"Course membership plus exact teaching capability; institution/course-scoped persistence, audit for consequential academic actions, recovery, full UI states, and faculty journey tests.",Exact partial row in the current repository catalog. That status does not verify the full vertical-slice completion contract.
C-017,C · Faculty & Course Studio,17,Gradebook,base catalog row,Existing but incomplete,P6,C-017,exists,`app/src/screens/Gradebook.tsx`; `app/src/components/gradebook/InstructorBook.tsx`; `app/src/lib/gradebook/client.ts`; `supabase/migrations/20260929310000_gradebook.sql`,"Course membership plus exact teaching capability; institution/course-scoped persistence, audit for consequential academic actions, recovery, full UI states, and faculty journey tests.",Exact exists row in the current repository catalog. That status does not verify the full vertical-slice completion contract.
C-018,C · Faculty & Course Studio,18,Grade entry,base catalog row,Existing but incomplete,P6,C-018,exists,`app/src/components/gradebook/InstructorBook.tsx`; `app/src/lib/gradebook/client.ts`; `app/src/lib/gradebook/ledger.ts`,"Course membership plus exact teaching capability; institution/course-scoped persistence, audit for consequential academic actions, recovery, full UI states, and faculty journey tests.",Exact exists row in the current repository catalog. That status does not verify the full vertical-slice completion contract.
C-019,C · Faculty & Course Studio,19,Grade moderation,base catalog row,Existing but incomplete,P6,C-019,exists,`app/src/components/gradebook/InstructorBook.tsx`; `app/src/lib/gradebook/client.ts`; `supabase/gradebook.check.sql`,"Course membership plus exact teaching capability; institution/course-scoped persistence, audit for consequential academic actions, recovery, full UI states, and faculty journey tests.",Exact exists row in the current repository catalog. That status does not verify the full vertical-slice completion contract.
C-020,C · Faculty & Course Studio,20,Grade release,base catalog row,Existing but incomplete,P6,C-020,exists,`app/src/components/gradebook/InstructorBook.tsx`; `app/src/lib/gradebook/client.ts`,"Course membership plus exact teaching capability; institution/course-scoped persistence, audit for consequential academic actions, recovery, full UI states, and faculty journey tests.",Exact exists row in the current repository catalog. That status does not verify the full vertical-slice completion contract.
C-021,C · Faculty & Course Studio,21,Regrade queue,base catalog row,Existing but incomplete,P6,C-021,exists,`app/src/components/gradebook/InstructorBook.tsx`; `app/src/components/gradebook/StudentGrades.tsx`; `app/src/lib/gradebook/client.ts`,"Course membership plus exact teaching capability; institution/course-scoped persistence, audit for consequential academic actions, recovery, full UI states, and faculty journey tests.",Exact exists row in the current repository catalog. That status does not verify the full vertical-slice completion contract.
C-022,C · Faculty & Course Studio,22,Grade passback,base catalog row,Existing but incomplete,P6,C-022,partial,`app/src/lib/gradebook/passback.ts`; `app/src/lib/gradebook/client.ts`; `app/src/components/gradebook/InstructorBook.tsx`,"Course membership plus exact teaching capability; institution/course-scoped persistence, audit for consequential academic actions, recovery, full UI states, and faculty journey tests.",Exact partial row in the current repository catalog. That status does not verify the full vertical-slice completion contract.
C-023,C · Faculty & Course Studio,23,Feedback workspace,base catalog row,Existing but incomplete,P6,C-023,partial,`app/src/components/gradebook/InstructorBook.tsx`; `app/server/institution/sandbox.ts`,"Course membership plus exact teaching capability; institution/course-scoped persistence, audit for consequential academic actions, recovery, full UI states, and faculty journey tests.",Exact partial row in the current repository catalog. That status does not verify the full vertical-slice completion contract.
C-024,C · Faculty & Course Studio,24,Student progress view,base catalog row,Intentionally excluded with a repository-backed rationale,P6,C-024,missing,app/src/components/CourseStudio.tsx; app/server/institution/,"Course membership plus exact teaching capability; institution/course-scoped persistence, audit for consequential academic actions, recovery, full UI states, and faculty journey tests.",Current faculty design refuses an institution-wide student-progress roster; only course/consent-bounded evidence may be introduced.
C-025,C · Faculty & Course Studio,25,Course activity aggregates,base catalog row,Existing but incomplete,P6,C-025,partial,`app/src/lib/institution-ops.ts`; `app/src/components/institutional/OperationsStudio.tsx`,"Course membership plus exact teaching capability; institution/course-scoped persistence, audit for consequential academic actions, recovery, full UI states, and faculty journey tests.",Exact partial row in the current repository catalog. That status does not verify the full vertical-slice completion contract.
C-026,C · Faculty & Course Studio,26,Study packs,base catalog row,Existing but incomplete,P6,C-026,exists,`app/src/components/CourseStudio.tsx`; `app/src/lib/coursestudio.ts`; `supabase/migrations/20260928309000_course_studio.sql`,"Course membership plus exact teaching capability; institution/course-scoped persistence, audit for consequential academic actions, recovery, full UI states, and faculty journey tests.",Exact exists row in the current repository catalog. That status does not verify the full vertical-slice completion contract.
C-027,C · Faculty & Course Studio,27,Office hours,base catalog row,Existing but incomplete,P6,C-027,partial,`app/src/components/HelpInbox.tsx`; `app/src/lib/officehours.ts`,"Course membership plus exact teaching capability; institution/course-scoped persistence, audit for consequential academic actions, recovery, full UI states, and faculty journey tests.",Exact partial row in the current repository catalog. That status does not verify the full vertical-slice completion contract.
C-028,C · Faculty & Course Studio,28,Discussions,base catalog row,Existing but incomplete,P6,C-028,partial,`app/src/lib/rooms.ts`; `app/src/screens/Classmates.tsx`,"Course membership plus exact teaching capability; institution/course-scoped persistence, audit for consequential academic actions, recovery, full UI states, and faculty journey tests.",Exact partial row in the current repository catalog. That status does not verify the full vertical-slice completion contract.
C-029,C · Faculty & Course Studio,29,Group management,base catalog row,Existing but incomplete,P6,C-029,partial,`app/src/lib/groupwork.ts`; `app/src/screens/Groupwork.tsx`,"Course membership plus exact teaching capability; institution/course-scoped persistence, audit for consequential academic actions, recovery, full UI states, and faculty journey tests.",Exact partial row in the current repository catalog. That status does not verify the full vertical-slice completion contract.
C-030,C · Faculty & Course Studio,30,TA management,base catalog row,Missing and in scope,P6,C-030,missing,app/src/components/CourseStudio.tsx; app/server/institution/,"Course membership plus exact teaching capability; institution/course-scoped persistence, audit for consequential academic actions, recovery, full UI states, and faculty journey tests.",The current repository catalog records this item as absent; current scope permits a bounded implementation subject to the recorded dependencies and acceptance contract.
C-031,C · Faculty & Course Studio,31,Course accessibility review,base catalog row,Missing and in scope,P6,C-031,missing,app/src/components/CourseStudio.tsx; app/server/institution/,"Course membership plus exact teaching capability; institution/course-scoped persistence, audit for consequential academic actions, recovery, full UI states, and faculty journey tests.",The current repository catalog records this item as absent; current scope permits a bounded implementation subject to the recorded dependencies and acceptance contract.
C-032,C · Faculty & Course Studio,32,Academic-integrity workflow,base catalog row,Intentionally excluded with a repository-backed rationale,P6,C-032,missing,app/src/components/CourseStudio.tsx; app/server/institution/,"Course membership plus exact teaching capability; institution/course-scoped persistence, audit for consequential academic actions, recovery, full UI states, and faculty journey tests.",Current institution-operations policy forbids automated academic-integrity accusations; a later human-governed case workflow needs new authority.
C-033,C · Faculty & Course Studio,33,Course imports/exports,base catalog row,Existing but incomplete,P6,C-033,partial,`app/src/components/gradebook/InstructorBook.tsx`; `app/src/components/institutional/MigrationCenter.tsx`,"Course membership plus exact teaching capability; institution/course-scoped persistence, audit for consequential academic actions, recovery, full UI states, and faculty journey tests.",Exact partial row in the current repository catalog. That status does not verify the full vertical-slice completion contract.
C-034,C · Faculty & Course Studio,34,Course archive,base catalog row,Missing and in scope,P6,C-034,missing,app/src/components/CourseStudio.tsx; app/server/institution/,"Course membership plus exact teaching capability; institution/course-scoped persistence, audit for consequential academic actions, recovery, full UI states, and faculty journey tests.",The current repository catalog records this item as absent; current scope permits a bounded implementation subject to the recorded dependencies and acceptance contract.
C-035,C · Faculty & Course Studio,35,Course version history,base catalog row,Existing but incomplete,P6,C-035,partial,`app/src/components/CourseStudio.tsx`; `app/src/lib/coursestudio.ts`,"Course membership plus exact teaching capability; institution/course-scoped persistence, audit for consequential academic actions, recovery, full UI states, and faculty journey tests.",Exact partial row in the current repository catalog. That status does not verify the full vertical-slice completion contract.
C-036,C · Faculty & Course Studio,36,Course settings,base catalog row,Existing but incomplete,P6,C-036,partial,`app/src/components/gradebook/InstructorBook.tsx`; `app/src/lib/gradebook/client.ts`,"Course membership plus exact teaching capability; institution/course-scoped persistence, audit for consequential academic actions, recovery, full UI states, and faculty journey tests.",Exact partial row in the current repository catalog. That status does not verify the full vertical-slice completion contract.
C-W001,C · Faculty & Course Studio,37,Publish course AI policy,workflow alias Faculty#5,Duplicate or superseded,P6,none,not an independent repository screen row,docs/master/REPO_AUDIT.md#Workflow steps,Reconcile the canonical workflow step in the 319-row workflow pass; do not create a route or screen solely because this alias appears in the screen array.,"catalog-data.js declares this row in addedScreens as a workflow-step projection. The canonical workflow item, not this duplicate screen alias, owns implementation and acceptance."
C-W002,C · Faculty & Course Studio,38,Manage roster,workflow alias Faculty#11,Duplicate or superseded,P6,none,not an independent repository screen row,docs/master/REPO_AUDIT.md#Workflow steps,Reconcile the canonical workflow step in the 319-row workflow pass; do not create a route or screen solely because this alias appears in the screen array.,"catalog-data.js declares this row in addedScreens as a workflow-step projection. The canonical workflow item, not this duplicate screen alias, owns implementation and acceptance."
C-W003,C · Faculty & Course Studio,39,Communicate with class,workflow alias Faculty#19,Duplicate or superseded,P6,none,not an independent repository screen row,docs/master/REPO_AUDIT.md#Workflow steps,Reconcile the canonical workflow step in the 319-row workflow pass; do not create a route or screen solely because this alias appears in the screen array.,"catalog-data.js declares this row in addedScreens as a workflow-step projection. The canonical workflow item, not this duplicate screen alias, owns implementation and acceptance."
D-001,D · Advisor & student success,1,Advisor dashboard,base catalog row,Existing but incomplete,P7,D-001,partial,`app/src/components/institutional/RoleWorkspace.tsx`; `app/src/components/AdvisorSharedView.tsx`,"Student consent plus advisor relationship; no hidden risk score or broad roster, scoped server read/write, revocation/audit, recovery, complete states, and two-account tests.",Exact partial row in the current repository catalog. That status does not verify the full vertical-slice completion contract.
D-002,D · Advisor & student success,2,Caseload,base catalog row,Existing but incomplete,P7,D-002,missing,app/src/components/SharedPlan.tsx; app/server/institution/advising.ts,"Student consent plus advisor relationship; no hidden risk score or broad roster, scoped server read/write, revocation/audit, recovery, complete states, and two-account tests.","The shared-plan list is the consent-bounded Caseload analogue; an institution-wide roster remains blocked on authority, relationship data and consent."
D-003,D · Advisor & student success,3,Student profile,base catalog row,Existing but incomplete,P7,D-003,missing,app/src/components/SharedPlan.tsx; app/server/institution/advising.ts,"Student consent plus advisor relationship; no hidden risk score or broad roster, scoped server read/write, revocation/audit, recovery, complete states, and two-account tests.",The advisor can inspect a student-consented shared-plan snapshot; a general student profile remains outside that grant.
D-004,D · Advisor & student success,4,Student path,base catalog row,Existing but incomplete,P7,D-004,partial,`app/src/components/AdvisorSharedView.tsx`; `app/src/lib/advisor-meeting.ts`; `app/src/screens/Pathway.tsx`,"Student consent plus advisor relationship; no hidden risk score or broad roster, scoped server read/write, revocation/audit, recovery, complete states, and two-account tests.",Exact partial row in the current repository catalog. That status does not verify the full vertical-slice completion contract.
D-005,D · Advisor & student success,5,Academic plan,base catalog row,Existing but incomplete,P7,D-005,partial,`app/src/components/AdvisorSharedView.tsx`; `app/src/lib/advisor-shares.ts`; `app/src/screens/Degree.tsx`,"Student consent plus advisor relationship; no hidden risk score or broad roster, scoped server read/write, revocation/audit, recovery, complete states, and two-account tests.",Exact partial row in the current repository catalog. That status does not verify the full vertical-slice completion contract.
D-006,D · Advisor & student success,6,Action completion,base catalog row,Existing but incomplete,P7,D-006,partial,`app/src/components/OfficeActionDesk.tsx`; `app/src/lib/office-actions.ts`,"Student consent plus advisor relationship; no hidden risk score or broad roster, scoped server read/write, revocation/audit, recovery, complete states, and two-account tests.",Exact partial row in the current repository catalog. That status does not verify the full vertical-slice completion contract.
D-007,D · Advisor & student success,7,Holds and registration status,base catalog row,Existing but incomplete,P7,D-007,partial,`app/src/components/enrollment/StudentRegistration.tsx`; `app/src/components/enrollment/RegistrarDesk.tsx`,"Student consent plus advisor relationship; no hidden risk score or broad roster, scoped server read/write, revocation/audit, recovery, complete states, and two-account tests.",Exact partial row in the current repository catalog. That status does not verify the full vertical-slice completion contract.
D-008,D · Advisor & student success,8,Check-ins,base catalog row,Missing and in scope,P7,D-008,missing,app/src/components/SharedPlan.tsx; app/server/institution/advising.ts,"Student consent plus advisor relationship; no hidden risk score or broad roster, scoped server read/write, revocation/audit, recovery, complete states, and two-account tests.",The current repository catalog records this item as absent; current scope permits a bounded implementation subject to the recorded dependencies and acceptance contract.
D-009,D · Advisor & student success,9,Appointment schedule,base catalog row,Existing but incomplete,P7,D-009,partial,`app/server/institution/advising.ts`; `app/src/screens/University.tsx`,"Student consent plus advisor relationship; no hidden risk score or broad roster, scoped server read/write, revocation/audit, recovery, complete states, and two-account tests.",Exact partial row in the current repository catalog. That status does not verify the full vertical-slice completion contract.
D-010,D · Advisor & student success,10,Advising notes,base catalog row,Existing but incomplete,P7,D-010,partial,`app/src/components/AdvisorMeeting.tsx`; `app/src/lib/advisor-meeting.ts`,"Student consent plus advisor relationship; no hidden risk score or broad roster, scoped server read/write, revocation/audit, recovery, complete states, and two-account tests.",Exact partial row in the current repository catalog. That status does not verify the full vertical-slice completion contract.
D-011,D · Advisor & student success,11,Success plan,base catalog row,Missing and in scope,P7,D-011,missing,app/src/components/SharedPlan.tsx; app/server/institution/advising.ts,"Student consent plus advisor relationship; no hidden risk score or broad roster, scoped server read/write, revocation/audit, recovery, complete states, and two-account tests.",The current repository catalog records this item as absent; current scope permits a bounded implementation subject to the recorded dependencies and acceptance contract.
D-012,D · Advisor & student success,12,Referral workflow,base catalog row,Existing but incomplete,P7,D-012,partial,`app/src/lib/help-routes.ts`; `app/src/components/HelpInbox.tsx`,"Student consent plus advisor relationship; no hidden risk score or broad roster, scoped server read/write, revocation/audit, recovery, complete states, and two-account tests.",Exact partial row in the current repository catalog. That status does not verify the full vertical-slice completion contract.
D-013,D · Advisor & student success,13,Support request history,base catalog row,Existing but incomplete,P7,D-013,partial,`app/src/components/HelpInbox.tsx`; `app/src/lib/help-routes.ts`; `app/src/components/SupportTicketsPanel.tsx`,"Student consent plus advisor relationship; no hidden risk score or broad roster, scoped server read/write, revocation/audit, recovery, complete states, and two-account tests.",Exact partial row in the current repository catalog. That status does not verify the full vertical-slice completion contract.
D-014,D · Advisor & student success,14,Shared student workspace,base catalog row,Existing but incomplete,P7,D-014,exists,`app/src/components/AdvisorSharedView.tsx`; `app/src/lib/advisor-shares.ts`; `supabase/migrations/20260928301000_advisor_shares.sql`,"Student consent plus advisor relationship; no hidden risk score or broad roster, scoped server read/write, revocation/audit, recovery, complete states, and two-account tests.",Exact exists row in the current repository catalog. That status does not verify the full vertical-slice completion contract.
D-015,D · Advisor & student success,15,Student consent/grant view,base catalog row,Existing but incomplete,P7,D-015,exists,`app/src/components/AdvisorMeeting.tsx`; `app/src/lib/advisor-shares.ts`; `supabase/migrations/20260930190000_advisor_share_audit.sql`,"Student consent plus advisor relationship; no hidden risk score or broad roster, scoped server read/write, revocation/audit, recovery, complete states, and two-account tests.",Exact exists row in the current repository catalog. That status does not verify the full vertical-slice completion contract.
D-016,D · Advisor & student success,16,Risk and priority signals,base catalog row,Intentionally excluded with a repository-backed rationale,P7,D-016,missing,app/src/components/SharedPlan.tsx; app/server/institution/advising.ts,"Student consent plus advisor relationship; no hidden risk score or broad roster, scoped server read/write, revocation/audit, recovery, complete states, and two-account tests.",Current product authority forbids hidden student risk scoring or ranking. Student-controlled signals do not authorize this staff surface.
D-017,D · Advisor & student success,17,Outreach queue,base catalog row,Existing but incomplete,P7,D-017,partial,`app/src/components/OfficeActionDesk.tsx`; `app/src/lib/office-actions.ts`,"Student consent plus advisor relationship; no hidden risk score or broad roster, scoped server read/write, revocation/audit, recovery, complete states, and two-account tests.",Exact partial row in the current repository catalog. That status does not verify the full vertical-slice completion contract.
D-018,D · Advisor & student success,18,Communication composer,base catalog row,Existing but incomplete,P7,D-018,partial,`app/src/components/institutional/RoleWorkspace.tsx`; `app/src/components/institutional/role-workspace.ts`,"Student consent plus advisor relationship; no hidden risk score or broad roster, scoped server read/write, revocation/audit, recovery, complete states, and two-account tests.",Exact partial row in the current repository catalog. That status does not verify the full vertical-slice completion contract.
D-019,D · Advisor & student success,19,Cohort dashboard,base catalog row,Missing and in scope,P7,D-019,missing,app/src/components/SharedPlan.tsx; app/server/institution/advising.ts,"Student consent plus advisor relationship; no hidden risk score or broad roster, scoped server read/write, revocation/audit, recovery, complete states, and two-account tests.",The current repository catalog records this item as absent; current scope permits a bounded implementation subject to the recorded dependencies and acceptance contract.
D-020,D · Advisor & student success,20,Program dashboard,base catalog row,Existing but incomplete,P7,D-020,partial,`app/src/components/institutional/OperationsStudio.tsx`; `app/src/lib/institution-ops.ts`,"Student consent plus advisor relationship; no hidden risk score or broad roster, scoped server read/write, revocation/audit, recovery, complete states, and two-account tests.",Exact partial row in the current repository catalog. That status does not verify the full vertical-slice completion contract.
D-021,D · Advisor & student success,21,Outcome aggregates,base catalog row,Existing but incomplete,P7,D-021,partial,`app/src/components/institutional/OperationsStudio.tsx`; `app/src/lib/institution-ops.ts`; `supabase/migrations/20260926150000_expansion_roles_and_features.sql`,"Student consent plus advisor relationship; no hidden risk score or broad roster, scoped server read/write, revocation/audit, recovery, complete states, and two-account tests.",Exact partial row in the current repository catalog. That status does not verify the full vertical-slice completion contract.
D-022,D · Advisor & student success,22,Intervention tracker,base catalog row,Missing and in scope,P7,D-022,missing,app/src/components/SharedPlan.tsx; app/server/institution/advising.ts,"Student consent plus advisor relationship; no hidden risk score or broad roster, scoped server read/write, revocation/audit, recovery, complete states, and two-account tests.",The current repository catalog records this item as absent; current scope permits a bounded implementation subject to the recorded dependencies and acceptance contract.
D-023,D · Advisor & student success,23,Escalation workflow,base catalog row,Missing and in scope,P7,D-023,missing,app/src/components/SharedPlan.tsx; app/server/institution/advising.ts,"Student consent plus advisor relationship; no hidden risk score or broad roster, scoped server read/write, revocation/audit, recovery, complete states, and two-account tests.",The current repository catalog records this item as absent; current scope permits a bounded implementation subject to the recorded dependencies and acceptance contract.
D-024,D · Advisor & student success,24,Student support resources,base catalog row,Existing but incomplete,P7,D-024,exists,`app/src/screens/Support.tsx`; `app/src/lib/support.ts`; `app/src/lib/basicneeds.ts`,"Student consent plus advisor relationship; no hidden risk score or broad roster, scoped server read/write, revocation/audit, recovery, complete states, and two-account tests.",Exact exists row in the current repository catalog. That status does not verify the full vertical-slice completion contract.
D-025,D · Advisor & student success,25,Advisor settings,base catalog row,Missing and in scope,P7,D-025,missing,app/src/components/SharedPlan.tsx; app/server/institution/advising.ts,"Student consent plus advisor relationship; no hidden risk score or broad roster, scoped server read/write, revocation/audit, recovery, complete states, and two-account tests.",The current repository catalog records this item as absent; current scope permits a bounded implementation subject to the recorded dependencies and acceptance contract.
D-W001,D · Advisor & student success,26,Refer to office,workflow alias Advisor / student success#6,Duplicate or superseded,P7,none,not an independent repository screen row,docs/master/REPO_AUDIT.md#Workflow steps,Reconcile the canonical workflow step in the 319-row workflow pass; do not create a route or screen solely because this alias appears in the screen array.,"catalog-data.js declares this row in addedScreens as a workflow-step projection. The canonical workflow item, not this duplicate screen alias, owns implementation and acceptance."
D-W002,D · Advisor & student success,27,Review consented share,workflow alias Advisor / student success#10,Duplicate or superseded,P7,none,not an independent repository screen row,docs/master/REPO_AUDIT.md#Workflow steps,Reconcile the canonical workflow step in the 319-row workflow pass; do not create a route or screen solely because this alias appears in the screen array.,"catalog-data.js declares this row in addedScreens as a workflow-step projection. The canonical workflow item, not this duplicate screen alias, owns implementation and acceptance."
D-W003,D · Advisor & student success,28,Conduct term review,workflow alias Advisor / student success#13,Duplicate or superseded,P7,none,not an independent repository screen row,docs/master/REPO_AUDIT.md#Workflow steps,Reconcile the canonical workflow step in the 319-row workflow pass; do not create a route or screen solely because this alias appears in the screen array.,"catalog-data.js declares this row in addedScreens as a workflow-step projection. The canonical workflow item, not this duplicate screen alias, owns implementation and acceptance."
D-W004,D · Advisor & student success,29,Close or transition case,workflow alias Advisor / student success#16,Duplicate or superseded,P7,none,not an independent repository screen row,docs/master/REPO_AUDIT.md#Workflow steps,Reconcile the canonical workflow step in the 319-row workflow pass; do not create a route or screen solely because this alias appears in the screen array.,"catalog-data.js declares this row in addedScreens as a workflow-step projection. The canonical workflow item, not this duplicate screen alias, owns implementation and acceptance."
E-001,E · Registrar & academic operations,1,Registrar dashboard,base catalog row,Existing but incomplete,P6,E-001,partial,`app/src/components/enrollment/RegistrarDesk.tsx`; `app/src/screens/Registration.tsx`; `app/src/components/OfficeActionDesk.tsx`,"Registrar capability and institution scope; official SIS authority, validated/audited/idempotent mutation, reconciliation and rollback, complete states, RLS and journey tests.",Exact partial row in the current repository catalog. That status does not verify the full vertical-slice completion contract.
E-002,E · Registrar & academic operations,2,Term management,base catalog row,Existing but incomplete,P6,E-002,exists,`app/src/components/enrollment/RegistrarDesk.tsx`; `supabase/migrations/20260929300000_registration_transaction.sql`,"Registrar capability and institution scope; official SIS authority, validated/audited/idempotent mutation, reconciliation and rollback, complete states, RLS and journey tests.",Exact exists row in the current repository catalog. That status does not verify the full vertical-slice completion contract.
E-003,E · Registrar & academic operations,3,Academic calendar,base catalog row,Existing but incomplete,P6,E-003,partial,`app/src/components/enrollment/RegistrarDesk.tsx`; `app/src/screens/Registrar.tsx`,"Registrar capability and institution scope; official SIS authority, validated/audited/idempotent mutation, reconciliation and rollback, complete states, RLS and journey tests.",Exact partial row in the current repository catalog. That status does not verify the full vertical-slice completion contract.
E-004,E · Registrar & academic operations,4,Catalog management,base catalog row,Existing but incomplete,P6,E-004,partial,`app/src/components/enrollment/RegistrarDesk.tsx`; `supabase/migrations/20260929300000_registration_transaction.sql`,"Registrar capability and institution scope; official SIS authority, validated/audited/idempotent mutation, reconciliation and rollback, complete states, RLS and journey tests.",Exact partial row in the current repository catalog. That status does not verify the full vertical-slice completion contract.
E-005,E · Registrar & academic operations,5,Course management,base catalog row,Existing but incomplete,P6,E-005,partial,`app/src/components/enrollment/RegistrarDesk.tsx`; `supabase/migrations/20260929300000_registration_transaction.sql`,"Registrar capability and institution scope; official SIS authority, validated/audited/idempotent mutation, reconciliation and rollback, complete states, RLS and journey tests.",Exact partial row in the current repository catalog. That status does not verify the full vertical-slice completion contract.
E-006,E · Registrar & academic operations,6,Section management,base catalog row,Existing but incomplete,P6,E-006,exists,`app/src/components/enrollment/RegistrarDesk.tsx`; `supabase/migrations/20260929300000_registration_transaction.sql`,"Registrar capability and institution scope; official SIS authority, validated/audited/idempotent mutation, reconciliation and rollback, complete states, RLS and journey tests.",Exact exists row in the current repository catalog. That status does not verify the full vertical-slice completion contract.
E-007,E · Registrar & academic operations,7,Faculty assignment,base catalog row,Missing and in scope,P6,E-007,missing,app/src/screens/Registrar.tsx; app/src/components/institutional/,"Registrar capability and institution scope; official SIS authority, validated/audited/idempotent mutation, reconciliation and rollback, complete states, RLS and journey tests.",The current repository catalog records this item as absent; current scope permits a bounded implementation subject to the recorded dependencies and acceptance contract.
E-008,E · Registrar & academic operations,8,Room scheduling,base catalog row,Missing and in scope,P6,E-008,missing,app/src/screens/Registrar.tsx; app/src/components/institutional/,"Registrar capability and institution scope; official SIS authority, validated/audited/idempotent mutation, reconciliation and rollback, complete states, RLS and journey tests.",The current repository catalog records this item as absent; current scope permits a bounded implementation subject to the recorded dependencies and acceptance contract.
E-009,E · Registrar & academic operations,9,Capacity management,base catalog row,Existing but incomplete,P6,E-009,exists,`app/src/components/enrollment/RegistrarDesk.tsx`; `supabase/migrations/20260929300000_registration_transaction.sql`,"Registrar capability and institution scope; official SIS authority, validated/audited/idempotent mutation, reconciliation and rollback, complete states, RLS and journey tests.",Exact exists row in the current repository catalog. That status does not verify the full vertical-slice completion contract.
E-010,E · Registrar & academic operations,10,Waitlist management,base catalog row,Existing but incomplete,P6,E-010,partial,`supabase/migrations/20260929300000_registration_transaction.sql`; `app/src/components/enrollment/StudentRegistration.tsx`; `app/src/components/enrollment/RegistrarDesk.tsx`,"Registrar capability and institution scope; official SIS authority, validated/audited/idempotent mutation, reconciliation and rollback, complete states, RLS and journey tests.",Exact partial row in the current repository catalog. That status does not verify the full vertical-slice completion contract.
E-011,E · Registrar & academic operations,11,Prerequisite rules,base catalog row,Existing but incomplete,P6,E-011,exists,`app/src/components/enrollment/RegistrarDesk.tsx`; `supabase/migrations/20260929300000_registration_transaction.sql`,"Registrar capability and institution scope; official SIS authority, validated/audited/idempotent mutation, reconciliation and rollback, complete states, RLS and journey tests.",Exact exists row in the current repository catalog. That status does not verify the full vertical-slice completion contract.
E-012,E · Registrar & academic operations,12,Co-requisite rules,base catalog row,Missing and in scope,P6,E-012,missing,app/src/screens/Registrar.tsx; app/src/components/institutional/,"Registrar capability and institution scope; official SIS authority, validated/audited/idempotent mutation, reconciliation and rollback, complete states, RLS and journey tests.",The current repository catalog records this item as absent; current scope permits a bounded implementation subject to the recorded dependencies and acceptance contract.
E-013,E · Registrar & academic operations,13,Registration windows,base catalog row,Existing but incomplete,P6,E-013,partial,`app/src/components/enrollment/RegistrarDesk.tsx`; `app/src/components/RegistrationDay.tsx`; `supabase/migrations/20260929300000_registration_transaction.sql`,"Registrar capability and institution scope; official SIS authority, validated/audited/idempotent mutation, reconciliation and rollback, complete states, RLS and journey tests.",Exact partial row in the current repository catalog. That status does not verify the full vertical-slice completion contract.
E-014,E · Registrar & academic operations,14,Time tickets,base catalog row,Existing but incomplete,P6,E-014,partial,`app/src/components/RegistrationDay.tsx`; `app/src/lib/registration-day.ts`; `supabase/migrations/20260929300000_registration_transaction.sql`,"Registrar capability and institution scope; official SIS authority, validated/audited/idempotent mutation, reconciliation and rollback, complete states, RLS and journey tests.",Exact partial row in the current repository catalog. That status does not verify the full vertical-slice completion contract.
E-015,E · Registrar & academic operations,15,Holds,base catalog row,Existing but incomplete,P6,E-015,partial,`app/src/components/enrollment/StudentRegistration.tsx`; `supabase/migrations/20260929300000_registration_transaction.sql`,"Registrar capability and institution scope; official SIS authority, validated/audited/idempotent mutation, reconciliation and rollback, complete states, RLS and journey tests.",Exact partial row in the current repository catalog. That status does not verify the full vertical-slice completion contract.
E-016,E · Registrar & academic operations,16,Overrides,base catalog row,Existing but incomplete,P6,E-016,exists,`app/src/components/enrollment/RegistrarDesk.tsx`; `supabase/migrations/20260929300000_registration_transaction.sql`,"Registrar capability and institution scope; official SIS authority, validated/audited/idempotent mutation, reconciliation and rollback, complete states, RLS and journey tests.",Exact exists row in the current repository catalog. That status does not verify the full vertical-slice completion contract.
E-017,E · Registrar & academic operations,17,Enrollment queue,base catalog row,Existing but incomplete,P6,E-017,exists,`app/src/components/enrollment/RegistrarDesk.tsx`; `app/src/components/enrollment/StudentRegistration.tsx`,"Registrar capability and institution scope; official SIS authority, validated/audited/idempotent mutation, reconciliation and rollback, complete states, RLS and journey tests.",Exact exists row in the current repository catalog. That status does not verify the full vertical-slice completion contract.
E-018,E · Registrar & academic operations,18,Add/drop/withdrawal workflow,base catalog row,Existing but incomplete,P6,E-018,exists,`app/src/components/enrollment/StudentRegistration.tsx`; `supabase/migrations/20260929300000_registration_transaction.sql`; `app/src/lib/enrollment/client.ts`,"Registrar capability and institution scope; official SIS authority, validated/audited/idempotent mutation, reconciliation and rollback, complete states, RLS and journey tests.",Exact exists row in the current repository catalog. That status does not verify the full vertical-slice completion contract.
E-019,E · Registrar & academic operations,19,Registration audit,base catalog row,Existing but incomplete,P6,E-019,partial,`supabase/migrations/20260929300000_registration_transaction.sql`,"Registrar capability and institution scope; official SIS authority, validated/audited/idempotent mutation, reconciliation and rollback, complete states, RLS and journey tests.",Exact partial row in the current repository catalog. That status does not verify the full vertical-slice completion contract.
E-020,E · Registrar & academic operations,20,Academic record search,base catalog row,Existing but incomplete,P6,E-020,exists,`app/src/components/institutional/RecordLedger.tsx`; `app/src/lib/record/ledger.ts`; `app/src/lib/record/api.ts`,"Registrar capability and institution scope; official SIS authority, validated/audited/idempotent mutation, reconciliation and rollback, complete states, RLS and journey tests.",Exact exists row in the current repository catalog. That status does not verify the full vertical-slice completion contract.
E-021,E · Registrar & academic operations,21,Record correction queue,base catalog row,Existing but incomplete,P6,E-021,exists,`app/src/components/institutional/RecordLedger.tsx`; `app/src/lib/record/ledger.ts`,"Registrar capability and institution scope; official SIS authority, validated/audited/idempotent mutation, reconciliation and rollback, complete states, RLS and journey tests.",Exact exists row in the current repository catalog. That status does not verify the full vertical-slice completion contract.
E-022,E · Registrar & academic operations,22,Grade ledger,base catalog row,Existing but incomplete,P6,E-022,exists,`app/src/components/institutional/RecordLedger.tsx`; `app/src/lib/record/ledger.ts`; `supabase/migrations/20260929210000_academic_record_ledger.sql`,"Registrar capability and institution scope; official SIS authority, validated/audited/idempotent mutation, reconciliation and rollback, complete states, RLS and journey tests.",Exact exists row in the current repository catalog. That status does not verify the full vertical-slice completion contract.
E-023,E · Registrar & academic operations,23,Grade change workflow,base catalog row,Existing but incomplete,P6,E-023,exists,`app/src/components/institutional/RecordLedger.tsx`; `app/src/lib/record/ledger.ts`,"Registrar capability and institution scope; official SIS authority, validated/audited/idempotent mutation, reconciliation and rollback, complete states, RLS and journey tests.",Exact exists row in the current repository catalog. That status does not verify the full vertical-slice completion contract.
E-024,E · Registrar & academic operations,24,Regrade resolution,base catalog row,Existing but incomplete,P6,E-024,exists,`app/src/components/gradebook/InstructorBook.tsx`; `app/src/components/gradebook/StudentGrades.tsx`; `supabase/migrations/20260929310000_gradebook.sql`,"Registrar capability and institution scope; official SIS authority, validated/audited/idempotent mutation, reconciliation and rollback, complete states, RLS and journey tests.",Exact exists row in the current repository catalog. That status does not verify the full vertical-slice completion contract.
E-025,E · Registrar & academic operations,25,Degree audit rules,base catalog row,Existing but incomplete,P6,E-025,partial,`app/src/lib/degree.ts`; `app/src/screens/Degree.tsx`,"Registrar capability and institution scope; official SIS authority, validated/audited/idempotent mutation, reconciliation and rollback, complete states, RLS and journey tests.",Exact partial row in the current repository catalog. That status does not verify the full vertical-slice completion contract.
E-026,E · Registrar & academic operations,26,Program requirements,base catalog row,Existing but incomplete,P6,E-026,partial,`app/src/screens/Degree.tsx`; `app/src/lib/record/ledger.ts`,"Registrar capability and institution scope; official SIS authority, validated/audited/idempotent mutation, reconciliation and rollback, complete states, RLS and journey tests.",Exact partial row in the current repository catalog. That status does not verify the full vertical-slice completion contract.
E-027,E · Registrar & academic operations,27,Transfer evaluation,base catalog row,Existing but incomplete,P6,E-027,partial,`app/src/lib/record/ledger.ts`; `supabase/migrations/20260926150000_expansion_roles_and_features.sql`; `app/src/lib/transferhub.ts`,"Registrar capability and institution scope; official SIS authority, validated/audited/idempotent mutation, reconciliation and rollback, complete states, RLS and journey tests.",Exact partial row in the current repository catalog. That status does not verify the full vertical-slice completion contract.
E-028,E · Registrar & academic operations,28,Articulation rules,base catalog row,Existing but incomplete,P6,E-028,partial,`supabase/migrations/20260926150000_expansion_roles_and_features.sql`; `app/src/lib/transferhub.ts`,"Registrar capability and institution scope; official SIS authority, validated/audited/idempotent mutation, reconciliation and rollback, complete states, RLS and journey tests.",Exact partial row in the current repository catalog. That status does not verify the full vertical-slice completion contract.
E-029,E · Registrar & academic operations,29,Graduation review,base catalog row,Existing but incomplete,P6,E-029,partial,`app/src/components/GraduationSimulator.tsx`; `app/src/lib/graduation.ts`; `app/src/lib/record/ledger.ts`,"Registrar capability and institution scope; official SIS authority, validated/audited/idempotent mutation, reconciliation and rollback, complete states, RLS and journey tests.",Exact partial row in the current repository catalog. That status does not verify the full vertical-slice completion contract.
E-030,E · Registrar & academic operations,30,Credential conferral,base catalog row,Existing but incomplete,P6,E-030,partial,`app/src/lib/record/ledger.ts`; `app/src/components/institutional/RecordLedger.tsx`,"Registrar capability and institution scope; official SIS authority, validated/audited/idempotent mutation, reconciliation and rollback, complete states, RLS and journey tests.",Exact partial row in the current repository catalog. That status does not verify the full vertical-slice completion contract.
E-031,E · Registrar & academic operations,31,Transcript/export workflow,base catalog row,Existing but incomplete,P6,E-031,partial,`app/src/components/institutional/RecordLedger.tsx`; `app/src/lib/record/ledger.ts`,"Registrar capability and institution scope; official SIS authority, validated/audited/idempotent mutation, reconciliation and rollback, complete states, RLS and journey tests.",Exact partial row in the current repository catalog. That status does not verify the full vertical-slice completion contract.
E-032,E · Registrar & academic operations,32,SIS reconciliation,base catalog row,Existing but incomplete,P6,E-032,partial,`app/src/components/institutional/MigrationCenter.tsx`; `app/src/components/institutional/IntegrationDashboard.tsx`; `app/src/lib/migration/center.ts`,"Registrar capability and institution scope; official SIS authority, validated/audited/idempotent mutation, reconciliation and rollback, complete states, RLS and journey tests.",Exact partial row in the current repository catalog. That status does not verify the full vertical-slice completion contract.
E-033,E · Registrar & academic operations,33,Migration dashboard,base catalog row,Existing but incomplete,P6,E-033,exists,`app/src/components/institutional/MigrationCenter.tsx`; `app/src/lib/migration/center.ts`; `supabase/migrations/20260929200000_migration_center.sql`,"Registrar capability and institution scope; official SIS authority, validated/audited/idempotent mutation, reconciliation and rollback, complete states, RLS and journey tests.",Exact exists row in the current repository catalog. That status does not verify the full vertical-slice completion contract.
E-034,E · Registrar & academic operations,34,Data-quality exceptions,base catalog row,Existing but incomplete,P6,E-034,partial,`app/src/lib/migration/exceptions.ts`; `app/scripts/institution-migration.ts`,"Registrar capability and institution scope; official SIS authority, validated/audited/idempotent mutation, reconciliation and rollback, complete states, RLS and journey tests.",Exact partial row in the current repository catalog. That status does not verify the full vertical-slice completion contract.
E-035,E · Registrar & academic operations,35,Registrar settings,base catalog row,Existing but incomplete,P6,E-035,partial,`app/src/components/institutional/ConfigurationStudio.tsx`; `app/src/lib/config/studio.ts`,"Registrar capability and institution scope; official SIS authority, validated/audited/idempotent mutation, reconciliation and rollback, complete states, RLS and journey tests.",Exact partial row in the current repository catalog. That status does not verify the full vertical-slice completion contract.
E-W001,E · Registrar & academic operations,36,Reconcile with SIS,workflow alias Registrar#13,Duplicate or superseded,P6,none,not an independent repository screen row,docs/master/REPO_AUDIT.md#Workflow steps,Reconcile the canonical workflow step in the 319-row workflow pass; do not create a route or screen solely because this alias appears in the screen array.,"catalog-data.js declares this row in addedScreens as a workflow-step projection. The canonical workflow item, not this duplicate screen alias, owns implementation and acceptance."
F-001,"F · Student accounts, aid & commerce",1,Account summary,base catalog row,Existing but incomplete,P6,F-001,exists,`app/src/components/MyStudentAccount.tsx`; `app/src/screens/Bill.tsx`; `app/src/lib/finance/mine.ts`,"Finance capability and institution/student scope; ledger or official-provider authority, validated/audited/idempotent mutation, reversal path, complete states, RLS and finance tests.",Exact exists row in the current repository catalog. That status does not verify the full vertical-slice completion contract.
F-002,"F · Student accounts, aid & commerce",2,Charges,base catalog row,Existing but incomplete,P6,F-002,exists,`app/src/components/MyStudentAccount.tsx`; `app/src/screens/Bill.tsx`; `app/src/lib/finance/accounts.ts`,"Finance capability and institution/student scope; ledger or official-provider authority, validated/audited/idempotent mutation, reversal path, complete states, RLS and finance tests.",Exact exists row in the current repository catalog. That status does not verify the full vertical-slice completion contract.
F-003,"F · Student accounts, aid & commerce",3,Credits,base catalog row,Existing but incomplete,P6,F-003,exists,`app/src/screens/Bill.tsx`; `app/src/components/MyStudentAccount.tsx`; `app/src/lib/finance/accounts.ts`,"Finance capability and institution/student scope; ledger or official-provider authority, validated/audited/idempotent mutation, reversal path, complete states, RLS and finance tests.",Exact exists row in the current repository catalog. That status does not verify the full vertical-slice completion contract.
F-004,"F · Student accounts, aid & commerce",4,Balance,base catalog row,Existing but incomplete,P6,F-004,exists,`app/src/components/MyStudentAccount.tsx`; `app/src/lib/finance/mine.ts`; `app/src/lib/finance/accounts.ts`,"Finance capability and institution/student scope; ledger or official-provider authority, validated/audited/idempotent mutation, reversal path, complete states, RLS and finance tests.",Exact exists row in the current repository catalog. That status does not verify the full vertical-slice completion contract.
F-005,"F · Student accounts, aid & commerce",5,Payment plan,base catalog row,Existing but incomplete,P6,F-005,exists,`app/src/components/MyStudentAccount.tsx`; `app/src/lib/finance/plans.ts`; `supabase/migrations/20260929230000_student_payment_plans.sql`,"Finance capability and institution/student scope; ledger or official-provider authority, validated/audited/idempotent mutation, reversal path, complete states, RLS and finance tests.",Exact exists row in the current repository catalog. That status does not verify the full vertical-slice completion contract.
F-006,"F · Student accounts, aid & commerce",6,Installments,base catalog row,Existing but incomplete,P6,F-006,exists,`app/src/components/MyStudentAccount.tsx`; `app/src/screens/Bill.tsx`; `app/src/lib/finance/accounts.ts`,"Finance capability and institution/student scope; ledger or official-provider authority, validated/audited/idempotent mutation, reversal path, complete states, RLS and finance tests.",Exact exists row in the current repository catalog. That status does not verify the full vertical-slice completion contract.
F-007,"F · Student accounts, aid & commerce",7,Due dates,base catalog row,Existing but incomplete,P6,F-007,exists,`app/src/components/MyStudentAccount.tsx`; `app/src/screens/Bill.tsx`; `app/src/lib/finance/accounts.ts`,"Finance capability and institution/student scope; ledger or official-provider authority, validated/audited/idempotent mutation, reversal path, complete states, RLS and finance tests.",Exact exists row in the current repository catalog. That status does not verify the full vertical-slice completion contract.
F-008,"F · Student accounts, aid & commerce",8,Holds,base catalog row,Existing but incomplete,P6,F-008,exists,`app/src/components/MyStudentAccount.tsx`; `app/src/lib/finance/accounts.ts`; `app/src/lib/finance/mine.ts`,"Finance capability and institution/student scope; ledger or official-provider authority, validated/audited/idempotent mutation, reversal path, complete states, RLS and finance tests.",Exact exists row in the current repository catalog. That status does not verify the full vertical-slice completion contract.
F-009,"F · Student accounts, aid & commerce",9,Statements,base catalog row,Existing but incomplete,P6,F-009,exists,`app/src/components/MyStudentAccount.tsx`; `app/src/lib/finance/accounts.ts`,"Finance capability and institution/student scope; ledger or official-provider authority, validated/audited/idempotent mutation, reversal path, complete states, RLS and finance tests.",Exact exists row in the current repository catalog. That status does not verify the full vertical-slice completion contract.
F-010,"F · Student accounts, aid & commerce",10,Payment provider handoff,base catalog row,Existing but incomplete,P6,F-010,exists,`app/src/components/MyStudentAccount.tsx`; `app/src/screens/Bill.tsx`,"Finance capability and institution/student scope; ledger or official-provider authority, validated/audited/idempotent mutation, reversal path, complete states, RLS and finance tests.",Exact exists row in the current repository catalog. That status does not verify the full vertical-slice completion contract.
F-011,"F · Student accounts, aid & commerce",11,Refund status,base catalog row,Existing but incomplete,P6,F-011,partial,`app/src/lib/finance/accounts.ts`; `app/src/lib/finance/mine.ts`; `app/src/components/MyStudentAccount.tsx`,"Finance capability and institution/student scope; ledger or official-provider authority, validated/audited/idempotent mutation, reversal path, complete states, RLS and finance tests.",Exact partial row in the current repository catalog. That status does not verify the full vertical-slice completion contract.
F-012,"F · Student accounts, aid & commerce",12,Scholarship view,base catalog row,Existing but incomplete,P6,F-012,exists,`app/src/screens/Bill.tsx`; `app/src/components/MyStudentAccount.tsx`; `app/src/lib/finance/accounts.ts`,"Finance capability and institution/student scope; ledger or official-provider authority, validated/audited/idempotent mutation, reversal path, complete states, RLS and finance tests.",Exact exists row in the current repository catalog. That status does not verify the full vertical-slice completion contract.
F-013,"F · Student accounts, aid & commerce",13,Financial-aid handoff,base catalog row,Existing but incomplete,P6,F-013,exists,`app/src/lib/offices.ts`; `app/src/screens/Launchpad.tsx`; `app/src/data/campus.ts`,"Finance capability and institution/student scope; ledger or official-provider authority, validated/audited/idempotent mutation, reversal path, complete states, RLS and finance tests.",Exact exists row in the current repository catalog. That status does not verify the full vertical-slice completion contract.
F-014,"F · Student accounts, aid & commerce",14,Budget planner,base catalog row,Existing but incomplete,P6,F-014,partial,`app/src/screens/Costs.tsx`; `app/src/lib/cost.ts`,"Finance capability and institution/student scope; ledger or official-provider authority, validated/audited/idempotent mutation, reversal path, complete states, RLS and finance tests.",Exact partial row in the current repository catalog. That status does not verify the full vertical-slice completion contract.
F-015,"F · Student accounts, aid & commerce",15,Cost planner,base catalog row,Existing but incomplete,P6,F-015,exists,`app/src/components/CostPlanner.tsx`; `app/src/lib/cost-plan.ts`; `app/src/components/GraduationSimulator.tsx`,"Finance capability and institution/student scope; ledger or official-provider authority, validated/audited/idempotent mutation, reversal path, complete states, RLS and finance tests.",Exact exists row in the current repository catalog. That status does not verify the full vertical-slice completion contract.
F-016,"F · Student accounts, aid & commerce",16,Emergency aid resources,base catalog row,Existing but incomplete,P6,F-016,exists,`app/src/lib/support.ts`; `app/src/screens/Support.tsx`,"Finance capability and institution/student scope; ledger or official-provider authority, validated/audited/idempotent mutation, reversal path, complete states, RLS and finance tests.",Exact exists row in the current repository catalog. That status does not verify the full vertical-slice completion contract.
F-017,"F · Student accounts, aid & commerce",17,Financial support request,base catalog row,Existing but incomplete,P6,F-017,partial,`app/src/lib/help-routes.ts`; `app/src/lib/support.ts`,"Finance capability and institution/student scope; ledger or official-provider authority, validated/audited/idempotent mutation, reversal path, complete states, RLS and finance tests.",Exact partial row in the current repository catalog. That status does not verify the full vertical-slice completion contract.
F-018,"F · Student accounts, aid & commerce",18,Staff: Account queue,base catalog row,Existing but incomplete,P6,F-018,partial,`app/src/components/institutional/StudentAccounts.tsx`,"Finance capability and institution/student scope; ledger or official-provider authority, validated/audited/idempotent mutation, reversal path, complete states, RLS and finance tests.",Exact partial row in the current repository catalog. That status does not verify the full vertical-slice completion contract.
F-019,"F · Student accounts, aid & commerce",19,Staff: Request queue,base catalog row,Existing but incomplete,P6,F-019,exists,`app/src/components/institutional/StudentAccounts.tsx`; `app/src/lib/finance/accounts.ts`,"Finance capability and institution/student scope; ledger or official-provider authority, validated/audited/idempotent mutation, reversal path, complete states, RLS and finance tests.",Exact exists row in the current repository catalog. That status does not verify the full vertical-slice completion contract.
F-020,"F · Student accounts, aid & commerce",20,Staff: Charge/credit request,base catalog row,Existing but incomplete,P6,F-020,exists,`app/src/components/institutional/StudentAccounts.tsx`; `app/src/lib/finance/accounts.ts`; `supabase/migrations/20260929220000_student_accounts.sql`,"Finance capability and institution/student scope; ledger or official-provider authority, validated/audited/idempotent mutation, reversal path, complete states, RLS and finance tests.",Exact exists row in the current repository catalog. That status does not verify the full vertical-slice completion contract.
F-021,"F · Student accounts, aid & commerce",21,Staff: Reconciliation,base catalog row,Existing but incomplete,P6,F-021,exists,`app/src/components/institutional/StudentAccounts.tsx`; `app/src/lib/finance/accounts.ts`,"Finance capability and institution/student scope; ledger or official-provider authority, validated/audited/idempotent mutation, reversal path, complete states, RLS and finance tests.",Exact exists row in the current repository catalog. That status does not verify the full vertical-slice completion contract.
F-022,"F · Student accounts, aid & commerce",22,Staff: Month close,base catalog row,Existing but incomplete,P6,F-022,exists,`app/src/components/institutional/StudentAccounts.tsx`; `supabase/migrations/20260929220000_student_accounts.sql`,"Finance capability and institution/student scope; ledger or official-provider authority, validated/audited/idempotent mutation, reversal path, complete states, RLS and finance tests.",Exact exists row in the current repository catalog. That status does not verify the full vertical-slice completion contract.
F-023,"F · Student accounts, aid & commerce",23,Staff: Payment plan review,base catalog row,Existing but incomplete,P6,F-023,exists,`app/src/components/institutional/StudentAccounts.tsx`; `supabase/migrations/20260929230000_student_payment_plans.sql`,"Finance capability and institution/student scope; ledger or official-provider authority, validated/audited/idempotent mutation, reversal path, complete states, RLS and finance tests.",Exact exists row in the current repository catalog. That status does not verify the full vertical-slice completion contract.
F-024,"F · Student accounts, aid & commerce",24,Staff: Hold management,base catalog row,Existing but incomplete,P6,F-024,partial,`app/src/components/institutional/StudentAccounts.tsx`; `app/src/lib/finance/accounts.ts`,"Finance capability and institution/student scope; ledger or official-provider authority, validated/audited/idempotent mutation, reversal path, complete states, RLS and finance tests.",Exact partial row in the current repository catalog. That status does not verify the full vertical-slice completion contract.
F-025,"F · Student accounts, aid & commerce",25,Staff: Refund review,base catalog row,Existing but incomplete,P6,F-025,exists,`app/src/components/institutional/StudentAccounts.tsx`; `app/src/lib/finance/accounts.ts`,"Finance capability and institution/student scope; ledger or official-provider authority, validated/audited/idempotent mutation, reversal path, complete states, RLS and finance tests.",Exact exists row in the current repository catalog. That status does not verify the full vertical-slice completion contract.
F-026,"F · Student accounts, aid & commerce",26,Staff: Dunning,base catalog row,Missing and in scope,P6,F-026,missing,app/src/components/StudentAccounts.tsx; app/src/lib/finance/,"Finance capability and institution/student scope; ledger or official-provider authority, validated/audited/idempotent mutation, reversal path, complete states, RLS and finance tests.",The current repository catalog records this item as absent; current scope permits a bounded implementation subject to the recorded dependencies and acceptance contract.
F-027,"F · Student accounts, aid & commerce",27,Staff: Dispute queue,base catalog row,Existing but incomplete,P6,F-027,partial,`app/src/components/institutional/StudentAccounts.tsx`; `app/src/lib/finance/accounts.ts`,"Finance capability and institution/student scope; ledger or official-provider authority, validated/audited/idempotent mutation, reversal path, complete states, RLS and finance tests.",Exact partial row in the current repository catalog. That status does not verify the full vertical-slice completion contract.
F-028,"F · Student accounts, aid & commerce",28,Staff: Audit ledger,base catalog row,Existing but incomplete,P6,F-028,partial,`app/src/components/institutional/StudentAccounts.tsx`; `supabase/migrations/20260929220000_student_accounts.sql`,"Finance capability and institution/student scope; ledger or official-provider authority, validated/audited/idempotent mutation, reversal path, complete states, RLS and finance tests.",Exact partial row in the current repository catalog. That status does not verify the full vertical-slice completion contract.
F-029,"F · Student accounts, aid & commerce",29,Staff: Reporting,base catalog row,Existing but incomplete,P6,F-029,partial,`app/src/components/institutional/StudentAccounts.tsx`; `app/src/lib/finance/accounts.ts`,"Finance capability and institution/student scope; ledger or official-provider authority, validated/audited/idempotent mutation, reversal path, complete states, RLS and finance tests.",Exact partial row in the current repository catalog. That status does not verify the full vertical-slice completion contract.
G-001,G · Campus life,1,Dining locations,base catalog row,Existing but incomplete,P7,G-001,exists,`app/src/screens/Dining.tsx`; `app/src/lib/dining/locations.ts`,"Institution-authorized campus source and least-privilege role; scoped persistence, provenance/freshness, safe recovery, complete states, accessibility/responsive and role tests.",Exact exists row in the current repository catalog. That status does not verify the full vertical-slice completion contract.
G-002,G · Campus life,2,Dining hours,base catalog row,Existing but incomplete,P7,G-002,exists,`app/src/lib/dining/locations.ts`; `app/src/screens/Dining.tsx`,"Institution-authorized campus source and least-privilege role; scoped persistence, provenance/freshness, safe recovery, complete states, accessibility/responsive and role tests.",Exact exists row in the current repository catalog. That status does not verify the full vertical-slice completion contract.
G-003,G · Campus life,3,Menus,base catalog row,Existing but incomplete,P7,G-003,exists,`app/src/lib/dining/locations.ts`; `app/src/screens/Dining.tsx`,"Institution-authorized campus source and least-privilege role; scoped persistence, provenance/freshness, safe recovery, complete states, accessibility/responsive and role tests.",Exact exists row in the current repository catalog. That status does not verify the full vertical-slice completion contract.
G-004,G · Campus life,4,Meal plan,base catalog row,Existing but incomplete,P7,G-004,exists,`app/src/screens/Meals.tsx`; `app/src/screens/Dining.tsx`,"Institution-authorized campus source and least-privilege role; scoped persistence, provenance/freshness, safe recovery, complete states, accessibility/responsive and role tests.",Exact exists row in the current repository catalog. That status does not verify the full vertical-slice completion contract.
G-005,G · Campus life,5,Meal balance,base catalog row,Existing but incomplete,P7,G-005,exists,`app/src/screens/Dining.tsx`; `app/src/lib/dining/client.ts`,"Institution-authorized campus source and least-privilege role; scoped persistence, provenance/freshness, safe recovery, complete states, accessibility/responsive and role tests.",Exact exists row in the current repository catalog. That status does not verify the full vertical-slice completion contract.
G-006,G · Campus life,6,Mobile order,base catalog row,Existing but incomplete,P7,G-006,exists,`app/src/screens/Dining.tsx`; `app/src/lib/dining/orders.ts`,"Institution-authorized campus source and least-privilege role; scoped persistence, provenance/freshness, safe recovery, complete states, accessibility/responsive and role tests.",Exact exists row in the current repository catalog. That status does not verify the full vertical-slice completion contract.
G-007,G · Campus life,7,Donation/pool program,base catalog row,Existing but incomplete,P7,G-007,exists,`app/src/screens/Dining.tsx`; `app/src/lib/dining/sharing.ts`,"Institution-authorized campus source and least-privilege role; scoped persistence, provenance/freshness, safe recovery, complete states, accessibility/responsive and role tests.",Exact exists row in the current repository catalog. That status does not verify the full vertical-slice completion contract.
G-008,G · Campus life,8,Housing assignment,base catalog row,Existing but incomplete,P7,G-008,exists,`app/src/screens/Housing.tsx`; `app/src/lib/housing.ts`,"Institution-authorized campus source and least-privilege role; scoped persistence, provenance/freshness, safe recovery, complete states, accessibility/responsive and role tests.",Exact exists row in the current repository catalog. That status does not verify the full vertical-slice completion contract.
G-009,G · Campus life,9,Housing requests,base catalog row,Existing but incomplete,P7,G-009,partial,`app/src/components/CampusDirectory.tsx`; `app/src/screens/Housing.tsx`,"Institution-authorized campus source and least-privilege role; scoped persistence, provenance/freshness, safe recovery, complete states, accessibility/responsive and role tests.",Exact partial row in the current repository catalog. That status does not verify the full vertical-slice completion contract.
G-010,G · Campus life,10,Maintenance,base catalog row,Missing and in scope,P7,G-010,missing,app/src/screens/University.tsx; app/src/components/community/,"Institution-authorized campus source and least-privilege role; scoped persistence, provenance/freshness, safe recovery, complete states, accessibility/responsive and role tests.",The current repository catalog records this item as absent; current scope permits a bounded implementation subject to the recorded dependencies and acceptance contract.
G-011,G · Campus life,11,Roommate resources,base catalog row,Missing and in scope,P7,G-011,missing,app/src/screens/University.tsx; app/src/components/community/,"Institution-authorized campus source and least-privilege role; scoped persistence, provenance/freshness, safe recovery, complete states, accessibility/responsive and role tests.",The current repository catalog records this item as absent; current scope permits a bounded implementation subject to the recorded dependencies and acceptance contract.
G-012,G · Campus life,12,Housing handoff,base catalog row,Existing but incomplete,P7,G-012,exists,`app/src/screens/Housing.tsx`; `app/src/data/campus.ts`,"Institution-authorized campus source and least-privilege role; scoped persistence, provenance/freshness, safe recovery, complete states, accessibility/responsive and role tests.",Exact exists row in the current repository catalog. That status does not verify the full vertical-slice completion contract.
G-013,G · Campus life,13,Campus calendar,base catalog row,Existing but incomplete,P7,G-013,partial,`app/src/screens/Activities.tsx`; `app/src/components/CampusDirectory.tsx`,"Institution-authorized campus source and least-privilege role; scoped persistence, provenance/freshness, safe recovery, complete states, accessibility/responsive and role tests.",Exact partial row in the current repository catalog. That status does not verify the full vertical-slice completion contract.
G-014,G · Campus life,14,Event detail,base catalog row,Existing but incomplete,P7,G-014,partial,`app/src/components/CampusDirectory.tsx`; `app/src/lib/campusdirectory.ts`,"Institution-authorized campus source and least-privilege role; scoped persistence, provenance/freshness, safe recovery, complete states, accessibility/responsive and role tests.",Exact partial row in the current repository catalog. That status does not verify the full vertical-slice completion contract.
G-015,G · Campus life,15,Event registration,base catalog row,Missing and in scope,P7,G-015,missing,app/src/screens/University.tsx; app/src/components/community/,"Institution-authorized campus source and least-privilege role; scoped persistence, provenance/freshness, safe recovery, complete states, accessibility/responsive and role tests.",The current repository catalog records this item as absent; current scope permits a bounded implementation subject to the recorded dependencies and acceptance contract.
G-016,G · Campus life,16,Personal schedule,base catalog row,Existing but incomplete,P7,G-016,exists,`app/src/screens/Calendar.tsx`; `app/src/screens/Activities.tsx`,"Institution-authorized campus source and least-privilege role; scoped persistence, provenance/freshness, safe recovery, complete states, accessibility/responsive and role tests.",Exact exists row in the current repository catalog. That status does not verify the full vertical-slice completion contract.
G-017,G · Campus life,17,Organization directory,base catalog row,Existing but incomplete,P7,G-017,exists,`app/src/screens/Activities.tsx`; `app/src/components/CampusDirectory.tsx`,"Institution-authorized campus source and least-privilege role; scoped persistence, provenance/freshness, safe recovery, complete states, accessibility/responsive and role tests.",Exact exists row in the current repository catalog. That status does not verify the full vertical-slice completion contract.
G-018,G · Campus life,18,Organization profile,base catalog row,Existing but incomplete,P7,G-018,partial,`app/src/components/CampusDirectory.tsx`; `app/src/lib/campusdirectory.ts`,"Institution-authorized campus source and least-privilege role; scoped persistence, provenance/freshness, safe recovery, complete states, accessibility/responsive and role tests.",Exact partial row in the current repository catalog. That status does not verify the full vertical-slice completion contract.
G-019,G · Campus life,19,Membership,base catalog row,Existing but incomplete,P7,G-019,partial,`app/src/screens/Activities.tsx`; `app/src/lib/activities.ts`,"Institution-authorized campus source and least-privilege role; scoped persistence, provenance/freshness, safe recovery, complete states, accessibility/responsive and role tests.",Exact partial row in the current repository catalog. That status does not verify the full vertical-slice completion contract.
G-020,G · Campus life,20,Organization events,base catalog row,Existing but incomplete,P7,G-020,partial,`app/src/screens/Activities.tsx`; `app/src/components/CampusDirectory.tsx`,"Institution-authorized campus source and least-privilege role; scoped persistence, provenance/freshness, safe recovery, complete states, accessibility/responsive and role tests.",Exact partial row in the current repository catalog. That status does not verify the full vertical-slice completion contract.
G-021,G · Campus life,21,Leadership tools,base catalog row,Missing and in scope,P7,G-021,missing,app/src/screens/University.tsx; app/src/components/community/,"Institution-authorized campus source and least-privilege role; scoped persistence, provenance/freshness, safe recovery, complete states, accessibility/responsive and role tests.",The current repository catalog records this item as absent; current scope permits a bounded implementation subject to the recorded dependencies and acceptance contract.
G-022,G · Campus life,22,Study space availability,base catalog row,Existing but incomplete,P7,G-022,exists,`app/src/components/RoomsNow.tsx`; `app/src/lib/room-availability.ts`,"Institution-authorized campus source and least-privilege role; scoped persistence, provenance/freshness, safe recovery, complete states, accessibility/responsive and role tests.",Exact exists row in the current repository catalog. That status does not verify the full vertical-slice completion contract.
G-023,G · Campus life,23,Study space booking,base catalog row,Existing but incomplete,P7,G-023,partial,`app/src/lib/room-availability.ts`; `app/src/components/RoomsNow.tsx`,"Institution-authorized campus source and least-privilege role; scoped persistence, provenance/freshness, safe recovery, complete states, accessibility/responsive and role tests.",Exact partial row in the current repository catalog. That status does not verify the full vertical-slice completion contract.
G-024,G · Campus life,24,Location details,base catalog row,Existing but incomplete,P7,G-024,exists,`app/src/screens/Maps.tsx`; `app/src/lib/nav.ts`,"Institution-authorized campus source and least-privilege role; scoped persistence, provenance/freshness, safe recovery, complete states, accessibility/responsive and role tests.",Exact exists row in the current repository catalog. That status does not verify the full vertical-slice completion contract.
G-025,G · Campus life,25,Transit and parking,base catalog row,Existing but incomplete,P7,G-025,partial,`app/src/lib/support.ts`; `app/src/screens/Support.tsx`,"Institution-authorized campus source and least-privilege role; scoped persistence, provenance/freshness, safe recovery, complete states, accessibility/responsive and role tests.",Exact partial row in the current repository catalog. That status does not verify the full vertical-slice completion contract.
G-026,G · Campus life,26,Recreation,base catalog row,Existing but incomplete,P7,G-026,partial,`app/src/screens/Athletics.tsx`; `app/src/lib/support.ts`,"Institution-authorized campus source and least-privilege role; scoped persistence, provenance/freshness, safe recovery, complete states, accessibility/responsive and role tests.",Exact partial row in the current repository catalog. That status does not verify the full vertical-slice completion contract.
G-027,G · Campus life,27,Library,base catalog row,Existing but incomplete,P7,G-027,partial,`app/src/data/campus.ts`; `app/src/lib/support.ts`,"Institution-authorized campus source and least-privilege role; scoped persistence, provenance/freshness, safe recovery, complete states, accessibility/responsive and role tests.",Exact partial row in the current repository catalog. That status does not verify the full vertical-slice completion contract.
G-028,G · Campus life,28,Bookstore,base catalog row,Existing but incomplete,P7,G-028,partial,`app/src/data/campus.ts`; `app/src/screens/Costs.tsx`,"Institution-authorized campus source and least-privilege role; scoped persistence, provenance/freshness, safe recovery, complete states, accessibility/responsive and role tests.",Exact partial row in the current repository catalog. That status does not verify the full vertical-slice completion contract.
G-029,G · Campus life,29,Campus jobs,base catalog row,Existing but incomplete,P7,G-029,partial,`app/src/screens/Opportunities.tsx`; `app/src/lib/opportunities.ts`,"Institution-authorized campus source and least-privilege role; scoped persistence, provenance/freshness, safe recovery, complete states, accessibility/responsive and role tests.",Exact partial row in the current repository catalog. That status does not verify the full vertical-slice completion contract.
G-030,G · Campus life,30,Volunteer opportunities,base catalog row,Existing but incomplete,P7,G-030,partial,`app/src/lib/activities.ts`; `app/src/screens/Activities.tsx`,"Institution-authorized campus source and least-privilege role; scoped persistence, provenance/freshness, safe recovery, complete states, accessibility/responsive and role tests.",Exact partial row in the current repository catalog. That status does not verify the full vertical-slice completion contract.
G-031,G · Campus life,31,Local services,base catalog row,Intentionally excluded with a repository-backed rationale,P7,G-031,missing,app/src/screens/University.tsx; app/src/components/community/,"Institution-authorized campus source and least-privilege role; scoped persistence, provenance/freshness, safe recovery, complete states, accessibility/responsive and role tests.",D-1287 declines directory/marketplace-style local listings; no newer decision reopens them.
G-032,G · Campus life,32,Safety resources,base catalog row,Existing but incomplete,P7,G-032,exists,`app/src/screens/Support.tsx`; `app/src/lib/support.ts`,"Institution-authorized campus source and least-privilege role; scoped persistence, provenance/freshness, safe recovery, complete states, accessibility/responsive and role tests.",Exact exists row in the current repository catalog. That status does not verify the full vertical-slice completion contract.
G-033,G · Campus life,33,Wellness resources,base catalog row,Existing but incomplete,P7,G-033,exists,`app/src/screens/Support.tsx`; `app/src/lib/support.ts`,"Institution-authorized campus source and least-privilege role; scoped persistence, provenance/freshness, safe recovery, complete states, accessibility/responsive and role tests.",Exact exists row in the current repository catalog. That status does not verify the full vertical-slice completion contract.
G-034,G · Campus life,34,Accessibility resources,base catalog row,Existing but incomplete,P7,G-034,exists,`app/src/screens/Support.tsx`; `app/src/lib/support.ts`,"Institution-authorized campus source and least-privilege role; scoped persistence, provenance/freshness, safe recovery, complete states, accessibility/responsive and role tests.",Exact exists row in the current repository catalog. That status does not verify the full vertical-slice completion contract.
G-035,G · Campus life,35,Emergency official handoff,base catalog row,Existing but incomplete,P7,G-035,exists,`app/src/lib/support.ts`; `app/src/screens/Support.tsx`,"Institution-authorized campus source and least-privilege role; scoped persistence, provenance/freshness, safe recovery, complete states, accessibility/responsive and role tests.",Exact exists row in the current repository catalog. That status does not verify the full vertical-slice completion contract.
G-W001,G · Campus life,36,Request resolved,workflow alias Campus services#9,Duplicate or superseded,P7,none,not an independent repository screen row,docs/master/REPO_AUDIT.md#Workflow steps,Reconcile the canonical workflow step in the 319-row workflow pass; do not create a route or screen solely because this alias appears in the screen array.,"catalog-data.js declares this row in addedScreens as a workflow-step projection. The canonical workflow item, not this duplicate screen alias, owns implementation and acceptance."
G-W002,G · Campus life,37,Request accommodation,workflow alias Campus services#11,Duplicate or superseded,P7,none,not an independent repository screen row,docs/master/REPO_AUDIT.md#Workflow steps,Reconcile the canonical workflow step in the 319-row workflow pass; do not create a route or screen solely because this alias appears in the screen array.,"catalog-data.js declares this row in addedScreens as a workflow-step projection. The canonical workflow item, not this duplicate screen alias, owns implementation and acceptance."
G-W003,G · Campus life,38,Accommodation approved,workflow alias Campus services#12,Duplicate or superseded,P7,none,not an independent repository screen row,docs/master/REPO_AUDIT.md#Workflow steps,Reconcile the canonical workflow step in the 319-row workflow pass; do not create a route or screen solely because this alias appears in the screen array.,"catalog-data.js declares this row in addedScreens as a workflow-step projection. The canonical workflow item, not this duplicate screen alias, owns implementation and acceptance."
H-001,H · Community & moderation,1,Community directory,base catalog row,Existing but incomplete,P7,H-001,exists,`app/src/screens/Community.tsx`; `app/src/community/client.ts`,"Community membership/moderation capability; privacy and safety boundaries, audited moderation, appeal/recovery, complete states, abuse/rate controls and tenant-isolation tests.",Exact exists row in the current repository catalog. That status does not verify the full vertical-slice completion contract.
H-002,H · Community & moderation,2,Community feed,base catalog row,Existing but incomplete,P7,H-002,exists,`app/src/screens/Community.tsx`; `app/src/community/feedview.ts`,"Community membership/moderation capability; privacy and safety boundaries, audited moderation, appeal/recovery, complete states, abuse/rate controls and tenant-isolation tests.",Exact exists row in the current repository catalog. That status does not verify the full vertical-slice completion contract.
H-003,H · Community & moderation,3,Post creation,base catalog row,Existing but incomplete,P7,H-003,exists,`app/src/components/community/Composer.tsx`; `app/src/screens/Community.tsx`,"Community membership/moderation capability; privacy and safety boundaries, audited moderation, appeal/recovery, complete states, abuse/rate controls and tenant-isolation tests.",Exact exists row in the current repository catalog. That status does not verify the full vertical-slice completion contract.
H-004,H · Community & moderation,4,Comments/reactions,base catalog row,Intentionally excluded with a repository-backed rationale,P7,H-004,missing,app/src/screens/Community.tsx; app/src/components/community/,"Community membership/moderation capability; privacy and safety boundaries, audited moderation, appeal/recovery, complete states, abuse/rate controls and tenant-isolation tests.",The current community data contract deliberately has no reactions table; archive engagement mechanics do not override that boundary.
H-005,H · Community & moderation,5,Alias/pseudonym settings,base catalog row,Existing but incomplete,P7,H-005,exists,`app/src/components/community/AliasPanel.tsx`; `app/src/community/alias.ts`,"Community membership/moderation capability; privacy and safety boundaries, audited moderation, appeal/recovery, complete states, abuse/rate controls and tenant-isolation tests.",Exact exists row in the current repository catalog. That status does not verify the full vertical-slice completion contract.
H-006,H · Community & moderation,6,Community membership,base catalog row,Existing but incomplete,P7,H-006,exists,`app/src/screens/Community.tsx`; `app/src/community/communities.ts`,"Community membership/moderation capability; privacy and safety boundaries, audited moderation, appeal/recovery, complete states, abuse/rate controls and tenant-isolation tests.",Exact exists row in the current repository catalog. That status does not verify the full vertical-slice completion contract.
H-007,H · Community & moderation,7,Community events,base catalog row,Existing but incomplete,P7,H-007,partial,`app/src/screens/Community.tsx`; `app/src/components/community/Sessions.tsx`,"Community membership/moderation capability; privacy and safety boundaries, audited moderation, appeal/recovery, complete states, abuse/rate controls and tenant-isolation tests.",Exact partial row in the current repository catalog. That status does not verify the full vertical-slice completion contract.
H-008,H · Community & moderation,8,Study sessions,base catalog row,Existing but incomplete,P7,H-008,exists,`app/src/components/community/Sessions.tsx`; `app/src/community/communities.ts`,"Community membership/moderation capability; privacy and safety boundaries, audited moderation, appeal/recovery, complete states, abuse/rate controls and tenant-isolation tests.",Exact exists row in the current repository catalog. That status does not verify the full vertical-slice completion contract.
H-009,H · Community & moderation,9,Peer connections,base catalog row,Existing but incomplete,P7,H-009,exists,`app/src/screens/Classmates.tsx`; `app/src/community/connect.ts`,"Community membership/moderation capability; privacy and safety boundaries, audited moderation, appeal/recovery, complete states, abuse/rate controls and tenant-isolation tests.",Exact exists row in the current repository catalog. That status does not verify the full vertical-slice completion contract.
H-010,H · Community & moderation,10,Study groups,base catalog row,Existing but incomplete,P7,H-010,exists,`app/src/screens/Community.tsx`; `app/src/screens/Groupwork.tsx`,"Community membership/moderation capability; privacy and safety boundaries, audited moderation, appeal/recovery, complete states, abuse/rate controls and tenant-isolation tests.",Exact exists row in the current repository catalog. That status does not verify the full vertical-slice completion contract.
H-011,H · Community & moderation,11,Peer mentor directory,base catalog row,Existing but incomplete,P7,H-011,exists,`app/src/components/MentorFinder.tsx`; `app/src/lib/mentors.ts`,"Community membership/moderation capability; privacy and safety boundaries, audited moderation, appeal/recovery, complete states, abuse/rate controls and tenant-isolation tests.",Exact exists row in the current repository catalog. That status does not verify the full vertical-slice completion contract.
H-012,H · Community & moderation,12,Mentor requests,base catalog row,Existing but incomplete,P7,H-012,exists,`app/src/components/MentorFinder.tsx`; `app/src/lib/mentors.ts`,"Community membership/moderation capability; privacy and safety boundaries, audited moderation, appeal/recovery, complete states, abuse/rate controls and tenant-isolation tests.",Exact exists row in the current repository catalog. That status does not verify the full vertical-slice completion contract.
H-013,H · Community & moderation,13,Organization communities,base catalog row,Existing but incomplete,P7,H-013,partial,`app/src/screens/Community.tsx`; `app/src/community/communities.ts`,"Community membership/moderation capability; privacy and safety boundaries, audited moderation, appeal/recovery, complete states, abuse/rate controls and tenant-isolation tests.",Exact partial row in the current repository catalog. That status does not verify the full vertical-slice completion contract.
H-014,H · Community & moderation,14,Community guidelines,base catalog row,Missing and in scope,P7,H-014,missing,app/src/screens/Community.tsx; app/src/components/community/,"Community membership/moderation capability; privacy and safety boundaries, audited moderation, appeal/recovery, complete states, abuse/rate controls and tenant-isolation tests.",The current repository catalog records this item as absent; current scope permits a bounded implementation subject to the recorded dependencies and acceptance contract.
H-015,H · Community & moderation,15,Report content,base catalog row,Existing but incomplete,P7,H-015,exists,`app/src/components/community/ReportSheet.tsx`; `app/src/community/moderation.ts`,"Community membership/moderation capability; privacy and safety boundaries, audited moderation, appeal/recovery, complete states, abuse/rate controls and tenant-isolation tests.",Exact exists row in the current repository catalog. That status does not verify the full vertical-slice completion contract.
H-016,H · Community & moderation,16,Appeal decision,base catalog row,Existing but incomplete,P7,H-016,exists,`app/src/screens/Community.tsx`; `app/src/community/client.ts`,"Community membership/moderation capability; privacy and safety boundaries, audited moderation, appeal/recovery, complete states, abuse/rate controls and tenant-isolation tests.",Exact exists row in the current repository catalog. That status does not verify the full vertical-slice completion contract.
H-017,H · Community & moderation,17,Community safety resources,base catalog row,Existing but incomplete,P7,H-017,partial,`app/src/community/crisis.ts`; `app/src/components/community/ReportSheet.tsx`,"Community membership/moderation capability; privacy and safety boundaries, audited moderation, appeal/recovery, complete states, abuse/rate controls and tenant-isolation tests.",Exact partial row in the current repository catalog. That status does not verify the full vertical-slice completion contract.
H-018,H · Community & moderation,18,Community settings,base catalog row,Existing but incomplete,P7,H-018,partial,`app/src/screens/Community.tsx`; `app/src/community/feedview.ts`,"Community membership/moderation capability; privacy and safety boundaries, audited moderation, appeal/recovery, complete states, abuse/rate controls and tenant-isolation tests.",Exact partial row in the current repository catalog. That status does not verify the full vertical-slice completion contract.
H-019,H · Community & moderation,19,Mod: Reports queue,base catalog row,Existing but incomplete,P7,H-019,exists,`app/src/screens/Moderation.tsx`; `app/src/community/client.ts`,"Community membership/moderation capability; privacy and safety boundaries, audited moderation, appeal/recovery, complete states, abuse/rate controls and tenant-isolation tests.",Exact exists row in the current repository catalog. That status does not verify the full vertical-slice completion contract.
H-020,H · Community & moderation,20,Mod: Cases,base catalog row,Existing but incomplete,P7,H-020,exists,`app/src/screens/Moderation.tsx`; `app/src/community/moderation.ts`,"Community membership/moderation capability; privacy and safety boundaries, audited moderation, appeal/recovery, complete states, abuse/rate controls and tenant-isolation tests.",Exact exists row in the current repository catalog. That status does not verify the full vertical-slice completion contract.
H-021,H · Community & moderation,21,Mod: Content review,base catalog row,Existing but incomplete,P7,H-021,exists,`app/src/screens/Moderation.tsx`; `app/src/components/community/PostImage.tsx`,"Community membership/moderation capability; privacy and safety boundaries, audited moderation, appeal/recovery, complete states, abuse/rate controls and tenant-isolation tests.",Exact exists row in the current repository catalog. That status does not verify the full vertical-slice completion contract.
H-022,H · Community & moderation,22,Mod: Escalations,base catalog row,Existing but incomplete,P7,H-022,exists,`app/src/components/community/Escalation.tsx`; `app/src/screens/Moderation.tsx`,"Community membership/moderation capability; privacy and safety boundaries, audited moderation, appeal/recovery, complete states, abuse/rate controls and tenant-isolation tests.",Exact exists row in the current repository catalog. That status does not verify the full vertical-slice completion contract.
H-023,H · Community & moderation,23,Mod: Appeals,base catalog row,Existing but incomplete,P7,H-023,exists,`app/src/screens/Moderation.tsx`; `app/src/community/client.ts`,"Community membership/moderation capability; privacy and safety boundaries, audited moderation, appeal/recovery, complete states, abuse/rate controls and tenant-isolation tests.",Exact exists row in the current repository catalog. That status does not verify the full vertical-slice completion contract.
H-024,H · Community & moderation,24,Mod: Restriction actions,base catalog row,Existing but incomplete,P7,H-024,exists,`app/src/screens/Moderation.tsx`; `app/src/community/moderation.ts`,"Community membership/moderation capability; privacy and safety boundaries, audited moderation, appeal/recovery, complete states, abuse/rate controls and tenant-isolation tests.",Exact exists row in the current repository catalog. That status does not verify the full vertical-slice completion contract.
H-025,H · Community & moderation,25,Mod: Audit trail,base catalog row,Existing but incomplete,P7,H-025,partial,`supabase/migrations/20260924223000_moderation_audit.sql`; `app/src/screens/Volunteers.tsx`,"Community membership/moderation capability; privacy and safety boundaries, audited moderation, appeal/recovery, complete states, abuse/rate controls and tenant-isolation tests.",Exact partial row in the current repository catalog. That status does not verify the full vertical-slice completion contract.
H-026,H · Community & moderation,26,Mod: Volunteer review tasks,base catalog row,Existing but incomplete,P7,H-026,exists,`app/src/screens/Volunteer.tsx`; `app/src/community/volunteer.ts`,"Community membership/moderation capability; privacy and safety boundaries, audited moderation, appeal/recovery, complete states, abuse/rate controls and tenant-isolation tests.",Exact exists row in the current repository catalog. That status does not verify the full vertical-slice completion contract.
H-027,H · Community & moderation,27,Mod: Calibration tasks,base catalog row,Existing but incomplete,P7,H-027,exists,`app/src/screens/Volunteers.tsx`; `app/src/community/volunteer.ts`,"Community membership/moderation capability; privacy and safety boundaries, audited moderation, appeal/recovery, complete states, abuse/rate controls and tenant-isolation tests.",Exact exists row in the current repository catalog. That status does not verify the full vertical-slice completion contract.
H-028,H · Community & moderation,28,Mod: Policy configuration,base catalog row,Existing but incomplete,P7,H-028,partial,`app/src/screens/Agreements.tsx`; `app/src/screens/Volunteers.tsx`,"Community membership/moderation capability; privacy and safety boundaries, audited moderation, appeal/recovery, complete states, abuse/rate controls and tenant-isolation tests.",Exact partial row in the current repository catalog. That status does not verify the full vertical-slice completion contract.
H-029,H · Community & moderation,29,Mod: Analytics,base catalog row,Missing and in scope,P7,H-029,missing,app/src/screens/Community.tsx; app/src/components/community/,"Community membership/moderation capability; privacy and safety boundaries, audited moderation, appeal/recovery, complete states, abuse/rate controls and tenant-isolation tests.",The current repository catalog records this item as absent; current scope permits a bounded implementation subject to the recorded dependencies and acceptance contract.
H-W001,H · Community & moderation,30,Set profile visibility per field,workflow alias Community & moderation#0,Duplicate or superseded,P7,none,not an independent repository screen row,docs/master/REPO_AUDIT.md#Workflow steps,Reconcile the canonical workflow step in the 319-row workflow pass; do not create a route or screen solely because this alias appears in the screen array.,"catalog-data.js declares this row in addedScreens as a workflow-step projection. The canonical workflow item, not this duplicate screen alias, owns implementation and acceptance."
H-W002,H · Community & moderation,31,Answer endorsed by TA,workflow alias Community & moderation#8,Duplicate or superseded,P7,none,not an independent repository screen row,docs/master/REPO_AUDIT.md#Workflow steps,Reconcile the canonical workflow step in the 319-row workflow pass; do not create a route or screen solely because this alias appears in the screen array.,"catalog-data.js declares this row in addedScreens as a workflow-step projection. The canonical workflow item, not this duplicate screen alias, owns implementation and acceptance."
H-W003,H · Community & moderation,32,Create marketplace listing,workflow alias Community & moderation#9,Duplicate or superseded,P7,none,not an independent repository screen row,docs/master/REPO_AUDIT.md#Workflow steps,Reconcile the canonical workflow step in the 319-row workflow pass; do not create a route or screen solely because this alias appears in the screen array.,"catalog-data.js declares this row in addedScreens as a workflow-step projection. The canonical workflow item, not this duplicate screen alias, owns implementation and acceptance."
H-W004,H · Community & moderation,33,Integrity filter checks listing,workflow alias Community & moderation#10,Duplicate or superseded,P7,none,not an independent repository screen row,docs/master/REPO_AUDIT.md#Workflow steps,Reconcile the canonical workflow step in the 319-row workflow pass; do not create a route or screen solely because this alias appears in the screen array.,"catalog-data.js declares this row in addedScreens as a workflow-step projection. The canonical workflow item, not this duplicate screen alias, owns implementation and acceptance."
H-W005,H · Community & moderation,34,Make offer in chat,workflow alias Community & moderation#11,Duplicate or superseded,P7,none,not an independent repository screen row,docs/master/REPO_AUDIT.md#Workflow steps,Reconcile the canonical workflow step in the 319-row workflow pass; do not create a route or screen solely because this alias appears in the screen array.,"catalog-data.js declares this row in addedScreens as a workflow-step projection. The canonical workflow item, not this duplicate screen alias, owns implementation and acceptance."
H-W006,H · Community & moderation,35,Arrange safe meet-up,workflow alias Community & moderation#12,Duplicate or superseded,P7,none,not an independent repository screen row,docs/master/REPO_AUDIT.md#Workflow steps,Reconcile the canonical workflow step in the 319-row workflow pass; do not create a route or screen solely because this alias appears in the screen array.,"catalog-data.js declares this row in addedScreens as a workflow-step projection. The canonical workflow item, not this duplicate screen alias, owns implementation and acceptance."
I-001,I · Family & guardian,1,Invitation acceptance,base catalog row,Existing but incomplete,P7,I-001,exists,`app/src/components/FamilyInvite.tsx`; `app/src/lib/familyinvites.ts`,"Student-created delegated grant; field-minimized read, expiry/revocation/audit, no independent record access, complete states, accessibility/responsive and two-account tests.",Exact exists row in the current repository catalog. That status does not verify the full vertical-slice completion contract.
I-002,I · Family & guardian,2,Relationship confirmation,base catalog row,Existing but incomplete,P7,I-002,partial,`app/src/lib/family.ts`; `app/src/components/FamilyInvite.tsx`,"Student-created delegated grant; field-minimized read, expiry/revocation/audit, no independent record access, complete states, accessibility/responsive and two-account tests.",Exact partial row in the current repository catalog. That status does not verify the full vertical-slice completion contract.
I-003,I · Family & guardian,3,Consent scope,base catalog row,Existing but incomplete,P7,I-003,exists,`app/src/screens/Family.tsx`; `app/src/lib/family.ts`,"Student-created delegated grant; field-minimized read, expiry/revocation/audit, no independent record access, complete states, accessibility/responsive and two-account tests.",Exact exists row in the current repository catalog. That status does not verify the full vertical-slice completion contract.
I-004,I · Family & guardian,4,Shared categories,base catalog row,Existing but incomplete,P7,I-004,exists,`app/src/lib/family.ts`; `app/src/screens/Family.tsx`,"Student-created delegated grant; field-minimized read, expiry/revocation/audit, no independent record access, complete states, accessibility/responsive and two-account tests.",Exact exists row in the current repository catalog. That status does not verify the full vertical-slice completion contract.
I-005,I · Family & guardian,5,Time-limited access,base catalog row,Existing but incomplete,P7,I-005,exists,`app/src/lib/family.ts`; `app/src/components/FamilyInvite.tsx`,"Student-created delegated grant; field-minimized read, expiry/revocation/audit, no independent record access, complete states, accessibility/responsive and two-account tests.",Exact exists row in the current repository catalog. That status does not verify the full vertical-slice completion contract.
I-006,I · Family & guardian,6,Shared items,base catalog row,Existing but incomplete,P7,I-006,exists,`app/src/components/SharedWithYou.tsx`; `app/src/screens/Family.tsx`,"Student-created delegated grant; field-minimized read, expiry/revocation/audit, no independent record access, complete states, accessibility/responsive and two-account tests.",Exact exists row in the current repository catalog. That status does not verify the full vertical-slice completion contract.
I-007,I · Family & guardian,7,Billing/support handoff,base catalog row,Existing but incomplete,P7,I-007,partial,`app/src/screens/Family.tsx`; `app/src/lib/family.ts`,"Student-created delegated grant; field-minimized read, expiry/revocation/audit, no independent record access, complete states, accessibility/responsive and two-account tests.",Exact partial row in the current repository catalog. That status does not verify the full vertical-slice completion contract.
I-008,I · Family & guardian,8,Resource center,base catalog row,Missing and in scope,P7,I-008,missing,app/src/screens/Family.tsx; app/src/components/FamilySharing.tsx,"Student-created delegated grant; field-minimized read, expiry/revocation/audit, no independent record access, complete states, accessibility/responsive and two-account tests.",The current repository catalog records this item as absent; current scope permits a bounded implementation subject to the recorded dependencies and acceptance contract.
I-009,I · Family & guardian,9,Communication preferences,base catalog row,Missing and in scope,P7,I-009,missing,app/src/screens/Family.tsx; app/src/components/FamilySharing.tsx,"Student-created delegated grant; field-minimized read, expiry/revocation/audit, no independent record access, complete states, accessibility/responsive and two-account tests.",The current repository catalog records this item as absent; current scope permits a bounded implementation subject to the recorded dependencies and acceptance contract.
I-010,I · Family & guardian,10,Access history,base catalog row,Existing but incomplete,P7,I-010,exists,`app/src/components/FamilyInvite.tsx`; `app/src/lib/familyshare.ts`,"Student-created delegated grant; field-minimized read, expiry/revocation/audit, no independent record access, complete states, accessibility/responsive and two-account tests.",Exact exists row in the current repository catalog. That status does not verify the full vertical-slice completion contract.
I-011,I · Family & guardian,11,Revocation,base catalog row,Existing but incomplete,P7,I-011,exists,`app/src/components/FamilyInvite.tsx`; `app/src/lib/familyshare.ts`,"Student-created delegated grant; field-minimized read, expiry/revocation/audit, no independent record access, complete states, accessibility/responsive and two-account tests.",Exact exists row in the current repository catalog. That status does not verify the full vertical-slice completion contract.
I-012,I · Family & guardian,12,Privacy/support information,base catalog row,Existing but incomplete,P7,I-012,partial,`app/src/screens/Family.tsx`; `app/src/components/SharedWithYou.tsx`,"Student-created delegated grant; field-minimized read, expiry/revocation/audit, no independent record access, complete states, accessibility/responsive and two-account tests.",Exact partial row in the current repository catalog. That status does not verify the full vertical-slice completion contract.
I-W001,I · Family & guardian,13,Audit retained,workflow alias Family consent#12,Duplicate or superseded,P7,none,not an independent repository screen row,docs/master/REPO_AUDIT.md#Workflow steps,Reconcile the canonical workflow step in the 319-row workflow pass; do not create a route or screen solely because this alias appears in the screen array.,"catalog-data.js declares this row in addedScreens as a workflow-step projection. The canonical workflow item, not this duplicate screen alias, owns implementation and acceptance."
J-001,"J · Career, employer, alumni",1,Skills graph,base catalog row,Existing but incomplete,P7,J-001,exists,`app/src/components/SkillsGraph.tsx`; `app/src/lib/skills-graph.ts`; `app/src/screens/Career.tsx`,"Career relationship or consented evidence grant; employer isolation from student records, audited/revocable access, complete states, accessibility/responsive and cross-role tests.",Exact exists row in the current repository catalog. That status does not verify the full vertical-slice completion contract.
J-002,"J · Career, employer, alumni",2,Skill evidence,base catalog row,Existing but incomplete,P7,J-002,exists,`app/src/components/CareerEvidence.tsx`; `app/src/lib/career-evidence.ts`,"Career relationship or consented evidence grant; employer isolation from student records, audited/revocable access, complete states, accessibility/responsive and cross-role tests.",Exact exists row in the current repository catalog. That status does not verify the full vertical-slice completion contract.
J-003,"J · Career, employer, alumni",3,Verified skill claims,base catalog row,Existing but incomplete,P7,J-003,partial,`app/src/lib/skills-graph.ts`; `app/src/lib/learnerrecord.ts`,"Career relationship or consented evidence grant; employer isolation from student records, audited/revocable access, complete states, accessibility/responsive and cross-role tests.",Exact partial row in the current repository catalog. That status does not verify the full vertical-slice completion contract.
J-004,"J · Career, employer, alumni",4,Credential wallet,base catalog row,Existing but incomplete,P7,J-004,exists,`app/src/components/CredentialWallet.tsx`; `app/src/lib/credential-wallet.ts`,"Career relationship or consented evidence grant; employer isolation from student records, audited/revocable access, complete states, accessibility/responsive and cross-role tests.",Exact exists row in the current repository catalog. That status does not verify the full vertical-slice completion contract.
J-005,"J · Career, employer, alumni",5,Portfolio,base catalog row,Existing but incomplete,P7,J-005,exists,`app/src/components/CareerEvidence.tsx`; `app/src/screens/Career.tsx`,"Career relationship or consented evidence grant; employer isolation from student records, audited/revocable access, complete states, accessibility/responsive and cross-role tests.",Exact exists row in the current repository catalog. That status does not verify the full vertical-slice completion contract.
J-006,"J · Career, employer, alumni",6,Resume builder,base catalog row,Existing but incomplete,P7,J-006,exists,`app/src/screens/Career.tsx`; `app/src/lib/career.ts`; `app/src/lib/career-evidence.ts`,"Career relationship or consented evidence grant; employer isolation from student records, audited/revocable access, complete states, accessibility/responsive and cross-role tests.",Exact exists row in the current repository catalog. That status does not verify the full vertical-slice completion contract.
J-007,"J · Career, employer, alumni",7,Cover letter workspace,base catalog row,Existing but incomplete,P7,J-007,exists,`app/src/lib/career.ts`; `app/src/screens/Career.tsx`,"Career relationship or consented evidence grant; employer isolation from student records, audited/revocable access, complete states, accessibility/responsive and cross-role tests.",Exact exists row in the current repository catalog. That status does not verify the full vertical-slice completion contract.
J-008,"J · Career, employer, alumni",8,Interview preparation,base catalog row,Existing but incomplete,P7,J-008,exists,`app/src/components/CareerEvidence.tsx`; `app/src/screens/Career.tsx`,"Career relationship or consented evidence grant; employer isolation from student records, audited/revocable access, complete states, accessibility/responsive and cross-role tests.",Exact exists row in the current repository catalog. That status does not verify the full vertical-slice completion contract.
J-009,"J · Career, employer, alumni",9,Career plan,base catalog row,Existing but incomplete,P7,J-009,partial,`app/src/screens/Career.tsx`; `app/src/lib/career.ts`,"Career relationship or consented evidence grant; employer isolation from student records, audited/revocable access, complete states, accessibility/responsive and cross-role tests.",Exact partial row in the current repository catalog. That status does not verify the full vertical-slice completion contract.
J-010,"J · Career, employer, alumni",10,Opportunity search,base catalog row,Existing but incomplete,P7,J-010,exists,`app/src/screens/Career.tsx`; `app/src/screens/Opportunities.tsx`,"Career relationship or consented evidence grant; employer isolation from student records, audited/revocable access, complete states, accessibility/responsive and cross-role tests.",Exact exists row in the current repository catalog. That status does not verify the full vertical-slice completion contract.
J-011,"J · Career, employer, alumni",11,Job postings,base catalog row,Existing but incomplete,P7,J-011,partial,`app/src/screens/Opportunities.tsx`; `app/src/lib/opportunities.ts`; `app/server/institution/career.ts`,"Career relationship or consented evidence grant; employer isolation from student records, audited/revocable access, complete states, accessibility/responsive and cross-role tests.",Exact partial row in the current repository catalog. That status does not verify the full vertical-slice completion contract.
J-012,"J · Career, employer, alumni",12,Internship postings,base catalog row,Existing but incomplete,P7,J-012,partial,`app/src/screens/Career.tsx`; `app/src/lib/career.ts`; `app/server/institution/career.ts`,"Career relationship or consented evidence grant; employer isolation from student records, audited/revocable access, complete states, accessibility/responsive and cross-role tests.",Exact partial row in the current repository catalog. That status does not verify the full vertical-slice completion contract.
J-013,"J · Career, employer, alumni",13,Employer profiles,base catalog row,Existing but incomplete,P7,J-013,partial,`app/src/lib/career-evidence.ts`; `app/server/institution/sandbox.ts`,"Career relationship or consented evidence grant; employer isolation from student records, audited/revocable access, complete states, accessibility/responsive and cross-role tests.",Exact partial row in the current repository catalog. That status does not verify the full vertical-slice completion contract.
J-014,"J · Career, employer, alumni",14,Applications,base catalog row,Existing but incomplete,P7,J-014,exists,`app/src/screens/Applying.tsx`; `app/src/lib/apply.ts`; `app/src/components/Applying.tsx`,"Career relationship or consented evidence grant; employer isolation from student records, audited/revocable access, complete states, accessibility/responsive and cross-role tests.",Exact exists row in the current repository catalog. That status does not verify the full vertical-slice completion contract.
J-015,"J · Career, employer, alumni",15,Career appointments,base catalog row,Existing but incomplete,P7,J-015,partial,`app/src/screens/Career.tsx`; `app/server/institution/advising.ts`,"Career relationship or consented evidence grant; employer isolation from student records, audited/revocable access, complete states, accessibility/responsive and cross-role tests.",Exact partial row in the current repository catalog. That status does not verify the full vertical-slice completion contract.
J-016,"J · Career, employer, alumni",16,Mentor directory,base catalog row,Existing but incomplete,P7,J-016,exists,`app/src/components/MentorFinder.tsx`; `app/src/lib/mentors.ts`; `app/src/screens/Opportunities.tsx`,"Career relationship or consented evidence grant; employer isolation from student records, audited/revocable access, complete states, accessibility/responsive and cross-role tests.",Exact exists row in the current repository catalog. That status does not verify the full vertical-slice completion contract.
J-017,"J · Career, employer, alumni",17,Alumni mentor offers,base catalog row,Existing but incomplete,P7,J-017,partial,`app/src/lib/mentors.ts`; `app/src/components/MentorFinder.tsx`; `supabase/migrations/20260928021700_mentor_rosters.sql`,"Career relationship or consented evidence grant; employer isolation from student records, audited/revocable access, complete states, accessibility/responsive and cross-role tests.",Exact partial row in the current repository catalog. That status does not verify the full vertical-slice completion contract.
J-018,"J · Career, employer, alumni",18,Networking,base catalog row,Existing but incomplete,P7,J-018,exists,`app/src/screens/Career.tsx`; `app/src/lib/career.ts`,"Career relationship or consented evidence grant; employer isolation from student records, audited/revocable access, complete states, accessibility/responsive and cross-role tests.",Exact exists row in the current repository catalog. That status does not verify the full vertical-slice completion contract.
J-019,"J · Career, employer, alumni",19,Career events,base catalog row,Existing but incomplete,P7,J-019,exists,`app/src/screens/Career.tsx`; `app/src/lib/career.ts`,"Career relationship or consented evidence grant; employer isolation from student records, audited/revocable access, complete states, accessibility/responsive and cross-role tests.",Exact exists row in the current repository catalog. That status does not verify the full vertical-slice completion contract.
J-020,"J · Career, employer, alumni",20,Continuing education,base catalog row,Existing but incomplete,P7,J-020,partial,`app/src/lib/opportunities.ts`; `app/src/screens/Opportunities.tsx`,"Career relationship or consented evidence grant; employer isolation from student records, audited/revocable access, complete states, accessibility/responsive and cross-role tests.",Exact partial row in the current repository catalog. That status does not verify the full vertical-slice completion contract.
J-021,"J · Career, employer, alumni",21,Microcredentials,base catalog row,Existing but incomplete,P7,J-021,partial,`app/src/lib/opportunities.ts`; `app/src/components/CredentialWallet.tsx`,"Career relationship or consented evidence grant; employer isolation from student records, audited/revocable access, complete states, accessibility/responsive and cross-role tests.",Exact partial row in the current repository catalog. That status does not verify the full vertical-slice completion contract.
J-022,"J · Career, employer, alumni",22,Credential renewal,base catalog row,Missing and in scope,P7,J-022,missing,app/src/screens/Career.tsx; app/server/institution/career.ts,"Career relationship or consented evidence grant; employer isolation from student records, audited/revocable access, complete states, accessibility/responsive and cross-role tests.",The current repository catalog records this item as absent; current scope permits a bounded implementation subject to the recorded dependencies and acceptance contract.
J-023,"J · Career, employer, alumni",23,Career outcome history,base catalog row,Missing and in scope,P7,J-023,missing,app/src/screens/Career.tsx; app/server/institution/career.ts,"Career relationship or consented evidence grant; employer isolation from student records, audited/revocable access, complete states, accessibility/responsive and cross-role tests.",The current repository catalog records this item as absent; current scope permits a bounded implementation subject to the recorded dependencies and acceptance contract.
J-024,"J · Career, employer, alumni",24,Employer: Organization profile,base catalog row,Existing but incomplete,P7,J-024,partial,`app/src/components/institutional/role-workspace.ts`; `app/server/institution/sandbox.ts`,"Career relationship or consented evidence grant; employer isolation from student records, audited/revocable access, complete states, accessibility/responsive and cross-role tests.",Exact partial row in the current repository catalog. That status does not verify the full vertical-slice completion contract.
J-025,"J · Career, employer, alumni",25,Employer: Opportunity creation,base catalog row,Existing but incomplete,P7,J-025,partial,`app/src/components/institutional/RoleWorkspace.tsx`; `app/server/institution/career.ts`,"Career relationship or consented evidence grant; employer isolation from student records, audited/revocable access, complete states, accessibility/responsive and cross-role tests.",Exact partial row in the current repository catalog. That status does not verify the full vertical-slice completion contract.
J-026,"J · Career, employer, alumni",26,Employer: Applicant criteria,base catalog row,Missing and in scope,P7,J-026,missing,app/src/screens/Career.tsx; app/server/institution/career.ts,"Career relationship or consented evidence grant; employer isolation from student records, audited/revocable access, complete states, accessibility/responsive and cross-role tests.",The current repository catalog records this item as absent; current scope permits a bounded implementation subject to the recorded dependencies and acceptance contract.
J-027,"J · Career, employer, alumni",27,Employer: Talent discovery,base catalog row,Intentionally excluded with a repository-backed rationale,P7,J-027,missing,app/src/screens/Career.tsx; app/server/institution/career.ts,"Career relationship or consented evidence grant; employer isolation from student records, audited/revocable access, complete states, accessibility/responsive and cross-role tests.",Employer talent discovery would expose student records without a student-created evidence grant; current isolation rules prohibit that model.
J-028,"J · Career, employer, alumni",28,Employer: Consent-based profile,base catalog row,Existing but incomplete,P7,J-028,partial,`app/src/components/institutional/role-workspace.ts`; `app/src/data/institutional-preview.ts`,"Career relationship or consented evidence grant; employer isolation from student records, audited/revocable access, complete states, accessibility/responsive and cross-role tests.",Exact partial row in the current repository catalog. That status does not verify the full vertical-slice completion contract.
J-029,"J · Career, employer, alumni",29,Employer: Interview scheduling,base catalog row,Missing and in scope,P7,J-029,missing,app/src/screens/Career.tsx; app/server/institution/career.ts,"Career relationship or consented evidence grant; employer isolation from student records, audited/revocable access, complete states, accessibility/responsive and cross-role tests.",The current repository catalog records this item as absent; current scope permits a bounded implementation subject to the recorded dependencies and acceptance contract.
J-030,"J · Career, employer, alumni",30,Employer: Hiring workflow,base catalog row,Existing but incomplete,P7,J-030,partial,`app/server/institution/career.ts`; `app/server/institution/sandbox.ts`,"Career relationship or consented evidence grant; employer isolation from student records, audited/revocable access, complete states, accessibility/responsive and cross-role tests.",Exact partial row in the current repository catalog. That status does not verify the full vertical-slice completion contract.
J-031,"J · Career, employer, alumni",31,Employer: Internship management,base catalog row,Existing but incomplete,P7,J-031,partial,`app/server/institution/career.ts`; `app/server/institution/sandbox.ts`,"Career relationship or consented evidence grant; employer isolation from student records, audited/revocable access, complete states, accessibility/responsive and cross-role tests.",Exact partial row in the current repository catalog. That status does not verify the full vertical-slice completion contract.
J-032,"J · Career, employer, alumni",32,Employer: Analytics,base catalog row,Missing and in scope,P7,J-032,missing,app/src/screens/Career.tsx; app/server/institution/career.ts,"Career relationship or consented evidence grant; employer isolation from student records, audited/revocable access, complete states, accessibility/responsive and cross-role tests.",The current repository catalog records this item as absent; current scope permits a bounded implementation subject to the recorded dependencies and acceptance contract.
J-033,"J · Career, employer, alumni",33,Employer: Partnership settings,base catalog row,Missing and in scope,P7,J-033,missing,app/src/screens/Career.tsx; app/server/institution/career.ts,"Career relationship or consented evidence grant; employer isolation from student records, audited/revocable access, complete states, accessibility/responsive and cross-role tests.",The current repository catalog records this item as absent; current scope permits a bounded implementation subject to the recorded dependencies and acceptance contract.
J-034,"J · Career, employer, alumni",34,Alumni: Profile,base catalog row,Existing but incomplete,P7,J-034,partial,`app/src/components/institutional/RoleWorkspace.tsx`; `app/src/components/institutional/role-workspace.ts`,"Career relationship or consented evidence grant; employer isolation from student records, audited/revocable access, complete states, accessibility/responsive and cross-role tests.",Exact partial row in the current repository catalog. That status does not verify the full vertical-slice completion contract.
J-035,"J · Career, employer, alumni",35,Alumni: Mentoring offers,base catalog row,Existing but incomplete,P7,J-035,partial,`supabase/migrations/20260928021700_mentor_rosters.sql`; `app/server/institution/advising.ts`,"Career relationship or consented evidence grant; employer isolation from student records, audited/revocable access, complete states, accessibility/responsive and cross-role tests.",Exact partial row in the current repository catalog. That status does not verify the full vertical-slice completion contract.
J-036,"J · Career, employer, alumni",36,Alumni: Opportunities,base catalog row,Missing and in scope,P7,J-036,missing,app/src/screens/Career.tsx; app/server/institution/career.ts,"Career relationship or consented evidence grant; employer isolation from student records, audited/revocable access, complete states, accessibility/responsive and cross-role tests.",The current repository catalog records this item as absent; current scope permits a bounded implementation subject to the recorded dependencies and acceptance contract.
J-037,"J · Career, employer, alumni",37,Alumni: Continuing education,base catalog row,Missing and in scope,P7,J-037,missing,app/src/screens/Career.tsx; app/server/institution/career.ts,"Career relationship or consented evidence grant; employer isolation from student records, audited/revocable access, complete states, accessibility/responsive and cross-role tests.",The current repository catalog records this item as absent; current scope permits a bounded implementation subject to the recorded dependencies and acceptance contract.
J-038,"J · Career, employer, alumni",38,Alumni: Community,base catalog row,Existing but incomplete,P7,J-038,partial,`app/src/community/communities.ts`; `app/src/screens/Community.tsx`,"Career relationship or consented evidence grant; employer isolation from student records, audited/revocable access, complete states, accessibility/responsive and cross-role tests.",Exact partial row in the current repository catalog. That status does not verify the full vertical-slice completion contract.
J-039,"J · Career, employer, alumni",39,Alumni: Donations/engagement handoff,base catalog row,Documentation or roadmap only,P7,J-039,missing,app/src/screens/Career.tsx; app/server/institution/career.ts,"Career relationship or consented evidence grant; employer isolation from student records, audited/revocable access, complete states, accessibility/responsive and cross-role tests.",Advancement and donation handoff remains a roadmap concept; the current product explicitly has no giving integration.
J-040,"J · Career, employer, alumni",40,Alumni: Credential history,base catalog row,Existing but incomplete,P7,J-040,partial,`app/src/lib/learnerrecord.ts`; `app/src/components/CredentialWallet.tsx`,"Career relationship or consented evidence grant; employer isolation from student records, audited/revocable access, complete states, accessibility/responsive and cross-role tests.",Exact partial row in the current repository catalog. That status does not verify the full vertical-slice completion contract.
K-001,K · Institutional administration,1,Tenant overview,base catalog row,Existing but incomplete,P6,K-001,partial,`app/src/screens/University.tsx`; `app/src/components/console/Customers.tsx`; `app/src/components/console/CommandCenter.tsx`,"Exact institution-admin capability; tenant-scoped server operation, audit/recovery/rollback, source authority and freshness, complete states, RLS and operator journey tests.",Exact partial row in the current repository catalog. That status does not verify the full vertical-slice completion contract.
K-002,K · Institutional administration,2,Institution profile,base catalog row,Existing but incomplete,P6,K-002,partial,`app/src/lib/config/studio.ts`; `app/src/lib/school.ts`,"Exact institution-admin capability; tenant-scoped server operation, audit/recovery/rollback, source authority and freshness, complete states, RLS and operator journey tests.",Exact partial row in the current repository catalog. That status does not verify the full vertical-slice completion contract.
K-003,K · Institutional administration,3,Campus hierarchy,base catalog row,Existing but incomplete,P6,K-003,partial,`app/src/lib/governance/hierarchy.ts`; `supabase/migrations/20260927235000_governance_registries.sql`,"Exact institution-admin capability; tenant-scoped server operation, audit/recovery/rollback, source authority and freshness, complete states, RLS and operator journey tests.",Exact partial row in the current repository catalog. That status does not verify the full vertical-slice completion contract.
K-004,K · Institutional administration,4,School/department/program structure,base catalog row,Existing but incomplete,P6,K-004,partial,`app/src/lib/governance/hierarchy.ts`; `supabase/migrations/20260927235000_governance_registries.sql`,"Exact institution-admin capability; tenant-scoped server operation, audit/recovery/rollback, source authority and freshness, complete states, RLS and operator journey tests.",Exact partial row in the current repository catalog. That status does not verify the full vertical-slice completion contract.
K-005,K · Institutional administration,5,Identity providers,base catalog row,Existing but incomplete,P6,K-005,partial,`app/src/components/Credentials.tsx`; `supabase/migrations/20260924150142_institution_identity_provisioning.sql`; `app/src/lib/cloud.ts`,"Exact institution-admin capability; tenant-scoped server operation, audit/recovery/rollback, source authority and freshness, complete states, RLS and operator journey tests.",Exact partial row in the current repository catalog. That status does not verify the full vertical-slice completion contract.
K-006,K · Institutional administration,6,SSO configuration,base catalog row,Existing but incomplete,P6,K-006,partial,`supabase/migrations/20260928011845_tenant_sso_policy.sql`; `app/src/lib/cloud.ts`,"Exact institution-admin capability; tenant-scoped server operation, audit/recovery/rollback, source authority and freshness, complete states, RLS and operator journey tests.",Exact partial row in the current repository catalog. That status does not verify the full vertical-slice completion contract.
K-007,K · Institutional administration,7,SCIM provisioning,base catalog row,Existing but incomplete,P6,K-007,partial,`app/server/institution/scim.ts`; `app/server/institution/scim-route.ts`; `app/server/institution/postgres-scim.ts`,"Exact institution-admin capability; tenant-scoped server operation, audit/recovery/rollback, source authority and freshness, complete states, RLS and operator journey tests.",Exact partial row in the current repository catalog. That status does not verify the full vertical-slice completion contract.
K-008,K · Institutional administration,8,Memberships,base catalog row,Existing but incomplete,P6,K-008,exists,`app/src/components/SchoolClaim.tsx`; `app/src/lib/schoolclaim.ts`,"Exact institution-admin capability; tenant-scoped server operation, audit/recovery/rollback, source authority and freshness, complete states, RLS and operator journey tests.",Exact exists row in the current repository catalog. That status does not verify the full vertical-slice completion contract.
K-009,K · Institutional administration,9,Roles,base catalog row,Existing but incomplete,P6,K-009,partial,`supabase/migrations/20260921161500_roles.sql`; `app/src/lib/capabilities.ts`,"Exact institution-admin capability; tenant-scoped server operation, audit/recovery/rollback, source authority and freshness, complete states, RLS and operator journey tests.",Exact partial row in the current repository catalog. That status does not verify the full vertical-slice completion contract.
K-010,K · Institutional administration,10,Capabilities,base catalog row,Existing but incomplete,P6,K-010,partial,`supabase/migrations/20260922012000_capabilities.sql`; `app/src/lib/capabilities.ts`,"Exact institution-admin capability; tenant-scoped server operation, audit/recovery/rollback, source authority and freshness, complete states, RLS and operator journey tests.",Exact partial row in the current repository catalog. That status does not verify the full vertical-slice completion contract.
K-011,K · Institutional administration,11,Role grants,base catalog row,Existing but incomplete,P6,K-011,partial,`supabase/migrations/20260921223000_role_grants.sql`; `supabase/migrations/20260924213000_role_grant_audit.sql`,"Exact institution-admin capability; tenant-scoped server operation, audit/recovery/rollback, source authority and freshness, complete states, RLS and operator journey tests.",Exact partial row in the current repository catalog. That status does not verify the full vertical-slice completion contract.
K-012,K · Institutional administration,12,Access reviews,base catalog row,Missing and in scope,P6,K-012,missing,app/src/components/institutional/; app/server/institution/,"Exact institution-admin capability; tenant-scoped server operation, audit/recovery/rollback, source authority and freshness, complete states, RLS and operator journey tests.",The current repository catalog records this item as absent; current scope permits a bounded implementation subject to the recorded dependencies and acceptance contract.
K-013,K · Institutional administration,13,Tenant plan,base catalog row,Existing but incomplete,P6,K-013,partial,`supabase/migrations/20260928004730_tenant_plan.sql`; `supabase/functions/_shared/ltientitlement.ts`,"Exact institution-admin capability; tenant-scoped server operation, audit/recovery/rollback, source authority and freshness, complete states, RLS and operator journey tests.",Exact partial row in the current repository catalog. That status does not verify the full vertical-slice completion contract.
K-014,K · Institutional administration,14,Entitlements,base catalog row,Existing but incomplete,P6,K-014,partial,`supabase/functions/_shared/entitlement.ts`; `docs/ENTITLEMENT-RESOLUTION.md`,"Exact institution-admin capability; tenant-scoped server operation, audit/recovery/rollback, source authority and freshness, complete states, RLS and operator journey tests.",Exact partial row in the current repository catalog. That status does not verify the full vertical-slice completion contract.
K-015,K · Institutional administration,15,Feature policies,base catalog row,Existing but incomplete,P6,K-015,partial,`app/src/lib/featurepolicy.ts`; `supabase/migrations/20260929370000_feature_policy_narrowing.sql`,"Exact institution-admin capability; tenant-scoped server operation, audit/recovery/rollback, source authority and freshness, complete states, RLS and operator journey tests.",Exact partial row in the current repository catalog. That status does not verify the full vertical-slice completion contract.
K-016,K · Institutional administration,16,Feature cohorts,base catalog row,Existing but incomplete,P6,K-016,partial,`supabase/migrations/20260929340000_feature_cohorts.sql`; `app/src/lib/featurepolicy.ts`,"Exact institution-admin capability; tenant-scoped server operation, audit/recovery/rollback, source authority and freshness, complete states, RLS and operator journey tests.",Exact partial row in the current repository catalog. That status does not verify the full vertical-slice completion contract.
K-017,K · Institutional administration,17,Kill switches,base catalog row,Existing but incomplete,P6,K-017,partial,`app/src/components/institutional/IntegrationDashboard.tsx`; `supabase/migrations/20260927170000_integration_control_plane.sql`,"Exact institution-admin capability; tenant-scoped server operation, audit/recovery/rollback, source authority and freshness, complete states, RLS and operator journey tests.",Exact partial row in the current repository catalog. That status does not verify the full vertical-slice completion contract.
K-018,K · Institutional administration,18,Module modes,base catalog row,Existing but incomplete,P6,K-018,exists,`app/src/components/institutional/ModulesPanel.tsx`; `app/src/lib/modulemode.ts`,"Exact institution-admin capability; tenant-scoped server operation, audit/recovery/rollback, source authority and freshness, complete states, RLS and operator journey tests.",Exact exists row in the current repository catalog. That status does not verify the full vertical-slice completion contract.
K-019,K · Institutional administration,19,Tenant rollout,base catalog row,Existing but incomplete,P6,K-019,partial,`supabase/migrations/20260928050000_tenant_rollout.sql`; `app/src/lib/governance/rollout.ts`,"Exact institution-admin capability; tenant-scoped server operation, audit/recovery/rollback, source authority and freshness, complete states, RLS and operator journey tests.",Exact partial row in the current repository catalog. That status does not verify the full vertical-slice completion contract.
K-020,K · Institutional administration,20,Configuration studio,base catalog row,Existing but incomplete,P6,K-020,exists,`app/src/components/institutional/ConfigurationStudio.tsx`; `app/src/lib/config/studio.ts`,"Exact institution-admin capability; tenant-scoped server operation, audit/recovery/rollback, source authority and freshness, complete states, RLS and operator journey tests.",Exact exists row in the current repository catalog. That status does not verify the full vertical-slice completion contract.
K-021,K · Institutional administration,21,Workflow builder,base catalog row,Existing but incomplete,P6,K-021,exists,`app/src/components/institutional/WorkflowBuilder.tsx`; `supabase/migrations/20260930231000_workflow_builder.sql`,"Exact institution-admin capability; tenant-scoped server operation, audit/recovery/rollback, source authority and freshness, complete states, RLS and operator journey tests.",Exact exists row in the current repository catalog. That status does not verify the full vertical-slice completion contract.
K-022,K · Institutional administration,22,Policy hierarchy,base catalog row,Existing but incomplete,P6,K-022,partial,`app/src/lib/governance/hierarchy.ts`; `app/src/components/institutional/PolicySimulator.tsx`,"Exact institution-admin capability; tenant-scoped server operation, audit/recovery/rollback, source authority and freshness, complete states, RLS and operator journey tests.",Exact partial row in the current repository catalog. That status does not verify the full vertical-slice completion contract.
K-023,K · Institutional administration,23,Governance stewards,base catalog row,Existing but incomplete,P6,K-023,partial,`supabase/migrations/20260927235000_governance_registries.sql`; `app/src/lib/governance/charters.ts`,"Exact institution-admin capability; tenant-scoped server operation, audit/recovery/rollback, source authority and freshness, complete states, RLS and operator journey tests.",Exact partial row in the current repository catalog. That status does not verify the full vertical-slice completion contract.
K-024,K · Institutional administration,24,Governance decisions,base catalog row,Existing but incomplete,P6,K-024,partial,`supabase/migrations/20260927235000_governance_registries.sql`; `app/src/lib/governance/scorecard.ts`,"Exact institution-admin capability; tenant-scoped server operation, audit/recovery/rollback, source authority and freshness, complete states, RLS and operator journey tests.",Exact partial row in the current repository catalog. That status does not verify the full vertical-slice completion contract.
K-025,K · Institutional administration,25,Integration control,base catalog row,Existing but incomplete,P6,K-025,exists,`app/src/components/institutional/IntegrationDashboard.tsx`; `supabase/migrations/20260927170000_integration_control_plane.sql`,"Exact institution-admin capability; tenant-scoped server operation, audit/recovery/rollback, source authority and freshness, complete states, RLS and operator journey tests.",Exact exists row in the current repository catalog. That status does not verify the full vertical-slice completion contract.
K-026,K · Institutional administration,26,Data classification,base catalog row,Existing but incomplete,P6,K-026,partial,`app/src/components/institutional/StandardsAudit.tsx`; `app/src/lib/trust/education-data-map.ts`; `app/server/institution/ai-data-class.ts`,"Exact institution-admin capability; tenant-scoped server operation, audit/recovery/rollback, source authority and freshness, complete states, RLS and operator journey tests.",Exact partial row in the current repository catalog. That status does not verify the full vertical-slice completion contract.
K-027,K · Institutional administration,27,Consent policy,base catalog row,Existing but incomplete,P6,K-027,partial,`app/src/lib/trust/ferpa-consent.ts`; `supabase/migrations/20260928110700_consent_and_moderation_narrowing.sql`,"Exact institution-admin capability; tenant-scoped server operation, audit/recovery/rollback, source authority and freshness, complete states, RLS and operator journey tests.",Exact partial row in the current repository catalog. That status does not verify the full vertical-slice completion contract.
K-028,K · Institutional administration,28,Retention policy,base catalog row,Existing but incomplete,P6,K-028,partial,`app/src/components/institutional/PolicySimulator.tsx`; `supabase/migrations/20260929030000_retention_sweeps.sql`,"Exact institution-admin capability; tenant-scoped server operation, audit/recovery/rollback, source authority and freshness, complete states, RLS and operator journey tests.",Exact partial row in the current repository catalog. That status does not verify the full vertical-slice completion contract.
K-029,K · Institutional administration,29,Legal holds,base catalog row,Existing but incomplete,P6,K-029,partial,`supabase/migrations/20260930100000_legal_holds.sql`; `supabase/migrations/20260930130000_hold_gated_sweeps.sql`,"Exact institution-admin capability; tenant-scoped server operation, audit/recovery/rollback, source authority and freshness, complete states, RLS and operator journey tests.",Exact partial row in the current repository catalog. That status does not verify the full vertical-slice completion contract.
K-030,K · Institutional administration,30,Privacy requests,base catalog row,Existing but incomplete,P6,K-030,partial,`app/src/components/DataRightsRequests.tsx`; `supabase/migrations/20261004200000_answer_data_subject_requests.sql`,"Exact institution-admin capability; tenant-scoped server operation, audit/recovery/rollback, source authority and freshness, complete states, RLS and operator journey tests.",Exact partial row in the current repository catalog. That status does not verify the full vertical-slice completion contract.
K-031,K · Institutional administration,31,AI provider policy,base catalog row,Existing but incomplete,P6,K-031,partial,`app/src/lib/config/studio.ts`; `supabase/migrations/20260923210000_intelligence_policy.sql`; `app/server/institution/intelligence-repository.ts`,"Exact institution-admin capability; tenant-scoped server operation, audit/recovery/rollback, source authority and freshness, complete states, RLS and operator journey tests.",Exact partial row in the current repository catalog. That status does not verify the full vertical-slice completion contract.
K-032,K · Institutional administration,32,Approved sources,base catalog row,Existing but incomplete,P6,K-032,partial,`supabase/migrations/20261001185348_approved_source_policy_scope.sql`; `app/server/institution/intelligence-repository.ts`,"Exact institution-admin capability; tenant-scoped server operation, audit/recovery/rollback, source authority and freshness, complete states, RLS and operator journey tests.",Exact partial row in the current repository catalog. That status does not verify the full vertical-slice completion contract.
K-033,K · Institutional administration,33,Trust Center,base catalog row,Existing but incomplete,P6,K-033,exists,`app/src/components/institutional/TrustDashboard.tsx`; `app/src/screens/TrustRoom.tsx`,"Exact institution-admin capability; tenant-scoped server operation, audit/recovery/rollback, source authority and freshness, complete states, RLS and operator journey tests.",Exact exists row in the current repository catalog. That status does not verify the full vertical-slice completion contract.
K-034,K · Institutional administration,34,Compliance controls,base catalog row,Existing but incomplete,P6,K-034,exists,`app/src/components/institutional/StandardsAudit.tsx`; `app/src/components/console/StandardsCrosswalk.tsx`; `app/src/lib/trust/standards-audit.ts`,"Exact institution-admin capability; tenant-scoped server operation, audit/recovery/rollback, source authority and freshness, complete states, RLS and operator journey tests.",Exact exists row in the current repository catalog. That status does not verify the full vertical-slice completion contract.
K-035,K · Institutional administration,35,Evidence register,base catalog row,Existing but incomplete,P6,K-035,exists,`app/src/components/console/Evidence.tsx`; `app/src/components/institutional/OperationsStudio.tsx`; `app/src/lib/ops/evidence.ts`,"Exact institution-admin capability; tenant-scoped server operation, audit/recovery/rollback, source authority and freshness, complete states, RLS and operator journey tests.",Exact exists row in the current repository catalog. That status does not verify the full vertical-slice completion contract.
K-036,K · Institutional administration,36,Accessibility program,base catalog row,Existing but incomplete,P6,K-036,partial,`app/src/site/pages.tsx`; `app/src/a11y`,"Exact institution-admin capability; tenant-scoped server operation, audit/recovery/rollback, source authority and freshness, complete states, RLS and operator journey tests.",Exact partial row in the current repository catalog. That status does not verify the full vertical-slice completion contract.
K-037,K · Institutional administration,37,Incident notices,base catalog row,Existing but incomplete,P6,K-037,partial,`app/src/components/StatusNotice.tsx`; `app/src/lib/governance/incident-comms.ts`; `supabase/migrations/20260927235000_governance_registries.sql`,"Exact institution-admin capability; tenant-scoped server operation, audit/recovery/rollback, source authority and freshness, complete states, RLS and operator journey tests.",Exact partial row in the current repository catalog. That status does not verify the full vertical-slice completion contract.
K-038,K · Institutional administration,38,Risk register,base catalog row,Existing but incomplete,P6,K-038,partial,`app/src/lib/governance/risk.ts`,"Exact institution-admin capability; tenant-scoped server operation, audit/recovery/rollback, source authority and freshness, complete states, RLS and operator journey tests.",Exact partial row in the current repository catalog. That status does not verify the full vertical-slice completion contract.
K-039,K · Institutional administration,39,Audit explorer,base catalog row,Existing but incomplete,P6,K-039,exists,`app/src/components/console/Audit.tsx`; `supabase/migrations/20260929100000_console_control_plane.sql`,"Exact institution-admin capability; tenant-scoped server operation, audit/recovery/rollback, source authority and freshness, complete states, RLS and operator journey tests.",Exact exists row in the current repository catalog. That status does not verify the full vertical-slice completion contract.
K-040,K · Institutional administration,40,Offboarding,base catalog row,Existing but incomplete,P6,K-040,partial,`supabase/migrations/20260930200000_school_offboarding.sql`,"Exact institution-admin capability; tenant-scoped server operation, audit/recovery/rollback, source authority and freshness, complete states, RLS and operator journey tests.",Exact partial row in the current repository catalog. That status does not verify the full vertical-slice completion contract.
K-041,K · Institutional administration,41,Data export/portability,base catalog row,Existing but incomplete,P6,K-041,partial,`app/src/screens/Export.tsx`; `supabase/migrations/20260929010000_account_erasure_and_export.sql`,"Exact institution-admin capability; tenant-scoped server operation, audit/recovery/rollback, source authority and freshness, complete states, RLS and operator journey tests.",Exact partial row in the current repository catalog. That status does not verify the full vertical-slice completion contract.
K-W001,K · Institutional administration,42,Operational champion named,workflow alias Institutional implementation#3,Duplicate or superseded,P6,none,not an independent repository screen row,docs/master/REPO_AUDIT.md#Workflow steps,Reconcile the canonical workflow step in the 319-row workflow pass; do not create a route or screen solely because this alias appears in the screen array.,"catalog-data.js declares this row in addedScreens as a workflow-step projection. The canonical workflow item, not this duplicate screen alias, owns implementation and acceptance."
K-W002,K · Institutional administration,43,Reconciliation passed,workflow alias Institutional implementation#12,Duplicate or superseded,P6,none,not an independent repository screen row,docs/master/REPO_AUDIT.md#Workflow steps,Reconcile the canonical workflow step in the 319-row workflow pass; do not create a route or screen solely because this alias appears in the screen array.,"catalog-data.js declares this row in addedScreens as a workflow-step projection. The canonical workflow item, not this duplicate screen alias, owns implementation and acceptance."
K-W003,K · Institutional administration,44,Admin training,workflow alias Institutional implementation#13,Duplicate or superseded,P6,none,not an independent repository screen row,docs/master/REPO_AUDIT.md#Workflow steps,Reconcile the canonical workflow step in the 319-row workflow pass; do not create a route or screen solely because this alias appears in the screen array.,"catalog-data.js declares this row in addedScreens as a workflow-step projection. The canonical workflow item, not this duplicate screen alias, owns implementation and acceptance."
K-W004,K · Institutional administration,45,Student communication prepared,workflow alias Institutional implementation#14,Duplicate or superseded,P6,none,not an independent repository screen row,docs/master/REPO_AUDIT.md#Workflow steps,Reconcile the canonical workflow step in the 319-row workflow pass; do not create a route or screen solely because this alias appears in the screen array.,"catalog-data.js declares this row in addedScreens as a workflow-step projection. The canonical workflow item, not this duplicate screen alias, owns implementation and acceptance."
K-W005,K · Institutional administration,46,Launch readiness gate passed,workflow alias Institutional implementation#15,Duplicate or superseded,P6,none,not an independent repository screen row,docs/master/REPO_AUDIT.md#Workflow steps,Reconcile the canonical workflow step in the 319-row workflow pass; do not create a route or screen solely because this alias appears in the screen array.,"catalog-data.js declares this row in addedScreens as a workflow-step projection. The canonical workflow item, not this duplicate screen alias, owns implementation and acceptance."
K-W006,K · Institutional administration,47,Controlled launch,workflow alias Institutional implementation#16,Duplicate or superseded,P6,none,not an independent repository screen row,docs/master/REPO_AUDIT.md#Workflow steps,Reconcile the canonical workflow step in the 319-row workflow pass; do not create a route or screen solely because this alias appears in the screen array.,"catalog-data.js declares this row in addedScreens as a workflow-step projection. The canonical workflow item, not this duplicate screen alias, owns implementation and acceptance."
K-W007,K · Institutional administration,48,Adoption monitored,workflow alias Institutional implementation#17,Duplicate or superseded,P6,none,not an independent repository screen row,docs/master/REPO_AUDIT.md#Workflow steps,Reconcile the canonical workflow step in the 319-row workflow pass; do not create a route or screen solely because this alias appears in the screen array.,"catalog-data.js declares this row in addedScreens as a workflow-step projection. The canonical workflow item, not this duplicate screen alias, owns implementation and acceptance."
K-W008,K · Institutional administration,49,Midpoint review,workflow alias Institutional implementation#19,Duplicate or superseded,P6,none,not an independent repository screen row,docs/master/REPO_AUDIT.md#Workflow steps,Reconcile the canonical workflow step in the 319-row workflow pass; do not create a route or screen solely because this alias appears in the screen array.,"catalog-data.js declares this row in addedScreens as a workflow-step projection. The canonical workflow item, not this duplicate screen alias, owns implementation and acceptance."
L-001,L · Integrations,1,Provider directory,base catalog row,Existing but incomplete,P6,L-001,partial,`app/src/site/benchmark.tsx`; `app/src/components/institutional/IntegrationDashboard.tsx`; `app/src/lib/integration/catalog.ts`,"Approved provider contract and exact scopes; vault-held credentials, tenant isolation, idempotent sync/reconciliation/rollback, degraded states, adapter and RLS tests.",Exact partial row in the current repository catalog. That status does not verify the full vertical-slice completion contract.
L-002,L · Integrations,2,Connection list,base catalog row,Existing but incomplete,P6,L-002,exists,`app/src/components/institutional/IntegrationDashboard.tsx`; `app/src/lib/integration/dashboard.ts`,"Approved provider contract and exact scopes; vault-held credentials, tenant isolation, idempotent sync/reconciliation/rollback, degraded states, adapter and RLS tests.",Exact exists row in the current repository catalog. That status does not verify the full vertical-slice completion contract.
L-003,L · Integrations,3,Connection setup,base catalog row,Existing but incomplete,P6,L-003,partial,`app/src/screens/Connect.tsx`; `app/src/screens/University.tsx`,"Approved provider contract and exact scopes; vault-held credentials, tenant isolation, idempotent sync/reconciliation/rollback, degraded states, adapter and RLS tests.",Exact partial row in the current repository catalog. That status does not verify the full vertical-slice completion contract.
L-004,L · Integrations,4,Security review,base catalog row,Missing and in scope,P6,L-004,missing,app/src/components/institutional/IntegrationDashboard.tsx; app/src/lib/integration/,"Approved provider contract and exact scopes; vault-held credentials, tenant isolation, idempotent sync/reconciliation/rollback, degraded states, adapter and RLS tests.",The current repository catalog records this item as absent; current scope permits a bounded implementation subject to the recorded dependencies and acceptance contract.
L-005,L · Integrations,5,Scope approval,base catalog row,Existing but incomplete,P6,L-005,partial,`app/src/components/institutional/IntegrationDashboard.tsx`; `supabase/migrations/20260927170000_integration_control_plane.sql`,"Approved provider contract and exact scopes; vault-held credentials, tenant isolation, idempotent sync/reconciliation/rollback, degraded states, adapter and RLS tests.",Exact partial row in the current repository catalog. That status does not verify the full vertical-slice completion contract.
L-006,L · Integrations,6,Credentials configuration,base catalog row,Existing but incomplete,P6,L-006,partial,`app/src/lib/integration/vault.ts`; `app/src/lib/integration/provider-client.ts`,"Approved provider contract and exact scopes; vault-held credentials, tenant isolation, idempotent sync/reconciliation/rollback, degraded states, adapter and RLS tests.",Exact partial row in the current repository catalog. That status does not verify the full vertical-slice completion contract.
L-007,L · Integrations,7,Mapping studio,base catalog row,Existing but incomplete,P6,L-007,partial,`app/src/components/institutional/MigrationCenter.tsx`; `app/src/components/institutional/IntegrationDashboard.tsx`,"Approved provider contract and exact scopes; vault-held credentials, tenant isolation, idempotent sync/reconciliation/rollback, degraded states, adapter and RLS tests.",Exact partial row in the current repository catalog. That status does not verify the full vertical-slice completion contract.
L-008,L · Integrations,8,Mapping versions,base catalog row,Existing but incomplete,P6,L-008,partial,`app/src/lib/integration/mapping-versions.ts`; `app/src/components/institutional/IntegrationDashboard.tsx`,"Approved provider contract and exact scopes; vault-held credentials, tenant isolation, idempotent sync/reconciliation/rollback, degraded states, adapter and RLS tests.",Exact partial row in the current repository catalog. That status does not verify the full vertical-slice completion contract.
L-009,L · Integrations,9,Field transformations,base catalog row,Existing but incomplete,P6,L-009,partial,`app/src/components/institutional/MigrationCenter.tsx`; `app/src/lib/integration/adapter.ts`,"Approved provider contract and exact scopes; vault-held credentials, tenant isolation, idempotent sync/reconciliation/rollback, degraded states, adapter and RLS tests.",Exact partial row in the current repository catalog. That status does not verify the full vertical-slice completion contract.
L-010,L · Integrations,10,Sync schedule,base catalog row,Existing but incomplete,P6,L-010,partial,`app/src/components/institutional/IntegrationDashboard.tsx`; `supabase/functions/integration-tick/index.ts`,"Approved provider contract and exact scopes; vault-held credentials, tenant isolation, idempotent sync/reconciliation/rollback, degraded states, adapter and RLS tests.",Exact partial row in the current repository catalog. That status does not verify the full vertical-slice completion contract.
L-011,L · Integrations,11,Sync run history,base catalog row,Existing but incomplete,P6,L-011,exists,`app/src/components/institutional/IntegrationDashboard.tsx`; `app/src/lib/integration/dashboard.ts`,"Approved provider contract and exact scopes; vault-held credentials, tenant isolation, idempotent sync/reconciliation/rollback, degraded states, adapter and RLS tests.",Exact exists row in the current repository catalog. That status does not verify the full vertical-slice completion contract.
L-012,L · Integrations,12,Sync errors,base catalog row,Existing but incomplete,P6,L-012,partial,`app/src/components/institutional/IntegrationDashboard.tsx`; `app/src/lib/integration/dashboard.ts`,"Approved provider contract and exact scopes; vault-held credentials, tenant isolation, idempotent sync/reconciliation/rollback, degraded states, adapter and RLS tests.",Exact partial row in the current repository catalog. That status does not verify the full vertical-slice completion contract.
L-013,L · Integrations,13,Dead-letter queue,base catalog row,Existing but incomplete,P6,L-013,exists,`app/src/components/institutional/IntegrationDashboard.tsx`; `app/src/lib/integration/dashboard.ts`,"Approved provider contract and exact scopes; vault-held credentials, tenant isolation, idempotent sync/reconciliation/rollback, degraded states, adapter and RLS tests.",Exact exists row in the current repository catalog. That status does not verify the full vertical-slice completion contract.
L-014,L · Integrations,14,Replay request,base catalog row,Existing but incomplete,P6,L-014,exists,`app/src/components/institutional/IntegrationDashboard.tsx`; `supabase/migrations/20260927170000_integration_control_plane.sql`,"Approved provider contract and exact scopes; vault-held credentials, tenant isolation, idempotent sync/reconciliation/rollback, degraded states, adapter and RLS tests.",Exact exists row in the current repository catalog. That status does not verify the full vertical-slice completion contract.
L-015,L · Integrations,15,Reconciliation dashboard,base catalog row,Existing but incomplete,P6,L-015,partial,`app/src/components/institutional/MigrationCenter.tsx`; `app/src/lib/integration/reconcile.ts`,"Approved provider contract and exact scopes; vault-held credentials, tenant isolation, idempotent sync/reconciliation/rollback, degraded states, adapter and RLS tests.",Exact partial row in the current repository catalog. That status does not verify the full vertical-slice completion contract.
L-016,L · Integrations,16,Schema drift dashboard,base catalog row,Existing but incomplete,P6,L-016,partial,`app/src/lib/integration/drift.ts`; `app/src/components/institutional/IntegrationDashboard.tsx`,"Approved provider contract and exact scopes; vault-held credentials, tenant isolation, idempotent sync/reconciliation/rollback, degraded states, adapter and RLS tests.",Exact partial row in the current repository catalog. That status does not verify the full vertical-slice completion contract.
L-017,L · Integrations,17,Duplicate resolution,base catalog row,Existing but incomplete,P6,L-017,partial,`app/src/lib/integration/duplicates.ts`; `app/src/components/institutional/MigrationCenter.tsx`,"Approved provider contract and exact scopes; vault-held credentials, tenant isolation, idempotent sync/reconciliation/rollback, degraded states, adapter and RLS tests.",Exact partial row in the current repository catalog. That status does not verify the full vertical-slice completion contract.
L-018,L · Integrations,18,Source owner management,base catalog row,Existing but incomplete,P6,L-018,partial,`app/src/components/institutional/IntegrationDashboard.tsx`,"Approved provider contract and exact scopes; vault-held credentials, tenant isolation, idempotent sync/reconciliation/rollback, degraded states, adapter and RLS tests.",Exact partial row in the current repository catalog. That status does not verify the full vertical-slice completion contract.
L-019,L · Integrations,19,Data freshness,base catalog row,Existing but incomplete,P6,L-019,exists,`app/src/lib/integration/freshness.ts`; `app/src/components/institutional/IntegrationDashboard.tsx`,"Approved provider contract and exact scopes; vault-held credentials, tenant isolation, idempotent sync/reconciliation/rollback, degraded states, adapter and RLS tests.",Exact exists row in the current repository catalog. That status does not verify the full vertical-slice completion contract.
L-020,L · Integrations,20,Integration analytics,base catalog row,Existing but incomplete,P6,L-020,partial,`app/src/components/institutional/IntegrationDashboard.tsx`,"Approved provider contract and exact scopes; vault-held credentials, tenant isolation, idempotent sync/reconciliation/rollback, degraded states, adapter and RLS tests.",Exact partial row in the current repository catalog. That status does not verify the full vertical-slice completion contract.
L-021,L · Integrations,21,Webhook events,base catalog row,Existing but incomplete,P6,L-021,partial,`app/src/lib/integration/webhook-ingress.ts`; `app/src/components/institutional/OperationsStudio.tsx`,"Approved provider contract and exact scopes; vault-held credentials, tenant isolation, idempotent sync/reconciliation/rollback, degraded states, adapter and RLS tests.",Exact partial row in the current repository catalog. That status does not verify the full vertical-slice completion contract.
L-022,L · Integrations,22,LTI configuration,base catalog row,Existing but incomplete,P6,L-022,partial,`supabase/functions/lti/index.ts`; `app/src/screens/Connect.tsx`,"Approved provider contract and exact scopes; vault-held credentials, tenant isolation, idempotent sync/reconciliation/rollback, degraded states, adapter and RLS tests.",Exact partial row in the current repository catalog. That status does not verify the full vertical-slice completion contract.
L-023,L · Integrations,23,OneRoster import,base catalog row,Existing but incomplete,P6,L-023,partial,`supabase/migrations/20260930220000_roster_import_staging.sql`,"Approved provider contract and exact scopes; vault-held credentials, tenant isolation, idempotent sync/reconciliation/rollback, degraded states, adapter and RLS tests.",Exact partial row in the current repository catalog. That status does not verify the full vertical-slice completion contract.
L-024,L · Integrations,24,OneRoster REST sync,base catalog row,"Blocked by external authority, credentials, vendor, environment, legal review, staffing, or institutional decision",P6,L-024,missing,app/src/components/institutional/IntegrationDashboard.tsx; app/src/lib/integration/,"Approved provider contract and exact scopes; vault-held credentials, tenant isolation, idempotent sync/reconciliation/rollback, degraded states, adapter and RLS tests.","A production OneRoster REST adapter requires an approved provider contract, endpoint, credentials and conformance environment."
L-025,L · Integrations,25,Edu-API configuration,base catalog row,"Blocked by external authority, credentials, vendor, environment, legal review, staffing, or institutional decision",P6,L-025,missing,app/src/components/institutional/IntegrationDashboard.tsx; app/src/lib/integration/,"Approved provider contract and exact scopes; vault-held credentials, tenant isolation, idempotent sync/reconciliation/rollback, degraded states, adapter and RLS tests.","Edu-API configuration requires an approved provider, endpoint, credentials and conformance environment."
L-026,L · Integrations,26,Google/Microsoft integration,base catalog row,Existing but incomplete,P6,L-026,exists,`app/src/screens/Connect.tsx`; `app/src/lib/connect.ts`; `supabase/functions/calendar/index.ts`,"Approved provider contract and exact scopes; vault-held credentials, tenant isolation, idempotent sync/reconciliation/rollback, degraded states, adapter and RLS tests.",Exact exists row in the current repository catalog. That status does not verify the full vertical-slice completion contract.
L-027,L · Integrations,27,AI provider integration,base catalog row,Existing but incomplete,P6,L-027,partial,`app/src/screens/Connect.tsx`; `app/src/lib/assistant.ts`; `app/server/institution/providers/openai.ts`,"Approved provider contract and exact scopes; vault-held credentials, tenant isolation, idempotent sync/reconciliation/rollback, degraded states, adapter and RLS tests.",Exact partial row in the current repository catalog. That status does not verify the full vertical-slice completion contract.
L-028,L · Integrations,28,Integration offboarding,base catalog row,Existing but incomplete,P6,L-028,partial,`app/src/components/institutional/IntegrationDashboard.tsx`; `app/src/lib/trust/exitplans.ts`,"Approved provider contract and exact scopes; vault-held credentials, tenant isolation, idempotent sync/reconciliation/rollback, degraded states, adapter and RLS tests.",Exact partial row in the current repository catalog. That status does not verify the full vertical-slice completion contract.
L-W001,L · Integrations,29,Business purpose defined,workflow alias Controlled integration#1,Duplicate or superseded,P6,none,not an independent repository screen row,docs/master/REPO_AUDIT.md#Workflow steps,Reconcile the canonical workflow step in the 319-row workflow pass; do not create a route or screen solely because this alias appears in the screen array.,"catalog-data.js declares this row in addedScreens as a workflow-step projection. The canonical workflow item, not this duplicate screen alias, owns implementation and acceptance."
L-W002,L · Integrations,30,Sandbox validated,workflow alias Controlled integration#7,Duplicate or superseded,P6,none,not an independent repository screen row,docs/master/REPO_AUDIT.md#Workflow steps,Reconcile the canonical workflow step in the 319-row workflow pass; do not create a route or screen solely because this alias appears in the screen array.,"catalog-data.js declares this row in addedScreens as a workflow-step projection. The canonical workflow item, not this duplicate screen alias, owns implementation and acceptance."
L-W003,L · Integrations,31,Monitoring enabled,workflow alias Controlled integration#12,Duplicate or superseded,P6,none,not an independent repository screen row,docs/master/REPO_AUDIT.md#Workflow steps,Reconcile the canonical workflow step in the 319-row workflow pass; do not create a route or screen solely because this alias appears in the screen array.,"catalog-data.js declares this row in addedScreens as a workflow-step projection. The canonical workflow item, not this duplicate screen alias, owns implementation and acceptance."
L-W004,L · Integrations,32,Write direction requested,workflow alias Controlled integration#13,Duplicate or superseded,P6,none,not an independent repository screen row,docs/master/REPO_AUDIT.md#Workflow steps,Reconcile the canonical workflow step in the 319-row workflow pass; do not create a route or screen solely because this alias appears in the screen array.,"catalog-data.js declares this row in addedScreens as a workflow-step projection. The canonical workflow item, not this duplicate screen alias, owns implementation and acceptance."
L-W005,L · Integrations,33,Controlled write pilot,workflow alias Controlled integration#15,Duplicate or superseded,P6,none,not an independent repository screen row,docs/master/REPO_AUDIT.md#Workflow steps,Reconcile the canonical workflow step in the 319-row workflow pass; do not create a route or screen solely because this alias appears in the screen array.,"catalog-data.js declares this row in addedScreens as a workflow-step projection. The canonical workflow item, not this duplicate screen alias, owns implementation and acceptance."
L-W006,L · Integrations,34,Rollback verified,workflow alias Controlled integration#16,Duplicate or superseded,P6,none,not an independent repository screen row,docs/master/REPO_AUDIT.md#Workflow steps,Reconcile the canonical workflow step in the 319-row workflow pass; do not create a route or screen solely because this alias appears in the screen array.,"catalog-data.js declares this row in addedScreens as a workflow-step projection. The canonical workflow item, not this duplicate screen alias, owns implementation and acceptance."
L-W007,L · Integrations,35,Domain inventory,workflow alias Domain migration#0,Duplicate or superseded,P6,none,not an independent repository screen row,docs/master/REPO_AUDIT.md#Workflow steps,Reconcile the canonical workflow step in the 319-row workflow pass; do not create a route or screen solely because this alias appears in the screen array.,"catalog-data.js declares this row in addedScreens as a workflow-step projection. The canonical workflow item, not this duplicate screen alias, owns implementation and acceptance."
L-W008,L · Integrations,36,Validation,workflow alias Domain migration#5,Duplicate or superseded,P6,none,not an independent repository screen row,docs/master/REPO_AUDIT.md#Workflow steps,Reconcile the canonical workflow step in the 319-row workflow pass; do not create a route or screen solely because this alias appears in the screen array.,"catalog-data.js declares this row in addedScreens as a workflow-step projection. The canonical workflow item, not this duplicate screen alias, owns implementation and acceptance."
L-W009,L · Integrations,37,Dual run,workflow alias Domain migration#8,Duplicate or superseded,P6,none,not an independent repository screen row,docs/master/REPO_AUDIT.md#Workflow steps,Reconcile the canonical workflow step in the 319-row workflow pass; do not create a route or screen solely because this alias appears in the screen array.,"catalog-data.js declares this row in addedScreens as a workflow-step projection. The canonical workflow item, not this duplicate screen alias, owns implementation and acceptance."
L-W010,L · Integrations,38,User acceptance,workflow alias Domain migration#9,Duplicate or superseded,P6,none,not an independent repository screen row,docs/master/REPO_AUDIT.md#Workflow steps,Reconcile the canonical workflow step in the 319-row workflow pass; do not create a route or screen solely because this alias appears in the screen array.,"catalog-data.js declares this row in addedScreens as a workflow-step projection. The canonical workflow item, not this duplicate screen alias, owns implementation and acceptance."
L-W011,L · Integrations,39,Cutover,workflow alias Domain migration#11,Duplicate or superseded,P6,none,not an independent repository screen row,docs/master/REPO_AUDIT.md#Workflow steps,Reconcile the canonical workflow step in the 319-row workflow pass; do not create a route or screen solely because this alias appears in the screen array.,"catalog-data.js declares this row in addedScreens as a workflow-step projection. The canonical workflow item, not this duplicate screen alias, owns implementation and acceptance."
L-W012,L · Integrations,40,Enhanced monitoring,workflow alias Domain migration#12,Duplicate or superseded,P6,none,not an independent repository screen row,docs/master/REPO_AUDIT.md#Workflow steps,Reconcile the canonical workflow step in the 319-row workflow pass; do not create a route or screen solely because this alias appears in the screen array.,"catalog-data.js declares this row in addedScreens as a workflow-step projection. The canonical workflow item, not this duplicate screen alias, owns implementation and acceptance."
L-W013,L · Integrations,41,Rollback window,workflow alias Domain migration#13,Duplicate or superseded,P6,none,not an independent repository screen row,docs/master/REPO_AUDIT.md#Workflow steps,Reconcile the canonical workflow step in the 319-row workflow pass; do not create a route or screen solely because this alias appears in the screen array.,"catalog-data.js declares this row in addedScreens as a workflow-step projection. The canonical workflow item, not this duplicate screen alias, owns implementation and acceptance."
L-W014,L · Integrations,42,Legacy retirement,workflow alias Domain migration#15,Duplicate or superseded,P6,none,not an independent repository screen row,docs/master/REPO_AUDIT.md#Workflow steps,Reconcile the canonical workflow step in the 319-row workflow pass; do not create a route or screen solely because this alias appears in the screen array.,"catalog-data.js declares this row in addedScreens as a workflow-step projection. The canonical workflow item, not this duplicate screen alias, owns implementation and acceptance."
L-W015,L · Integrations,43,Post-migration review,workflow alias Domain migration#16,Duplicate or superseded,P6,none,not an independent repository screen row,docs/master/REPO_AUDIT.md#Workflow steps,Reconcile the canonical workflow step in the 319-row workflow pass; do not create a route or screen solely because this alias appears in the screen array.,"catalog-data.js declares this row in addedScreens as a workflow-step projection. The canonical workflow item, not this duplicate screen alias, owns implementation and acceptance."
L-W016,L · Integrations,44,Partner applies,workflow alias Developer platform#0,Duplicate or superseded,P6,none,not an independent repository screen row,docs/master/REPO_AUDIT.md#Workflow steps,Reconcile the canonical workflow step in the 319-row workflow pass; do not create a route or screen solely because this alias appears in the screen array.,"catalog-data.js declares this row in addedScreens as a workflow-step projection. The canonical workflow item, not this duplicate screen alias, owns implementation and acceptance."
L-W017,L · Integrations,45,Partner agreement signed,workflow alias Developer platform#1,Duplicate or superseded,P6,none,not an independent repository screen row,docs/master/REPO_AUDIT.md#Workflow steps,Reconcile the canonical workflow step in the 319-row workflow pass; do not create a route or screen solely because this alias appears in the screen array.,"catalog-data.js declares this row in addedScreens as a workflow-step projection. The canonical workflow item, not this duplicate screen alias, owns implementation and acceptance."
L-W018,L · Integrations,46,Sandbox tenant created,workflow alias Developer platform#2,Duplicate or superseded,P6,none,not an independent repository screen row,docs/master/REPO_AUDIT.md#Workflow steps,Reconcile the canonical workflow step in the 319-row workflow pass; do not create a route or screen solely because this alias appears in the screen array.,"catalog-data.js declares this row in addedScreens as a workflow-step projection. The canonical workflow item, not this duplicate screen alias, owns implementation and acceptance."
L-W019,L · Integrations,47,Register OAuth client,workflow alias Developer platform#6,Duplicate or superseded,P6,none,not an independent repository screen row,docs/master/REPO_AUDIT.md#Workflow steps,Reconcile the canonical workflow step in the 319-row workflow pass; do not create a route or screen solely because this alias appears in the screen array.,"catalog-data.js declares this row in addedScreens as a workflow-step projection. The canonical workflow item, not this duplicate screen alias, owns implementation and acceptance."
L-W020,L · Integrations,48,Build against SDK,workflow alias Developer platform#8,Duplicate or superseded,P6,none,not an independent repository screen row,docs/master/REPO_AUDIT.md#Workflow steps,Reconcile the canonical workflow step in the 319-row workflow pass; do not create a route or screen solely because this alias appears in the screen array.,"catalog-data.js declares this row in addedScreens as a workflow-step projection. The canonical workflow item, not this duplicate screen alias, owns implementation and acceptance."
L-W021,L · Integrations,49,App review,workflow alias Developer platform#10,Duplicate or superseded,P6,none,not an independent repository screen row,docs/master/REPO_AUDIT.md#Workflow steps,Reconcile the canonical workflow step in the 319-row workflow pass; do not create a route or screen solely because this alias appears in the screen array.,"catalog-data.js declares this row in addedScreens as a workflow-step projection. The canonical workflow item, not this duplicate screen alias, owns implementation and acceptance."
L-W022,L · Integrations,50,Listed in marketplace,workflow alias Developer platform#11,Duplicate or superseded,P6,none,not an independent repository screen row,docs/master/REPO_AUDIT.md#Workflow steps,Reconcile the canonical workflow step in the 319-row workflow pass; do not create a route or screen solely because this alias appears in the screen array.,"catalog-data.js declares this row in addedScreens as a workflow-step projection. The canonical workflow item, not this duplicate screen alias, owns implementation and acceptance."
L-W023,L · Integrations,51,Institution enables app,workflow alias Developer platform#12,Duplicate or superseded,P6,none,not an independent repository screen row,docs/master/REPO_AUDIT.md#Workflow steps,Reconcile the canonical workflow step in the 319-row workflow pass; do not create a route or screen solely because this alias appears in the screen array.,"catalog-data.js declares this row in addedScreens as a workflow-step projection. The canonical workflow item, not this duplicate screen alias, owns implementation and acceptance."
L-W024,L · Integrations,52,Metering and billing,workflow alias Developer platform#13,Duplicate or superseded,P6,none,not an independent repository screen row,docs/master/REPO_AUDIT.md#Workflow steps,Reconcile the canonical workflow step in the 319-row workflow pass; do not create a route or screen solely because this alias appears in the screen array.,"catalog-data.js declares this row in addedScreens as a workflow-step projection. The canonical workflow item, not this duplicate screen alias, owns implementation and acceptance."
L-W025,L · Integrations,53,App retired,workflow alias Developer platform#15,Duplicate or superseded,P6,none,not an independent repository screen row,docs/master/REPO_AUDIT.md#Workflow steps,Reconcile the canonical workflow step in the 319-row workflow pass; do not create a route or screen solely because this alias appears in the screen array.,"catalog-data.js declares this row in addedScreens as a workflow-step projection. The canonical workflow item, not this duplicate screen alias, owns implementation and acceptance."
M-001,"M · Trust, privacy, security",1,Trust: Security overview,base catalog row,Existing but incomplete,P3,M-001,exists,`app/src/site/pages.tsx`; `company-site/site.js`,"Exact trust/privacy/security capability; evidence provenance and expiry, audited sensitive operation, recovery/rollback, denied/degraded states, policy and operator tests.",Exact exists row in the current repository catalog. That status does not verify the full vertical-slice completion contract.
M-002,"M · Trust, privacy, security",2,Trust: Privacy overview,base catalog row,Existing but incomplete,P3,M-002,exists,`app/src/site/pages.tsx`; `app/src/screens/Privacy.tsx`; `company-site/site.js`,"Exact trust/privacy/security capability; evidence provenance and expiry, audited sensitive operation, recovery/rollback, denied/degraded states, policy and operator tests.",Exact exists row in the current repository catalog. That status does not verify the full vertical-slice completion contract.
M-003,"M · Trust, privacy, security",3,Trust: Accessibility statement,base catalog row,Existing but incomplete,P3,M-003,exists,`app/src/site/pages.tsx`; `company-site/index.html`,"Exact trust/privacy/security capability; evidence provenance and expiry, audited sensitive operation, recovery/rollback, denied/degraded states, policy and operator tests.",Exact exists row in the current repository catalog. That status does not verify the full vertical-slice completion contract.
M-004,"M · Trust, privacy, security",4,Trust: Responsible AI,base catalog row,Existing but incomplete,P3,M-004,exists,`app/src/site/benchmark.tsx`; `company-site/site.js`,"Exact trust/privacy/security capability; evidence provenance and expiry, audited sensitive operation, recovery/rollback, denied/degraded states, policy and operator tests.",Exact exists row in the current repository catalog. That status does not verify the full vertical-slice completion contract.
M-005,"M · Trust, privacy, security",5,Trust: Data practices,base catalog row,Existing but incomplete,P3,M-005,exists,`app/src/site/benchmark.tsx`; `app/src/lib/transparency.ts`,"Exact trust/privacy/security capability; evidence provenance and expiry, audited sensitive operation, recovery/rollback, denied/degraded states, policy and operator tests.",Exact exists row in the current repository catalog. That status does not verify the full vertical-slice completion contract.
M-006,"M · Trust, privacy, security",6,Trust: Retention/deletion,base catalog row,Existing but incomplete,P3,M-006,exists,`company-site/site.js`; `app/src/site/benchmark.tsx`,"Exact trust/privacy/security capability; evidence provenance and expiry, audited sensitive operation, recovery/rollback, denied/degraded states, policy and operator tests.",Exact exists row in the current repository catalog. That status does not verify the full vertical-slice completion contract.
M-007,"M · Trust, privacy, security",7,Trust: Subprocessors,base catalog row,Existing but incomplete,P3,M-007,exists,`company-site/site.js`; `app/src/lib/trust/subprocessors.ts`,"Exact trust/privacy/security capability; evidence provenance and expiry, audited sensitive operation, recovery/rollback, denied/degraded states, policy and operator tests.",Exact exists row in the current repository catalog. That status does not verify the full vertical-slice completion contract.
M-008,"M · Trust, privacy, security",8,Trust: Status,base catalog row,Existing but incomplete,P3,M-008,exists,`app/public/status.html`; `app/public/status-incidents.json`; `company-site/index.html`,"Exact trust/privacy/security capability; evidence provenance and expiry, audited sensitive operation, recovery/rollback, denied/degraded states, policy and operator tests.",Exact exists row in the current repository catalog. That status does not verify the full vertical-slice completion contract.
M-009,"M · Trust, privacy, security",9,Trust: Compliance roadmap,base catalog row,Existing but incomplete,P3,M-009,exists,`company-site/index.html`; `app/src/site/pages.tsx`,"Exact trust/privacy/security capability; evidence provenance and expiry, audited sensitive operation, recovery/rollback, denied/degraded states, policy and operator tests.",Exact exists row in the current repository catalog. That status does not verify the full vertical-slice completion contract.
M-010,"M · Trust, privacy, security",10,Trust: HECVAT readiness,base catalog row,Existing but incomplete,P3,M-010,exists,`company-site/index.html`; `app/src/components/institutional/StandardsAudit.tsx`,"Exact trust/privacy/security capability; evidence provenance and expiry, audited sensitive operation, recovery/rollback, denied/degraded states, policy and operator tests.",Exact exists row in the current repository catalog. That status does not verify the full vertical-slice completion contract.
M-011,"M · Trust, privacy, security",11,Trust: DPA process,base catalog row,Existing but incomplete,P3,M-011,partial,`company-site/index.html`; `supabase/functions/lead-intake/index.ts`,"Exact trust/privacy/security capability; evidence provenance and expiry, audited sensitive operation, recovery/rollback, denied/degraded states, policy and operator tests.",Exact partial row in the current repository catalog. That status does not verify the full vertical-slice completion contract.
M-012,"M · Trust, privacy, security",12,Trust: Questionnaire request,base catalog row,Existing but incomplete,P3,M-012,exists,`company-site/index.html`; `supabase/functions/lead-intake/index.ts`,"Exact trust/privacy/security capability; evidence provenance and expiry, audited sensitive operation, recovery/rollback, denied/degraded states, policy and operator tests.",Exact exists row in the current repository catalog. That status does not verify the full vertical-slice completion contract.
M-013,"M · Trust, privacy, security",13,Trust: Trust room request,base catalog row,Existing but incomplete,P3,M-013,exists,`company-site/index.html`; `app/src/screens/TrustRoom.tsx`; `supabase/functions/trust-room/index.ts`,"Exact trust/privacy/security capability; evidence provenance and expiry, audited sensitive operation, recovery/rollback, denied/degraded states, policy and operator tests.",Exact exists row in the current repository catalog. That status does not verify the full vertical-slice completion contract.
M-014,"M · Trust, privacy, security",14,Trust: Vulnerability disclosure,base catalog row,Existing but incomplete,P3,M-014,exists,`app/public/.well-known/security.txt`; `app/src/site/pages.tsx`; `company-site/site.js`,"Exact trust/privacy/security capability; evidence provenance and expiry, audited sensitive operation, recovery/rollback, denied/degraded states, policy and operator tests.",Exact exists row in the current repository catalog. That status does not verify the full vertical-slice completion contract.
M-015,"M · Trust, privacy, security",15,Sec: Overview,base catalog row,Existing but incomplete,P3,M-015,partial,`app/src/screens/Console.tsx`; `app/src/components/console/CommandCenter.tsx`,"Exact trust/privacy/security capability; evidence provenance and expiry, audited sensitive operation, recovery/rollback, denied/degraded states, policy and operator tests.",Exact partial row in the current repository catalog. That status does not verify the full vertical-slice completion contract.
M-016,"M · Trust, privacy, security",16,Sec: Asset inventory,base catalog row,Missing and in scope,P3,M-016,missing,app/src/components/console/; app/src/lib/governance/,"Exact trust/privacy/security capability; evidence provenance and expiry, audited sensitive operation, recovery/rollback, denied/degraded states, policy and operator tests.",The current repository catalog records this item as absent; current scope permits a bounded implementation subject to the recorded dependencies and acceptance contract.
M-017,"M · Trust, privacy, security",17,Sec: Access review,base catalog row,Existing but incomplete,P3,M-017,partial,`app/src/components/console/Approvals.tsx`; `app/src/lib/ops/console.ts`,"Exact trust/privacy/security capability; evidence provenance and expiry, audited sensitive operation, recovery/rollback, denied/degraded states, policy and operator tests.",Exact partial row in the current repository catalog. That status does not verify the full vertical-slice completion contract.
M-018,"M · Trust, privacy, security",18,Sec: Secret inventory,base catalog row,Missing and in scope,P3,M-018,missing,app/src/components/console/; app/src/lib/governance/,"Exact trust/privacy/security capability; evidence provenance and expiry, audited sensitive operation, recovery/rollback, denied/degraded states, policy and operator tests.",The current repository catalog records this item as absent; current scope permits a bounded implementation subject to the recorded dependencies and acceptance contract.
M-019,"M · Trust, privacy, security",19,Sec: Vulnerability management,base catalog row,Existing but incomplete,P3,M-019,partial,`.github/workflows/codeql.yml`; `.github/workflows/hawkscan.yml`; `SECURITY.md`,"Exact trust/privacy/security capability; evidence provenance and expiry, audited sensitive operation, recovery/rollback, denied/degraded states, policy and operator tests.",Exact partial row in the current repository catalog. That status does not verify the full vertical-slice completion contract.
M-020,"M · Trust, privacy, security",20,Sec: Dependency findings,base catalog row,Existing but incomplete,P3,M-020,partial,`.github/dependabot.yml`; `.github/workflows/supply-chain.yml`; `.github/workflows/codeql.yml`,"Exact trust/privacy/security capability; evidence provenance and expiry, audited sensitive operation, recovery/rollback, denied/degraded states, policy and operator tests.",Exact partial row in the current repository catalog. That status does not verify the full vertical-slice completion contract.
M-021,"M · Trust, privacy, security",21,Sec: Alerts,base catalog row,Existing but incomplete,P3,M-021,partial,`app/src/components/console/CommandCenter.tsx`; `supabase/migrations/20260930173030_console_command_center.sql`,"Exact trust/privacy/security capability; evidence provenance and expiry, audited sensitive operation, recovery/rollback, denied/degraded states, policy and operator tests.",Exact partial row in the current repository catalog. That status does not verify the full vertical-slice completion contract.
M-022,"M · Trust, privacy, security",22,Sec: Threat models,base catalog row,Missing and in scope,P3,M-022,missing,app/src/components/console/; app/src/lib/governance/,"Exact trust/privacy/security capability; evidence provenance and expiry, audited sensitive operation, recovery/rollback, denied/degraded states, policy and operator tests.",The current repository catalog records this item as absent; current scope permits a bounded implementation subject to the recorded dependencies and acceptance contract.
M-023,"M · Trust, privacy, security",23,Sec: Incident queue,base catalog row,Existing but incomplete,P3,M-023,partial,`app/src/components/StatusNotice.tsx`; `app/src/components/institutional/TrustDashboard.tsx`,"Exact trust/privacy/security capability; evidence provenance and expiry, audited sensitive operation, recovery/rollback, denied/degraded states, policy and operator tests.",Exact partial row in the current repository catalog. That status does not verify the full vertical-slice completion contract.
M-024,"M · Trust, privacy, security",24,Sec: Incident command center,base catalog row,Existing but incomplete,P3,M-024,partial,`app/src/lib/ops/incidentplaybooks.ts`,"Exact trust/privacy/security capability; evidence provenance and expiry, audited sensitive operation, recovery/rollback, denied/degraded states, policy and operator tests.",Exact partial row in the current repository catalog. That status does not verify the full vertical-slice completion contract.
M-025,"M · Trust, privacy, security",25,Sec: Controls,base catalog row,Existing but incomplete,P3,M-025,exists,`app/src/components/console/StandardsCrosswalk.tsx`; `app/src/components/institutional/StandardsAudit.tsx`,"Exact trust/privacy/security capability; evidence provenance and expiry, audited sensitive operation, recovery/rollback, denied/degraded states, policy and operator tests.",Exact exists row in the current repository catalog. That status does not verify the full vertical-slice completion contract.
M-026,"M · Trust, privacy, security",26,Sec: Control evidence,base catalog row,Existing but incomplete,P3,M-026,exists,`app/src/components/console/Evidence.tsx`; `app/src/lib/ops/evidence.ts`,"Exact trust/privacy/security capability; evidence provenance and expiry, audited sensitive operation, recovery/rollback, denied/degraded states, policy and operator tests.",Exact exists row in the current repository catalog. That status does not verify the full vertical-slice completion contract.
M-027,"M · Trust, privacy, security",27,Sec: Pen-test evidence,base catalog row,"Blocked by external authority, credentials, vendor, environment, legal review, staffing, or institutional decision",P3,M-027,missing,app/src/components/console/; app/src/lib/governance/,"Exact trust/privacy/security capability; evidence provenance and expiry, audited sensitive operation, recovery/rollback, denied/degraded states, policy and operator tests.",Penetration-test evidence must come from an actual authorized assessment; the repository cannot self-create assurance evidence.
M-028,"M · Trust, privacy, security",28,Sec: Vendor risk,base catalog row,Missing and in scope,P3,M-028,missing,app/src/components/console/; app/src/lib/governance/,"Exact trust/privacy/security capability; evidence provenance and expiry, audited sensitive operation, recovery/rollback, denied/degraded states, policy and operator tests.",The current repository catalog records this item as absent; current scope permits a bounded implementation subject to the recorded dependencies and acceptance contract.
M-029,"M · Trust, privacy, security",29,Sec: Exceptions,base catalog row,Existing but incomplete,P3,M-029,partial,`app/src/components/console/CommandCenter.tsx`,"Exact trust/privacy/security capability; evidence provenance and expiry, audited sensitive operation, recovery/rollback, denied/degraded states, policy and operator tests.",Exact partial row in the current repository catalog. That status does not verify the full vertical-slice completion contract.
M-030,"M · Trust, privacy, security",30,Sec: Audit log,base catalog row,Existing but incomplete,P3,M-030,exists,`app/src/components/console/Audit.tsx`; `app/src/screens/Console.tsx`,"Exact trust/privacy/security capability; evidence provenance and expiry, audited sensitive operation, recovery/rollback, denied/degraded states, policy and operator tests.",Exact exists row in the current repository catalog. That status does not verify the full vertical-slice completion contract.
M-031,"M · Trust, privacy, security",31,Sec: Break-glass review,base catalog row,Existing but incomplete,P3,M-031,exists,`app/src/components/console/BreakGlass.tsx`; `app/src/screens/Console.tsx`,"Exact trust/privacy/security capability; evidence provenance and expiry, audited sensitive operation, recovery/rollback, denied/degraded states, policy and operator tests.",Exact exists row in the current repository catalog. That status does not verify the full vertical-slice completion contract.
M-032,"M · Trust, privacy, security",32,Sec: Backup/restore evidence,base catalog row,Existing but incomplete,P3,M-032,partial,`app/src/lib/ops/evidence.ts`; `supabase/migrations/20260930173030_console_command_center.sql`,"Exact trust/privacy/security capability; evidence provenance and expiry, audited sensitive operation, recovery/rollback, denied/degraded states, policy and operator tests.",Exact partial row in the current repository catalog. That status does not verify the full vertical-slice completion contract.
M-033,"M · Trust, privacy, security",33,Sec: Disaster recovery,base catalog row,Existing but incomplete,P3,M-033,partial,`company-site/site.js`; `RESTORE.md`,"Exact trust/privacy/security capability; evidence provenance and expiry, audited sensitive operation, recovery/rollback, denied/degraded states, policy and operator tests.",Exact partial row in the current repository catalog. That status does not verify the full vertical-slice completion contract.
M-034,"M · Trust, privacy, security",34,Sec: Reporting,base catalog row,Existing but incomplete,P3,M-034,partial,`app/src/components/console/Figures.tsx`; `app/src/components/institutional/StandardsAudit.tsx`,"Exact trust/privacy/security capability; evidence provenance and expiry, audited sensitive operation, recovery/rollback, denied/degraded states, policy and operator tests.",Exact partial row in the current repository catalog. That status does not verify the full vertical-slice completion contract.
M-035,"M · Trust, privacy, security",35,Priv: Data inventory,base catalog row,Existing but incomplete,P3,M-035,partial,`app/src/screens/Data.tsx`; `app/src/lib/inventory.ts`; `app/src/site/benchmark.tsx`,"Exact trust/privacy/security capability; evidence provenance and expiry, audited sensitive operation, recovery/rollback, denied/degraded states, policy and operator tests.",Exact partial row in the current repository catalog. That status does not verify the full vertical-slice completion contract.
M-036,"M · Trust, privacy, security",36,Priv: Data map,base catalog row,Existing but incomplete,P3,M-036,exists,`app/src/components/institutional/StandardsAudit.tsx`; `app/src/lib/trust/education-data-map.ts`,"Exact trust/privacy/security capability; evidence provenance and expiry, audited sensitive operation, recovery/rollback, denied/degraded states, policy and operator tests.",Exact exists row in the current repository catalog. That status does not verify the full vertical-slice completion contract.
M-037,"M · Trust, privacy, security",37,Priv: Classification rules,base catalog row,Existing but incomplete,P3,M-037,partial,`app/src/lib/integration/classification.ts`; `app/src/components/institutional/StandardsAudit.tsx`,"Exact trust/privacy/security capability; evidence provenance and expiry, audited sensitive operation, recovery/rollback, denied/degraded states, policy and operator tests.",Exact partial row in the current repository catalog. That status does not verify the full vertical-slice completion contract.
M-038,"M · Trust, privacy, security",38,Priv: Retention schedule,base catalog row,Existing but incomplete,P3,M-038,partial,`RETENTION.md`; `app/src/site/benchmark.tsx`; `app/src/lib/config/studio.ts`,"Exact trust/privacy/security capability; evidence provenance and expiry, audited sensitive operation, recovery/rollback, denied/degraded states, policy and operator tests.",Exact partial row in the current repository catalog. That status does not verify the full vertical-slice completion contract.
M-039,"M · Trust, privacy, security",39,Priv: Deletion runs,base catalog row,Existing but incomplete,P3,M-039,partial,`supabase/migrations/20261001170000_integration_governance_writes.sql`; `app/src/community/client.ts`,"Exact trust/privacy/security capability; evidence provenance and expiry, audited sensitive operation, recovery/rollback, denied/degraded states, policy and operator tests.",Exact partial row in the current repository catalog. That status does not verify the full vertical-slice completion contract.
M-040,"M · Trust, privacy, security",40,Priv: Legal holds,base catalog row,Existing but incomplete,P3,M-040,partial,`supabase/migrations/20260930100000_legal_holds.sql`,"Exact trust/privacy/security capability; evidence provenance and expiry, audited sensitive operation, recovery/rollback, denied/degraded states, policy and operator tests.",Exact partial row in the current repository catalog. That status does not verify the full vertical-slice completion contract.
M-041,"M · Trust, privacy, security",41,Priv: Data subject requests,base catalog row,Existing but incomplete,P3,M-041,partial,`app/src/components/DataRightsRequests.tsx`; `app/src/lib/data-rights.ts`; `supabase/migrations/20261004200000_answer_data_subject_requests.sql`,"Exact trust/privacy/security capability; evidence provenance and expiry, audited sensitive operation, recovery/rollback, denied/degraded states, policy and operator tests.",Exact partial row in the current repository catalog. That status does not verify the full vertical-slice completion contract.
M-042,"M · Trust, privacy, security",42,Priv: Export requests,base catalog row,Existing but incomplete,P3,M-042,exists,`app/src/screens/Privacy.tsx`; `supabase/migrations/20260930000000_audit_and_subject_requests.sql`,"Exact trust/privacy/security capability; evidence provenance and expiry, audited sensitive operation, recovery/rollback, denied/degraded states, policy and operator tests.",Exact exists row in the current repository catalog. That status does not verify the full vertical-slice completion contract.
M-043,"M · Trust, privacy, security",43,Priv: Erasure requests,base catalog row,Existing but incomplete,P3,M-043,exists,`app/src/screens/Privacy.tsx`; `supabase/functions/delete-account/index.ts`,"Exact trust/privacy/security capability; evidence provenance and expiry, audited sensitive operation, recovery/rollback, denied/degraded states, policy and operator tests.",Exact exists row in the current repository catalog. That status does not verify the full vertical-slice completion contract.
M-044,"M · Trust, privacy, security",44,Priv: Consent records,base catalog row,Existing but incomplete,P3,M-044,partial,`app/src/components/SchoolRecords.tsx`; `app/src/lib/integration/school-records.ts`,"Exact trust/privacy/security capability; evidence provenance and expiry, audited sensitive operation, recovery/rollback, denied/degraded states, policy and operator tests.",Exact partial row in the current repository catalog. That status does not verify the full vertical-slice completion contract.
M-045,"M · Trust, privacy, security",45,Priv: Subprocessor records,base catalog row,Existing but incomplete,P3,M-045,partial,`app/src/lib/trust/subprocessors.ts`; `company-site/site.js`,"Exact trust/privacy/security capability; evidence provenance and expiry, audited sensitive operation, recovery/rollback, denied/degraded states, policy and operator tests.",Exact partial row in the current repository catalog. That status does not verify the full vertical-slice completion contract.
M-046,"M · Trust, privacy, security",46,Priv: Incidents,base catalog row,Existing but incomplete,P3,M-046,partial,`supabase/migrations/20260927235000_governance_registries.sql`; `app/src/components/StatusNotice.tsx`,"Exact trust/privacy/security capability; evidence provenance and expiry, audited sensitive operation, recovery/rollback, denied/degraded states, policy and operator tests.",Exact partial row in the current repository catalog. That status does not verify the full vertical-slice completion contract.
M-047,"M · Trust, privacy, security",47,Priv: Impact assessments,base catalog row,Existing but incomplete,P3,M-047,partial,`app/src/lib/governance/pia.ts`,"Exact trust/privacy/security capability; evidence provenance and expiry, audited sensitive operation, recovery/rollback, denied/degraded states, policy and operator tests.",Exact partial row in the current repository catalog. That status does not verify the full vertical-slice completion contract.
M-048,"M · Trust, privacy, security",48,Priv: Reporting,base catalog row,Missing and in scope,P3,M-048,missing,app/src/components/console/; app/src/lib/governance/,"Exact trust/privacy/security capability; evidence provenance and expiry, audited sensitive operation, recovery/rollback, denied/degraded states, policy and operator tests.",The current repository catalog records this item as absent; current scope permits a bounded implementation subject to the recorded dependencies and acceptance contract.
N-001,N · Operations Command Center (/ops),1,Executive Overview,base catalog row,Existing but incomplete,P3,N-001,partial,`app/src/screens/Console.tsx`; `app/src/components/console/CommandCenter.tsx`; `app/src/components/console/Figures.tsx`,"Exact console action capability beyond console shell access; customer-data boundary, audit-before-action, idempotency/recovery, denied/degraded states and operator tests.",Exact partial row in the current repository catalog. That status does not verify the full vertical-slice completion contract.
N-002,N · Operations Command Center (/ops),2,Operations Inbox,base catalog row,Existing but incomplete,P3,N-002,partial,`app/src/components/console/CommandCenter.tsx`; `app/src/lib/console/client.ts`,"Exact console action capability beyond console shell access; customer-data boundary, audit-before-action, idempotency/recovery, denied/degraded states and operator tests.",Exact partial row in the current repository catalog. That status does not verify the full vertical-slice completion contract.
N-003,N · Operations Command Center (/ops),3,My Work,base catalog row,Missing and in scope,P3,N-003,missing,app/src/components/console/; app/src/lib/console/,"Exact console action capability beyond console shell access; customer-data boundary, audit-before-action, idempotency/recovery, denied/degraded states and operator tests.",The current repository catalog records this item as absent; current scope permits a bounded implementation subject to the recorded dependencies and acceptance contract.
N-004,N · Operations Command Center (/ops),4,Approvals,base catalog row,Existing but incomplete,P3,N-004,exists,`app/src/components/console/Approvals.tsx`; `app/src/screens/Console.tsx`; `app/src/lib/console/client.ts`,"Exact console action capability beyond console shell access; customer-data boundary, audit-before-action, idempotency/recovery, denied/degraded states and operator tests.",Exact exists row in the current repository catalog. That status does not verify the full vertical-slice completion contract.
N-005,N · Operations Command Center (/ops),5,Approval request detail,base catalog row,Existing but incomplete,P3,N-005,exists,`app/src/components/console/Approvals.tsx`,"Exact console action capability beyond console shell access; customer-data boundary, audit-before-action, idempotency/recovery, denied/degraded states and operator tests.",Exact exists row in the current repository catalog. That status does not verify the full vertical-slice completion contract.
N-006,N · Operations Command Center (/ops),6,Tenant Directory,base catalog row,Existing but incomplete,P3,N-006,partial,`app/src/components/console/Customers.tsx`; `app/src/lib/ops/console.ts`,"Exact console action capability beyond console shell access; customer-data boundary, audit-before-action, idempotency/recovery, denied/degraded states and operator tests.",Exact partial row in the current repository catalog. That status does not verify the full vertical-slice completion contract.
N-007,N · Operations Command Center (/ops),7,Tenant 360,base catalog row,Existing but incomplete,P3,N-007,partial,`app/src/components/console/Customers.tsx`; `app/src/screens/Console.tsx`,"Exact console action capability beyond console shell access; customer-data boundary, audit-before-action, idempotency/recovery, denied/degraded states and operator tests.",Exact partial row in the current repository catalog. That status does not verify the full vertical-slice completion contract.
N-008,N · Operations Command Center (/ops),8,Customer Directory,base catalog row,Existing but incomplete,P3,N-008,exists,`app/src/components/console/Customers.tsx`; `app/src/lib/console/client.ts`,"Exact console action capability beyond console shell access; customer-data boundary, audit-before-action, idempotency/recovery, denied/degraded states and operator tests.",Exact exists row in the current repository catalog. That status does not verify the full vertical-slice completion contract.
N-009,N · Operations Command Center (/ops),9,Customer 360,base catalog row,Existing but incomplete,P3,N-009,partial,`app/src/components/console/Customers.tsx`,"Exact console action capability beyond console shell access; customer-data boundary, audit-before-action, idempotency/recovery, denied/degraded states and operator tests.",Exact partial row in the current repository catalog. That status does not verify the full vertical-slice completion contract.
N-010,N · Operations Command Center (/ops),10,GTM Pipeline,base catalog row,Existing but incomplete,P3,N-010,partial,`app/src/lib/gtm/stages.ts`; `supabase/migrations/20260928090000_gtm_foundation.sql`; `docs/business/sales/CRM_PIPELINE_DEFINITION.md`,"Exact console action capability beyond console shell access; customer-data boundary, audit-before-action, idempotency/recovery, denied/degraded states and operator tests.",Exact partial row in the current repository catalog. That status does not verify the full vertical-slice completion contract.
N-011,N · Operations Command Center (/ops),11,Accounts,base catalog row,Existing but incomplete,P3,N-011,partial,`supabase/migrations/20260928090000_gtm_foundation.sql`; `app/src/lib/gtm/stages.ts`,"Exact console action capability beyond console shell access; customer-data boundary, audit-before-action, idempotency/recovery, denied/degraded states and operator tests.",Exact partial row in the current repository catalog. That status does not verify the full vertical-slice completion contract.
N-012,N · Operations Command Center (/ops),12,Stakeholders,base catalog row,Existing but incomplete,P3,N-012,partial,`supabase/migrations/20260928090000_gtm_foundation.sql`; `app/src/lib/gtm/pilot.ts`,"Exact console action capability beyond console shell access; customer-data boundary, audit-before-action, idempotency/recovery, denied/degraded states and operator tests.",Exact partial row in the current repository catalog. That status does not verify the full vertical-slice completion contract.
N-013,N · Operations Command Center (/ops),13,Decision log,base catalog row,Existing but incomplete,P3,N-013,partial,`supabase/migrations/20260928090000_gtm_foundation.sql`; `app/src/lib/ops/decisionlog.ts`; `docs/DECISION-LOG.md`,"Exact console action capability beyond console shell access; customer-data boundary, audit-before-action, idempotency/recovery, denied/degraded states and operator tests.",Exact partial row in the current repository catalog. That status does not verify the full vertical-slice completion contract.
N-014,N · Operations Command Center (/ops),14,Pilot Workspace,base catalog row,Existing but incomplete,P3,N-014,partial,`supabase/migrations/20260929140000_gtm_pilot_26_weeks.sql`; `app/src/lib/gtm/pilot.ts`; `supabase/migrations/20260928090000_gtm_foundation.sql`,"Exact console action capability beyond console shell access; customer-data boundary, audit-before-action, idempotency/recovery, denied/degraded states and operator tests.",Exact partial row in the current repository catalog. That status does not verify the full vertical-slice completion contract.
N-015,N · Operations Command Center (/ops),15,Pilot metrics,base catalog row,Existing but incomplete,P3,N-015,partial,`supabase/migrations/20260928090000_gtm_foundation.sql`; `app/src/lib/gtm/kpi.ts`,"Exact console action capability beyond console shell access; customer-data boundary, audit-before-action, idempotency/recovery, denied/degraded states and operator tests.",Exact partial row in the current repository catalog. That status does not verify the full vertical-slice completion contract.
N-016,N · Operations Command Center (/ops),16,Pilot outcomes,base catalog row,Existing but incomplete,P3,N-016,partial,`supabase/migrations/20260928090000_gtm_foundation.sql`; `docs/business/templates/FINAL_VALUE_REPORT.md`,"Exact console action capability beyond console shell access; customer-data boundary, audit-before-action, idempotency/recovery, denied/degraded states and operator tests.",Exact partial row in the current repository catalog. That status does not verify the full vertical-slice completion contract.
N-017,N · Operations Command Center (/ops),17,Implementation projects,base catalog row,Existing but incomplete,P3,N-017,partial,`supabase/migrations/20260929070000_commercial_core.sql`,"Exact console action capability beyond console shell access; customer-data boundary, audit-before-action, idempotency/recovery, denied/degraded states and operator tests.",Exact partial row in the current repository catalog. That status does not verify the full vertical-slice completion contract.
N-018,N · Operations Command Center (/ops),18,Implementation milestones,base catalog row,Existing but incomplete,P3,N-018,partial,`supabase/migrations/20260929070000_commercial_core.sql`,"Exact console action capability beyond console shell access; customer-data boundary, audit-before-action, idempotency/recovery, denied/degraded states and operator tests.",Exact partial row in the current repository catalog. That status does not verify the full vertical-slice completion contract.
N-019,N · Operations Command Center (/ops),19,Success plans,base catalog row,Existing but incomplete,P3,N-019,partial,`supabase/migrations/20260929070000_commercial_core.sql`; `docs/business/customer-success/PILOT_SUCCESS_PLAN.md`,"Exact console action capability beyond console shell access; customer-data boundary, audit-before-action, idempotency/recovery, denied/degraded states and operator tests.",Exact partial row in the current repository catalog. That status does not verify the full vertical-slice completion contract.
N-020,N · Operations Command Center (/ops),20,QBRs,base catalog row,Existing but incomplete,P3,N-020,partial,`supabase/migrations/20260929070000_commercial_core.sql`; `docs/business/templates/QBR_TEMPLATE.md`,"Exact console action capability beyond console shell access; customer-data boundary, audit-before-action, idempotency/recovery, denied/degraded states and operator tests.",Exact partial row in the current repository catalog. That status does not verify the full vertical-slice completion contract.
N-021,N · Operations Command Center (/ops),21,Renewals,base catalog row,Existing but incomplete,P3,N-021,partial,`supabase/migrations/20260929070000_commercial_core.sql`; `docs/business/customer-success/RENEWAL_AND_EXPANSION_PLAYBOOK.md`,"Exact console action capability beyond console shell access; customer-data boundary, audit-before-action, idempotency/recovery, denied/degraded states and operator tests.",Exact partial row in the current repository catalog. That status does not verify the full vertical-slice completion contract.
N-022,N · Operations Command Center (/ops),22,Account health,base catalog row,Existing but incomplete,P3,N-022,partial,`supabase/migrations/20260929070000_commercial_core.sql`; `docs/business/customer-success/CUSTOMER_HEALTH_SCORE.md`,"Exact console action capability beyond console shell access; customer-data boundary, audit-before-action, idempotency/recovery, denied/degraded states and operator tests.",Exact partial row in the current repository catalog. That status does not verify the full vertical-slice completion contract.
N-023,N · Operations Command Center (/ops),23,Revenue operations,base catalog row,Existing but incomplete,P3,N-023,partial,`docs/operations/company-operations-console.md`; `app/src/finance/FinancialModel.tsx`; `supabase/migrations/20260929070000_commercial_core.sql`,"Exact console action capability beyond console shell access; customer-data boundary, audit-before-action, idempotency/recovery, denied/degraded states and operator tests.",Exact partial row in the current repository catalog. That status does not verify the full vertical-slice completion contract.
N-024,N · Operations Command Center (/ops),24,Products,base catalog row,Existing but incomplete,P3,N-024,partial,`supabase/migrations/20260929070000_commercial_core.sql`; `app/src/lib/membership.ts`,"Exact console action capability beyond console shell access; customer-data boundary, audit-before-action, idempotency/recovery, denied/degraded states and operator tests.",Exact partial row in the current repository catalog. That status does not verify the full vertical-slice completion contract.
N-025,N · Operations Command Center (/ops),25,Plans,base catalog row,Existing but incomplete,P3,N-025,partial,`supabase/migrations/20260929070000_commercial_core.sql`,"Exact console action capability beyond console shell access; customer-data boundary, audit-before-action, idempotency/recovery, denied/degraded states and operator tests.",Exact partial row in the current repository catalog. That status does not verify the full vertical-slice completion contract.
N-026,N · Operations Command Center (/ops),26,Prices,base catalog row,Existing but incomplete,P3,N-026,partial,`supabase/migrations/20260929070000_commercial_core.sql`; `app/src/lib/membership.ts`,"Exact console action capability beyond console shell access; customer-data boundary, audit-before-action, idempotency/recovery, denied/degraded states and operator tests.",Exact partial row in the current repository catalog. That status does not verify the full vertical-slice completion contract.
N-027,N · Operations Command Center (/ops),27,Quotes,base catalog row,Existing but incomplete,P3,N-027,partial,`supabase/migrations/20260929070000_commercial_core.sql`; `app/src/lib/governance/deal-desk.ts`,"Exact console action capability beyond console shell access; customer-data boundary, audit-before-action, idempotency/recovery, denied/degraded states and operator tests.",Exact partial row in the current repository catalog. That status does not verify the full vertical-slice completion contract.
N-028,N · Operations Command Center (/ops),28,Contracts,base catalog row,Existing but incomplete,P3,N-028,partial,`app/src/components/console/Customers.tsx`; `supabase/migrations/20260929070000_commercial_core.sql`,"Exact console action capability beyond console shell access; customer-data boundary, audit-before-action, idempotency/recovery, denied/degraded states and operator tests.",Exact partial row in the current repository catalog. That status does not verify the full vertical-slice completion contract.
N-029,N · Operations Command Center (/ops),29,Subscriptions,base catalog row,Existing but incomplete,P3,N-029,partial,`supabase/migrations/20260929070000_commercial_core.sql`; `app/src/components/MembershipPanel.tsx`,"Exact console action capability beyond console shell access; customer-data boundary, audit-before-action, idempotency/recovery, denied/degraded states and operator tests.",Exact partial row in the current repository catalog. That status does not verify the full vertical-slice completion contract.
N-030,N · Operations Command Center (/ops),30,Entitlements,base catalog row,Existing but incomplete,P3,N-030,partial,`supabase/migrations/20260929070000_commercial_core.sql`; `docs/ENTITLEMENT-RESOLUTION.md`,"Exact console action capability beyond console shell access; customer-data boundary, audit-before-action, idempotency/recovery, denied/degraded states and operator tests.",Exact partial row in the current repository catalog. That status does not verify the full vertical-slice completion contract.
N-031,N · Operations Command Center (/ops),31,Invoices,base catalog row,Existing but incomplete,P3,N-031,partial,`supabase/migrations/20260929070000_commercial_core.sql`; `supabase/migrations/20261003083000_billing_tax_integrity.sql`,"Exact console action capability beyond console shell access; customer-data boundary, audit-before-action, idempotency/recovery, denied/degraded states and operator tests.",Exact partial row in the current repository catalog. That status does not verify the full vertical-slice completion contract.
N-032,N · Operations Command Center (/ops),32,Payments,base catalog row,Existing but incomplete,P3,N-032,partial,`supabase/migrations/20260929070000_commercial_core.sql`; `supabase/functions/billing-webhook/index.ts`,"Exact console action capability beyond console shell access; customer-data boundary, audit-before-action, idempotency/recovery, denied/degraded states and operator tests.",Exact partial row in the current repository catalog. That status does not verify the full vertical-slice completion contract.
N-033,N · Operations Command Center (/ops),33,Refunds/credits,base catalog row,Existing but incomplete,P3,N-033,partial,`supabase/migrations/20260929070000_commercial_core.sql`; `app/src/lib/ops/console.ts`,"Exact console action capability beyond console shell access; customer-data boundary, audit-before-action, idempotency/recovery, denied/degraded states and operator tests.",Exact partial row in the current repository catalog. That status does not verify the full vertical-slice completion contract.
N-034,N · Operations Command Center (/ops),34,Dunning,base catalog row,Existing but incomplete,P3,N-034,partial,`supabase/migrations/20260929070000_commercial_core.sql`; `supabase/migrations/20261003083000_billing_tax_integrity.sql`,"Exact console action capability beyond console shell access; customer-data boundary, audit-before-action, idempotency/recovery, denied/degraded states and operator tests.",Exact partial row in the current repository catalog. That status does not verify the full vertical-slice completion contract.
N-035,N · Operations Command Center (/ops),35,Cancellations,base catalog row,Existing but incomplete,P3,N-035,partial,`supabase/migrations/20260929070000_commercial_core.sql`; `supabase/functions/billing-cancel/index.ts`; `app/src/components/MembershipPanel.tsx`,"Exact console action capability beyond console shell access; customer-data boundary, audit-before-action, idempotency/recovery, denied/degraded states and operator tests.",Exact partial row in the current repository catalog. That status does not verify the full vertical-slice completion contract.
N-036,N · Operations Command Center (/ops),36,Support operations,base catalog row,Existing but incomplete,P3,N-036,partial,`app/src/components/console/SupportQueue.tsx`; `app/src/screens/Console.tsx`,"Exact console action capability beyond console shell access; customer-data boundary, audit-before-action, idempotency/recovery, denied/degraded states and operator tests.",Exact partial row in the current repository catalog. That status does not verify the full vertical-slice completion contract.
N-037,N · Operations Command Center (/ops),37,Ticket queue,base catalog row,Existing but incomplete,P3,N-037,exists,`app/src/components/console/SupportQueue.tsx`; `app/src/components/console/supportqueue.test.tsx`,"Exact console action capability beyond console shell access; customer-data boundary, audit-before-action, idempotency/recovery, denied/degraded states and operator tests.",Exact exists row in the current repository catalog. That status does not verify the full vertical-slice completion contract.
N-038,N · Operations Command Center (/ops),38,Ticket detail,base catalog row,Existing but incomplete,P3,N-038,exists,`app/src/components/console/SupportQueue.tsx`,"Exact console action capability beyond console shell access; customer-data boundary, audit-before-action, idempotency/recovery, denied/degraded states and operator tests.",Exact exists row in the current repository catalog. That status does not verify the full vertical-slice completion contract.
N-039,N · Operations Command Center (/ops),39,Escalations,base catalog row,Existing but incomplete,P3,N-039,partial,`app/src/screens/Moderation.tsx`; `app/src/components/community/Escalation.tsx`,"Exact console action capability beyond console shell access; customer-data boundary, audit-before-action, idempotency/recovery, denied/degraded states and operator tests.",Exact partial row in the current repository catalog. That status does not verify the full vertical-slice completion contract.
N-040,N · Operations Command Center (/ops),40,Support notifications,base catalog row,Existing but incomplete,P3,N-040,partial,`supabase/functions/support-reply-notify/index.ts`; `supabase/migrations/20261002003000_support_notification_outbox.sql`,"Exact console action capability beyond console shell access; customer-data boundary, audit-before-action, idempotency/recovery, denied/degraded states and operator tests.",Exact partial row in the current repository catalog. That status does not verify the full vertical-slice completion contract.
N-041,N · Operations Command Center (/ops),41,Product operations,base catalog row,Existing but incomplete,P3,N-041,partial,`docs/FEATURE-FLAG-REGISTRY.md`; `supabase/migrations/20260929340000_feature_cohorts.sql`; `supabase/migrations/20260928220000_private_beta.sql`,"Exact console action capability beyond console shell access; customer-data boundary, audit-before-action, idempotency/recovery, denied/degraded states and operator tests.",Exact partial row in the current repository catalog. That status does not verify the full vertical-slice completion contract.
N-042,N · Operations Command Center (/ops),42,Feature flags,base catalog row,Existing but incomplete,P3,N-042,partial,`app/src/lib/experience-flags.ts`; `docs/FEATURE-FLAG-REGISTRY.md`,"Exact console action capability beyond console shell access; customer-data boundary, audit-before-action, idempotency/recovery, denied/degraded states and operator tests.",Exact partial row in the current repository catalog. That status does not verify the full vertical-slice completion contract.
N-043,N · Operations Command Center (/ops),43,Cohorts,base catalog row,Existing but incomplete,P3,N-043,partial,`supabase/migrations/20260929340000_feature_cohorts.sql`; `supabase/feature_cohorts.check.sql`,"Exact console action capability beyond console shell access; customer-data boundary, audit-before-action, idempotency/recovery, denied/degraded states and operator tests.",Exact partial row in the current repository catalog. That status does not verify the full vertical-slice completion contract.
N-044,N · Operations Command Center (/ops),44,Beta programs,base catalog row,Existing but incomplete,P3,N-044,partial,`supabase/migrations/20260928220000_private_beta.sql`; `app/src/components/BetaPanel.tsx`; `app/src/lib/beta.ts`,"Exact console action capability beyond console shell access; customer-data boundary, audit-before-action, idempotency/recovery, denied/degraded states and operator tests.",Exact partial row in the current repository catalog. That status does not verify the full vertical-slice completion contract.
N-045,N · Operations Command Center (/ops),45,Beta feedback,base catalog row,Existing but incomplete,P3,N-045,partial,`app/src/components/BetaPanel.tsx`; `app/src/lib/beta.ts`,"Exact console action capability beyond console shell access; customer-data boundary, audit-before-action, idempotency/recovery, denied/degraded states and operator tests.",Exact partial row in the current repository catalog. That status does not verify the full vertical-slice completion contract.
N-046,N · Operations Command Center (/ops),46,Known issues,base catalog row,Existing but incomplete,P3,N-046,partial,`app/src/lib/beta.ts`; `app/src/components/KnownLimitations.tsx`,"Exact console action capability beyond console shell access; customer-data boundary, audit-before-action, idempotency/recovery, denied/degraded states and operator tests.",Exact partial row in the current repository catalog. That status does not verify the full vertical-slice completion contract.
N-047,N · Operations Command Center (/ops),47,Release evidence,base catalog row,Existing but incomplete,P3,N-047,partial,`app/src/components/console/CommandCenter.tsx`; `app/src/components/console/Evidence.tsx`; `app/src/lib/console/client.ts`,"Exact console action capability beyond console shell access; customer-data boundary, audit-before-action, idempotency/recovery, denied/degraded states and operator tests.",Exact partial row in the current repository catalog. That status does not verify the full vertical-slice completion contract.
N-048,N · Operations Command Center (/ops),48,Rollouts,base catalog row,Existing but incomplete,P3,N-048,partial,`supabase/migrations/20260928050000_tenant_rollout.sql`; `app/src/lib/governance/rollout.ts`; `app/src/components/institutional/ModulesPanel.tsx`,"Exact console action capability beyond console shell access; customer-data boundary, audit-before-action, idempotency/recovery, denied/degraded states and operator tests.",Exact partial row in the current repository catalog. That status does not verify the full vertical-slice completion contract.
N-049,N · Operations Command Center (/ops),49,Integrations,base catalog row,Existing but incomplete,P3,N-049,partial,`app/src/components/institutional/IntegrationDashboard.tsx`; `app/src/components/console/CommandCenter.tsx`,"Exact console action capability beyond console shell access; customer-data boundary, audit-before-action, idempotency/recovery, denied/degraded states and operator tests.",Exact partial row in the current repository catalog. That status does not verify the full vertical-slice completion contract.
N-050,N · Operations Command Center (/ops),50,Sync health,base catalog row,Existing but incomplete,P3,N-050,partial,`app/src/components/institutional/IntegrationDashboard.tsx`; `app/src/lib/integration/dashboard.ts`,"Exact console action capability beyond console shell access; customer-data boundary, audit-before-action, idempotency/recovery, denied/degraded states and operator tests.",Exact partial row in the current repository catalog. That status does not verify the full vertical-slice completion contract.
N-051,N · Operations Command Center (/ops),51,Errors/dead letters,base catalog row,Existing but incomplete,P3,N-051,partial,`app/src/components/institutional/IntegrationDashboard.tsx`; `app/src/lib/integration/dashboard.ts`,"Exact console action capability beyond console shell access; customer-data boundary, audit-before-action, idempotency/recovery, denied/degraded states and operator tests.",Exact partial row in the current repository catalog. That status does not verify the full vertical-slice completion contract.
N-052,N · Operations Command Center (/ops),52,Trust/compliance,base catalog row,Existing but incomplete,P3,N-052,partial,`app/src/components/console/Evidence.tsx`; `app/src/components/console/StandardsCrosswalk.tsx`; `app/src/lib/ops/trustcontrols.ts`,"Exact console action capability beyond console shell access; customer-data boundary, audit-before-action, idempotency/recovery, denied/degraded states and operator tests.",Exact partial row in the current repository catalog. That status does not verify the full vertical-slice completion contract.
N-053,N · Operations Command Center (/ops),53,Trust artifacts,base catalog row,Existing but incomplete,P3,N-053,partial,`app/src/components/TrustCenter.tsx`; `supabase/migrations/20260928100000_trust_room.sql`; `app/src/lib/ops/evidence.ts`,"Exact console action capability beyond console shell access; customer-data boundary, audit-before-action, idempotency/recovery, denied/degraded states and operator tests.",Exact partial row in the current repository catalog. That status does not verify the full vertical-slice completion contract.
N-054,N · Operations Command Center (/ops),54,Trust room,base catalog row,Existing but incomplete,P3,N-054,partial,`app/src/screens/TrustRoom.tsx`; `supabase/functions/trust-room/index.ts`; `supabase/migrations/20260928100000_trust_room.sql`,"Exact console action capability beyond console shell access; customer-data boundary, audit-before-action, idempotency/recovery, denied/degraded states and operator tests.",Exact partial row in the current repository catalog. That status does not verify the full vertical-slice completion contract.
N-055,N · Operations Command Center (/ops),55,Compliance frameworks,base catalog row,Existing but incomplete,P3,N-055,partial,`supabase/migrations/20260929070000_commercial_core.sql`; `app/src/components/console/StandardsCrosswalk.tsx`,"Exact console action capability beyond console shell access; customer-data boundary, audit-before-action, idempotency/recovery, denied/degraded states and operator tests.",Exact partial row in the current repository catalog. That status does not verify the full vertical-slice completion contract.
N-056,N · Operations Command Center (/ops),56,Controls,base catalog row,Existing but incomplete,P3,N-056,exists,`app/src/components/console/StandardsCrosswalk.tsx`; `app/src/lib/ops/trustcontrols.ts`,"Exact console action capability beyond console shell access; customer-data boundary, audit-before-action, idempotency/recovery, denied/degraded states and operator tests.",Exact exists row in the current repository catalog. That status does not verify the full vertical-slice completion contract.
N-057,N · Operations Command Center (/ops),57,Evidence,base catalog row,Existing but incomplete,P3,N-057,exists,`app/src/components/console/Evidence.tsx`; `app/src/lib/ops/evidence.ts`; `app/src/screens/Console.tsx`,"Exact console action capability beyond console shell access; customer-data boundary, audit-before-action, idempotency/recovery, denied/degraded states and operator tests.",Exact exists row in the current repository catalog. That status does not verify the full vertical-slice completion contract.
N-058,N · Operations Command Center (/ops),58,Claims register,base catalog row,Existing but incomplete,P3,N-058,partial,`app/src/lib/ops/claims.ts`; `ops/claims/README.md`; `app/src/site/claims.tsx`,"Exact console action capability beyond console shell access; customer-data boundary, audit-before-action, idempotency/recovery, denied/degraded states and operator tests.",Exact partial row in the current repository catalog. That status does not verify the full vertical-slice completion contract.
N-059,N · Operations Command Center (/ops),59,Content register,base catalog row,Existing but incomplete,P3,N-059,partial,`supabase/migrations/20260929070000_commercial_core.sql`; `app/src/lib/gtm/copyregister.test.ts`,"Exact console action capability beyond console shell access; customer-data boundary, audit-before-action, idempotency/recovery, denied/degraded states and operator tests.",Exact partial row in the current repository catalog. That status does not verify the full vertical-slice completion contract.
N-060,N · Operations Command Center (/ops),60,Privacy,base catalog row,Existing but incomplete,P3,N-060,partial,`app/src/lib/ops/console.ts`; `app/src/screens/Privacy.tsx`; `ops/operations-console/README.md`,"Exact console action capability beyond console shell access; customer-data boundary, audit-before-action, idempotency/recovery, denied/degraded states and operator tests.",Exact partial row in the current repository catalog. That status does not verify the full vertical-slice completion contract.
N-061,N · Operations Command Center (/ops),61,Data requests,base catalog row,Existing but incomplete,P3,N-061,partial,`app/src/components/DataRightsRequests.tsx`; `app/src/lib/data-rights.ts`; `supabase/migrations/20260930000000_audit_and_subject_requests.sql`,"Exact console action capability beyond console shell access; customer-data boundary, audit-before-action, idempotency/recovery, denied/degraded states and operator tests.",Exact partial row in the current repository catalog. That status does not verify the full vertical-slice completion contract.
N-062,N · Operations Command Center (/ops),62,Retention,base catalog row,Existing but incomplete,P3,N-062,partial,`supabase/migrations/20260929030000_retention_sweeps.sql`; `RETENTION.md`; `supabase/scheduler.sql`,"Exact console action capability beyond console shell access; customer-data boundary, audit-before-action, idempotency/recovery, denied/degraded states and operator tests.",Exact partial row in the current repository catalog. That status does not verify the full vertical-slice completion contract.
N-063,N · Operations Command Center (/ops),63,Legal holds,base catalog row,Existing but incomplete,P3,N-063,partial,`supabase/migrations/20260930100000_legal_holds.sql`; `supabase/migrations/20260930130000_hold_gated_sweeps.sql`,"Exact console action capability beyond console shell access; customer-data boundary, audit-before-action, idempotency/recovery, denied/degraded states and operator tests.",Exact partial row in the current repository catalog. That status does not verify the full vertical-slice completion contract.
N-064,N · Operations Command Center (/ops),64,Security,base catalog row,Existing but incomplete,P3,N-064,partial,`app/src/components/console/BreakGlass.tsx`; `app/src/components/console/Audit.tsx`; `app/src/components/console/ContextBar.tsx`,"Exact console action capability beyond console shell access; customer-data boundary, audit-before-action, idempotency/recovery, denied/degraded states and operator tests.",Exact partial row in the current repository catalog. That status does not verify the full vertical-slice completion contract.
N-065,N · Operations Command Center (/ops),65,Access review,base catalog row,Missing and in scope,P3,N-065,missing,app/src/components/console/; app/src/lib/console/,"Exact console action capability beyond console shell access; customer-data boundary, audit-before-action, idempotency/recovery, denied/degraded states and operator tests.",The current repository catalog records this item as absent; current scope permits a bounded implementation subject to the recorded dependencies and acceptance contract.
N-066,N · Operations Command Center (/ops),66,Break-glass,base catalog row,Existing but incomplete,P3,N-066,exists,`app/src/components/console/BreakGlass.tsx`; `supabase/migrations/20260929110000_console_approvals_and_break_glass.sql`; `app/src/lib/console/client.ts`,"Exact console action capability beyond console shell access; customer-data boundary, audit-before-action, idempotency/recovery, denied/degraded states and operator tests.",Exact exists row in the current repository catalog. That status does not verify the full vertical-slice completion contract.
N-067,N · Operations Command Center (/ops),67,Incidents,base catalog row,Existing but incomplete,P3,N-067,partial,`supabase/migrations/20260927235000_governance_registries.sql`; `app/src/lib/governance/incident-comms.ts`; `app/src/components/StatusNotice.tsx`,"Exact console action capability beyond console shell access; customer-data boundary, audit-before-action, idempotency/recovery, denied/degraded states and operator tests.",Exact partial row in the current repository catalog. That status does not verify the full vertical-slice completion contract.
N-068,N · Operations Command Center (/ops),68,SLOs,base catalog row,Existing but incomplete,P3,N-068,partial,`app/src/lib/sre/catalog.ts`; `app/src/lib/sre/scorecard.ts`,"Exact console action capability beyond console shell access; customer-data boundary, audit-before-action, idempotency/recovery, denied/degraded states and operator tests.",Exact partial row in the current repository catalog. That status does not verify the full vertical-slice completion contract.
N-069,N · Operations Command Center (/ops),69,Error budgets,base catalog row,Existing but incomplete,P3,N-069,partial,`app/src/lib/governance/error-budgets.ts`; `app/src/lib/sre/burn-alerts.ts`,"Exact console action capability beyond console shell access; customer-data boundary, audit-before-action, idempotency/recovery, denied/degraded states and operator tests.",Exact partial row in the current repository catalog. That status does not verify the full vertical-slice completion contract.
N-070,N · Operations Command Center (/ops),70,Audit explorer,base catalog row,Existing but incomplete,P3,N-070,exists,`app/src/components/console/Audit.tsx`; `app/src/lib/console/client.ts`; `supabase/migrations/20260929100000_console_control_plane.sql`,"Exact console action capability beyond console shell access; customer-data boundary, audit-before-action, idempotency/recovery, denied/degraded states and operator tests.",Exact exists row in the current repository catalog. That status does not verify the full vertical-slice completion contract.
N-071,N · Operations Command Center (/ops),71,Risk register,base catalog row,Existing but incomplete,P3,N-071,partial,`app/src/lib/governance/risk.ts`; `app/src/lib/ops/riskreview.ts`; `docs/business/templates/RISK_REGISTER.md`,"Exact console action capability beyond console shell access; customer-data boundary, audit-before-action, idempotency/recovery, denied/degraded states and operator tests.",Exact partial row in the current repository catalog. That status does not verify the full vertical-slice completion contract.
N-072,N · Operations Command Center (/ops),72,Vendor management,base catalog row,Missing and in scope,P3,N-072,missing,app/src/components/console/; app/src/lib/console/,"Exact console action capability beyond console shell access; customer-data boundary, audit-before-action, idempotency/recovery, denied/degraded states and operator tests.",The current repository catalog records this item as absent; current scope permits a bounded implementation subject to the recorded dependencies and acceptance contract.
N-073,N · Operations Command Center (/ops),73,Finance dashboard,base catalog row,Existing but incomplete,P3,N-073,partial,`app/src/finance/FinancialModel.tsx`; `docs/finance/dashboard.html`,"Exact console action capability beyond console shell access; customer-data boundary, audit-before-action, idempotency/recovery, denied/degraded states and operator tests.",Exact partial row in the current repository catalog. That status does not verify the full vertical-slice completion contract.
N-074,N · Operations Command Center (/ops),74,Financial model,base catalog row,Existing but incomplete,P3,N-074,exists,`app/src/finance/FinancialModel.tsx`; `app/src/finance/financialModelEngine.ts`; `app/src/finance/financialModelFields.ts`,"Exact console action capability beyond console shell access; customer-data boundary, audit-before-action, idempotency/recovery, denied/degraded states and operator tests.",Exact exists row in the current repository catalog. That status does not verify the full vertical-slice completion contract.
N-075,N · Operations Command Center (/ops),75,Forecast scenarios,base catalog row,Existing but incomplete,P3,N-075,exists,`app/src/finance/financialModelScenarios.ts`; `app/src/finance/FinancialModel.tsx`,"Exact console action capability beyond console shell access; customer-data boundary, audit-before-action, idempotency/recovery, denied/degraded states and operator tests.",Exact exists row in the current repository catalog. That status does not verify the full vertical-slice completion contract.
N-076,N · Operations Command Center (/ops),76,Cash/runway,base catalog row,Existing but incomplete,P3,N-076,exists,`app/src/finance/FinancialModel.tsx`; `app/src/finance/financialModelEngine.ts`,"Exact console action capability beyond console shell access; customer-data boundary, audit-before-action, idempotency/recovery, denied/degraded states and operator tests.",Exact exists row in the current repository catalog. That status does not verify the full vertical-slice completion contract.
N-077,N · Operations Command Center (/ops),77,Company KPI dashboard,base catalog row,Existing but incomplete,P3,N-077,partial,`app/src/components/console/Figures.tsx`; `app/src/lib/gtm/kpi.ts`; `app/src/finance/FinancialModel.tsx`,"Exact console action capability beyond console shell access; customer-data boundary, audit-before-action, idempotency/recovery, denied/degraded states and operator tests.",Exact partial row in the current repository catalog. That status does not verify the full vertical-slice completion contract.
N-078,N · Operations Command Center (/ops),78,Operating review reports,base catalog row,Existing but incomplete,P3,N-078,partial,`app/src/finance/financialModelExports.ts`; `docs/business/templates/WEEKLY_REVENUE_REVIEW.md`,"Exact console action capability beyond console shell access; customer-data boundary, audit-before-action, idempotency/recovery, denied/degraded states and operator tests.",Exact partial row in the current repository catalog. That status does not verify the full vertical-slice completion contract.
N-079,N · Operations Command Center (/ops),79,Board/investor reports,base catalog row,Existing but incomplete,P3,N-079,partial,`app/src/finance/financialModelExports.ts`; `docs/business/reports/BOARD_INVESTOR_SUMMARY.md`; `app/scripts/generate-gtm-pdf.mjs`,"Exact console action capability beyond console shell access; customer-data boundary, audit-before-action, idempotency/recovery, denied/degraded states and operator tests.",Exact partial row in the current repository catalog. That status does not verify the full vertical-slice completion contract.
N-080,N · Operations Command Center (/ops),80,People/capacity plan,base catalog row,Existing but incomplete,P3,N-080,partial,`app/src/finance/financialModelFields.ts`; `docs/finance/12-GATED-HIRING-SCHEDULE.md`; `app/src/finance/FinancialModel.tsx`,"Exact console action capability beyond console shell access; customer-data boundary, audit-before-action, idempotency/recovery, denied/degraded states and operator tests.",Exact partial row in the current repository catalog. That status does not verify the full vertical-slice completion contract.
N-081,N · Operations Command Center (/ops),81,Operator preferences,base catalog row,Existing but incomplete,P3,N-081,partial,`app/src/components/console/Views.tsx`; `app/src/lib/console/client.ts`; `supabase/migrations/20260929100000_console_control_plane.sql`,"Exact console action capability beyond console shell access; customer-data boundary, audit-before-action, idempotency/recovery, denied/degraded states and operator tests.",Exact partial row in the current repository catalog. That status does not verify the full vertical-slice completion contract.
N-W001,N · Operations Command Center (/ops),82,Minimum safe context captured,workflow alias Support#2,Duplicate or superseded,P3,none,not an independent repository screen row,docs/master/REPO_AUDIT.md#Workflow steps,Reconcile the canonical workflow step in the 319-row workflow pass; do not create a route or screen solely because this alias appears in the screen array.,"catalog-data.js declares this row in addedScreens as a workflow-step projection. The canonical workflow item, not this duplicate screen alias, owns implementation and acceptance."
N-W002,N · Operations Command Center (/ops),83,Categorized + severity,workflow alias Support#3,Duplicate or superseded,P3,none,not an independent repository screen row,docs/master/REPO_AUDIT.md#Workflow steps,Reconcile the canonical workflow step in the 319-row workflow pass; do not create a route or screen solely because this alias appears in the screen array.,"catalog-data.js declares this row in addedScreens as a workflow-step projection. The canonical workflow item, not this duplicate screen alias, owns implementation and acceptance."
N-W003,N · Operations Command Center (/ops),84,Routed to team/office,workflow alias Support#4,Duplicate or superseded,P3,none,not an independent repository screen row,docs/master/REPO_AUDIT.md#Workflow steps,Reconcile the canonical workflow step in the 319-row workflow pass; do not create a route or screen solely because this alias appears in the screen array.,"catalog-data.js declares this row in addedScreens as a workflow-step projection. The canonical workflow item, not this duplicate screen alias, owns implementation and acceptance."
N-W004,N · Operations Command Center (/ops),85,Owner accepts or routes,workflow alias Support#5,Duplicate or superseded,P3,none,not an independent repository screen row,docs/master/REPO_AUDIT.md#Workflow steps,Reconcile the canonical workflow step in the 319-row workflow pass; do not create a route or screen solely because this alias appears in the screen array.,"catalog-data.js declares this row in addedScreens as a workflow-step projection. The canonical workflow item, not this duplicate screen alias, owns implementation and acceptance."
N-W005,N · Operations Command Center (/ops),86,Resolution delivered,workflow alias Support#7,Duplicate or superseded,P3,none,not an independent repository screen row,docs/master/REPO_AUDIT.md#Workflow steps,Reconcile the canonical workflow step in the 319-row workflow pass; do not create a route or screen solely because this alias appears in the screen array.,"catalog-data.js declares this row in addedScreens as a workflow-step projection. The canonical workflow item, not this duplicate screen alias, owns implementation and acceptance."
N-W006,N · Operations Command Center (/ops),87,Confirm or close,workflow alias Support#8,Duplicate or superseded,P3,none,not an independent repository screen row,docs/master/REPO_AUDIT.md#Workflow steps,Reconcile the canonical workflow step in the 319-row workflow pass; do not create a route or screen solely because this alias appears in the screen array.,"catalog-data.js declares this row in addedScreens as a workflow-step projection. The canonical workflow item, not this duplicate screen alias, owns implementation and acceptance."
N-W007,N · Operations Command Center (/ops),88,Root cause tagged,workflow alias Support#9,Duplicate or superseded,P3,none,not an independent repository screen row,docs/master/REPO_AUDIT.md#Workflow steps,Reconcile the canonical workflow step in the 319-row workflow pass; do not create a route or screen solely because this alias appears in the screen array.,"catalog-data.js declares this row in addedScreens as a workflow-step projection. The canonical workflow item, not this duplicate screen alias, owns implementation and acceptance."
N-W008,N · Operations Command Center (/ops),89,SLA and satisfaction recorded,workflow alias Support#11,Duplicate or superseded,P3,none,not an independent repository screen row,docs/master/REPO_AUDIT.md#Workflow steps,Reconcile the canonical workflow step in the 319-row workflow pass; do not create a route or screen solely because this alias appears in the screen array.,"catalog-data.js declares this row in addedScreens as a workflow-step projection. The canonical workflow item, not this duplicate screen alias, owns implementation and acceptance."
N-W009,N · Operations Command Center (/ops),90,Triage,workflow alias Incident#1,Duplicate or superseded,P3,none,not an independent repository screen row,docs/master/REPO_AUDIT.md#Workflow steps,Reconcile the canonical workflow step in the 319-row workflow pass; do not create a route or screen solely because this alias appears in the screen array.,"catalog-data.js declares this row in addedScreens as a workflow-step projection. The canonical workflow item, not this duplicate screen alias, owns implementation and acceptance."
N-W010,N · Operations Command Center (/ops),91,Severity declared,workflow alias Incident#2,Duplicate or superseded,P3,none,not an independent repository screen row,docs/master/REPO_AUDIT.md#Workflow steps,Reconcile the canonical workflow step in the 319-row workflow pass; do not create a route or screen solely because this alias appears in the screen array.,"catalog-data.js declares this row in addedScreens as a workflow-step projection. The canonical workflow item, not this duplicate screen alias, owns implementation and acceptance."
N-W011,N · Operations Command Center (/ops),92,Technical lead,workflow alias Incident#4,Duplicate or superseded,P3,none,not an independent repository screen row,docs/master/REPO_AUDIT.md#Workflow steps,Reconcile the canonical workflow step in the 319-row workflow pass; do not create a route or screen solely because this alias appears in the screen array.,"catalog-data.js declares this row in addedScreens as a workflow-step projection. The canonical workflow item, not this duplicate screen alias, owns implementation and acceptance."
N-W012,N · Operations Command Center (/ops),93,Communications lead,workflow alias Incident#5,Duplicate or superseded,P3,none,not an independent repository screen row,docs/master/REPO_AUDIT.md#Workflow steps,Reconcile the canonical workflow step in the 319-row workflow pass; do not create a route or screen solely because this alias appears in the screen array.,"catalog-data.js declares this row in addedScreens as a workflow-step projection. The canonical workflow item, not this duplicate screen alias, owns implementation and acceptance."
N-W013,N · Operations Command Center (/ops),94,Mitigation executed,workflow alias Incident#8,Duplicate or superseded,P3,none,not an independent repository screen row,docs/master/REPO_AUDIT.md#Workflow steps,Reconcile the canonical workflow step in the 319-row workflow pass; do not create a route or screen solely because this alias appears in the screen array.,"catalog-data.js declares this row in addedScreens as a workflow-step projection. The canonical workflow item, not this duplicate screen alias, owns implementation and acceptance."
N-W014,N · Operations Command Center (/ops),95,Internal update,workflow alias Incident#9,Duplicate or superseded,P3,none,not an independent repository screen row,docs/master/REPO_AUDIT.md#Workflow steps,Reconcile the canonical workflow step in the 319-row workflow pass; do not create a route or screen solely because this alias appears in the screen array.,"catalog-data.js declares this row in addedScreens as a workflow-step projection. The canonical workflow item, not this duplicate screen alias, owns implementation and acceptance."
N-W015,N · Operations Command Center (/ops),96,Resolved,workflow alias Incident#12,Duplicate or superseded,P3,none,not an independent repository screen row,docs/master/REPO_AUDIT.md#Workflow steps,Reconcile the canonical workflow step in the 319-row workflow pass; do not create a route or screen solely because this alias appears in the screen array.,"catalog-data.js declares this row in addedScreens as a workflow-step projection. The canonical workflow item, not this duplicate screen alias, owns implementation and acceptance."
N-W016,N · Operations Command Center (/ops),97,Postmortem,workflow alias Incident#13,Duplicate or superseded,P3,none,not an independent repository screen row,docs/master/REPO_AUDIT.md#Workflow steps,Reconcile the canonical workflow step in the 319-row workflow pass; do not create a route or screen solely because this alias appears in the screen array.,"catalog-data.js declares this row in addedScreens as a workflow-step projection. The canonical workflow item, not this duplicate screen alias, owns implementation and acceptance."
N-W017,N · Operations Command Center (/ops),98,Measures sheet signed,workflow alias Analytics & outcomes#1,Duplicate or superseded,P3,none,not an independent repository screen row,docs/master/REPO_AUDIT.md#Workflow steps,Reconcile the canonical workflow step in the 319-row workflow pass; do not create a route or screen solely because this alias appears in the screen array.,"catalog-data.js declares this row in addedScreens as a workflow-step projection. The canonical workflow item, not this duplicate screen alias, owns implementation and acceptance."
N-W018,N · Operations Command Center (/ops),99,Instrument events (no PII),workflow alias Analytics & outcomes#2,Duplicate or superseded,P3,none,not an independent repository screen row,docs/master/REPO_AUDIT.md#Workflow steps,Reconcile the canonical workflow step in the 319-row workflow pass; do not create a route or screen solely because this alias appears in the screen array.,"catalog-data.js declares this row in addedScreens as a workflow-step projection. The canonical workflow item, not this duplicate screen alias, owns implementation and acceptance."
N-W019,N · Operations Command Center (/ops),100,Aggregate with minimum cell size,workflow alias Analytics & outcomes#3,Duplicate or superseded,P3,none,not an independent repository screen row,docs/master/REPO_AUDIT.md#Workflow steps,Reconcile the canonical workflow step in the 319-row workflow pass; do not create a route or screen solely because this alias appears in the screen array.,"catalog-data.js declares this row in addedScreens as a workflow-step projection. The canonical workflow item, not this duplicate screen alias, owns implementation and acceptance."
N-W020,N · Operations Command Center (/ops),101,Course analytics shared with faculty,workflow alias Analytics & outcomes#8,Duplicate or superseded,P3,none,not an independent repository screen row,docs/master/REPO_AUDIT.md#Workflow steps,Reconcile the canonical workflow step in the 319-row workflow pass; do not create a route or screen solely because this alias appears in the screen array.,"catalog-data.js declares this row in addedScreens as a workflow-step projection. The canonical workflow item, not this duplicate screen alias, owns implementation and acceptance."
N-W021,N · Operations Command Center (/ops),102,Improvement backlog prioritized,workflow alias Analytics & outcomes#11,Duplicate or superseded,P3,none,not an independent repository screen row,docs/master/REPO_AUDIT.md#Workflow steps,Reconcile the canonical workflow step in the 319-row workflow pass; do not create a route or screen solely because this alias appears in the screen array.,"catalog-data.js declares this row in addedScreens as a workflow-step projection. The canonical workflow item, not this duplicate screen alias, owns implementation and acceptance."
