path,loc,domain,disposition,because
App.tsx,1650,platform,reuse,"pure logic with no ambient dependency: wrap behind an adapter now, move into its domain when next touched"
a11y/fielderror.ts,103,platform,delete-candidate,"no import path from any entry point reaches it: dead in the product, alive only if a test imports it. Confirm no script or glob loads it, then delete it with its test"
a11y/labels.ts,290,platform,reuse,"pure logic with no ambient dependency: wrap behind an adapter now, move into its domain when next touched"
a11y/modal.ts,244,platform,reuse,"pure logic with no ambient dependency: wrap behind an adapter now, move into its domain when next touched"
a11y/title.ts,85,platform,reuse,"pure logic with no ambient dependency: wrap behind an adapter now, move into its domain when next touched"
ai/Actions.tsx,277,ai,reuse,"pure logic with no ambient dependency: wrap behind an adapter now, move into its domain when next touched"
ai/Answer.tsx,462,ai,reuse,"pure logic with no ambient dependency: wrap behind an adapter now, move into its domain when next touched"
ai/AskAbout.tsx,185,ai,reuse,"pure logic with no ambient dependency: wrap behind an adapter now, move into its domain when next touched"
ai/Assistant.tsx,901,ai,migrate,"touches storage, the network, the environment or React state: needs a port and an adapter before it can move"
ai/Chat.tsx,565,ai,reuse,"pure logic with no ambient dependency: wrap behind an adapter now, move into its domain when next touched"
ai/Composer.tsx,224,ai,reuse,"pure logic with no ambient dependency: wrap behind an adapter now, move into its domain when next touched"
ai/HelpNotice.tsx,170,ai,reuse,"pure logic with no ambient dependency: wrap behind an adapter now, move into its domain when next touched"
ai/Opening.tsx,170,ai,reuse,"pure logic with no ambient dependency: wrap behind an adapter now, move into its domain when next touched"
ai/Panel.tsx,813,ai,reuse,"pure logic with no ambient dependency: wrap behind an adapter now, move into its domain when next touched"
ai/Threads.tsx,616,ai,reuse,"pure logic with no ambient dependency: wrap behind an adapter now, move into its domain when next touched"
ai/Turns.tsx,502,ai,reuse,"pure logic with no ambient dependency: wrap behind an adapter now, move into its domain when next touched"
ai/assemble.ts,211,ai,reuse,"pure logic with no ambient dependency: wrap behind an adapter now, move into its domain when next touched"
ai/converse.ts,979,ai,reuse,"pure logic with no ambient dependency: wrap behind an adapter now, move into its domain when next touched"
ai/live.ts,468,ai,migrate,"touches storage, the network, the environment or React state: needs a port and an adapter before it can move"
ai/prompt.ts,218,ai,reuse,"pure logic with no ambient dependency: wrap behind an adapter now, move into its domain when next touched"
ai/providers/campus.ts,525,ai,reuse,"pure logic with no ambient dependency: wrap behind an adapter now, move into its domain when next touched"
ai/providers/core.ts,312,ai,reuse,"pure logic with no ambient dependency: wrap behind an adapter now, move into its domain when next touched"
ai/providers/index.ts,134,ai,reuse,"pure logic with no ambient dependency: wrap behind an adapter now, move into its domain when next touched"
ai/providers/make.ts,260,ai,reuse,"pure logic with no ambient dependency: wrap behind an adapter now, move into its domain when next touched"
ai/providers/personal.ts,202,ai,reuse,"pure logic with no ambient dependency: wrap behind an adapter now, move into its domain when next touched"
ai/providers/semester.ts,147,ai,reuse,"pure logic with no ambient dependency: wrap behind an adapter now, move into its domain when next touched"
ai/providers/study.ts,336,ai,reuse,"pure logic with no ambient dependency: wrap behind an adapter now, move into its domain when next touched"
ai/providers/upkeep.ts,278,ai,reuse,"pure logic with no ambient dependency: wrap behind an adapter now, move into its domain when next touched"
ai/providers/yours.ts,213,ai,reuse,"pure logic with no ambient dependency: wrap behind an adapter now, move into its domain when next touched"
ai/quality.ts,125,ai,reuse,"pure logic with no ambient dependency: wrap behind an adapter now, move into its domain when next touched"
ai/shape.ts,173,ai,reuse,"pure logic with no ambient dependency: wrap behind an adapter now, move into its domain when next touched"
ai/store.tsx,254,ai,migrate,"touches storage, the network, the environment or React state: needs a port and an adapter before it can move"
ai/untrusted.ts,63,ai,reuse,"pure logic with no ambient dependency: wrap behind an adapter now, move into its domain when next touched"
ai/usevoice.ts,234,ai,reuse,"pure logic with no ambient dependency: wrap behind an adapter now, move into its domain when next touched"
architecture/graph.ts,272,platform,reuse,"pure logic with no ambient dependency: wrap behind an adapter now, move into its domain when next touched"
architecture/inventory.ts,255,platform,migrate,"touches storage, the network, the environment or React state: needs a port and an adapter before it can move"
architecture/rules.ts,414,platform,migrate,"touches storage, the network, the environment or React state: needs a port and an adapter before it can move"
architecture/tree.ts,58,platform,reuse,"pure logic with no ambient dependency: wrap behind an adapter now, move into its domain when next touched"
community/alias.ts,116,community,reuse,"pure logic with no ambient dependency: wrap behind an adapter now, move into its domain when next touched"
community/circles.ts,182,community,delete-candidate,"no import path from any entry point reaches it: dead in the product, alive only if a test imports it. Confirm no script or glob loads it, then delete it with its test"
community/client.ts,1230,community,reuse,"pure logic with no ambient dependency: wrap behind an adapter now, move into its domain when next touched"
community/communities.ts,175,community,reuse,"pure logic with no ambient dependency: wrap behind an adapter now, move into its domain when next touched"
community/connect.ts,419,community,reuse,"pure logic with no ambient dependency: wrap behind an adapter now, move into its domain when next touched"
community/constitution.ts,134,community,delete-candidate,"no import path from any entry point reaches it: dead in the product, alive only if a test imports it. Confirm no script or glob loads it, then delete it with its test"
community/crisis.ts,135,community,reuse,"pure logic with no ambient dependency: wrap behind an adapter now, move into its domain when next touched"
community/detectors.ts,101,community,reuse,"pure logic with no ambient dependency: wrap behind an adapter now, move into its domain when next touched"
community/feed.ts,249,community,reuse,"pure logic with no ambient dependency: wrap behind an adapter now, move into its domain when next touched"
community/feedview.ts,107,community,migrate,"touches storage, the network, the environment or React state: needs a port and an adapter before it can move"
community/flags.ts,110,community,migrate,"touches storage, the network, the environment or React state: needs a port and an adapter before it can move"
community/governance.ts,249,community,reuse,"pure logic with no ambient dependency: wrap behind an adapter now, move into its domain when next touched"
community/identity.ts,245,community,reuse,"pure logic with no ambient dependency: wrap behind an adapter now, move into its domain when next touched"
community/integrations.ts,132,community,delete-candidate,"no import path from any entry point reaches it: dead in the product, alive only if a test imports it. Confirm no script or glob loads it, then delete it with its test"
community/lifecycle.ts,165,community,reuse,"pure logic with no ambient dependency: wrap behind an adapter now, move into its domain when next touched"
community/mentorship.ts,283,community,delete-candidate,"no import path from any entry point reaches it: dead in the product, alive only if a test imports it. Confirm no script or glob loads it, then delete it with its test"
community/metadata.ts,123,community,reuse,"pure logic with no ambient dependency: wrap behind an adapter now, move into its domain when next touched"
community/moderation.ts,489,community,reuse,"pure logic with no ambient dependency: wrap behind an adapter now, move into its domain when next touched"
community/pii.ts,160,community,reuse,"pure logic with no ambient dependency: wrap behind an adapter now, move into its domain when next touched"
community/questions.ts,131,community,delete-candidate,"no import path from any entry point reaches it: dead in the product, alive only if a test imports it. Confirm no script or glob loads it, then delete it with its test"
community/safety-state.ts,75,community,reuse,"pure logic with no ambient dependency: wrap behind an adapter now, move into its domain when next touched"
community/services.ts,242,community,delete-candidate,"no import path from any entry point reaches it: dead in the product, alive only if a test imports it. Confirm no script or glob loads it, then delete it with its test"
community/volunteer.ts,107,community,reuse,"pure logic with no ambient dependency: wrap behind an adapter now, move into its domain when next touched"
components/AboutMe.tsx,198,identity,replace,"a screen or component composed over legacy state: rebuild as a thin view of a domain read model"
components/AbsenceNotices.tsx,133,campus,replace,"a screen or component composed over legacy state: rebuild as a thin view of a domain read model"
components/AccessModes.tsx,44,policy,replace,"a screen or component composed over legacy state: rebuild as a thin view of a domain read model"
components/AccountSecurity.tsx,281,identity,replace,"a screen or component composed over legacy state: rebuild as a thin view of a domain read model"
components/ActionCenter.tsx,451,today,replace,"a screen or component composed over legacy state: rebuild as a thin view of a domain read model"
components/Adopting.tsx,195,admin,replace,"a screen or component composed over legacy state: rebuild as a thin view of a domain read model"
components/AdvisorMeeting.tsx,557,academic,replace,"a screen or component composed over legacy state: rebuild as a thin view of a domain read model"
components/AdvisorSharedView.tsx,82,academic,replace,"a screen or component composed over legacy state: rebuild as a thin view of a domain read model"
components/AgeBanner.tsx,65,platform,replace,"a screen or component composed over legacy state: rebuild as a thin view of a domain read model"
components/AgeStatement.tsx,120,identity,replace,"a screen or component composed over legacy state: rebuild as a thin view of a domain read model"
components/AiHandoffReview.tsx,101,ai,replace,"a screen or component composed over legacy state: rebuild as a thin view of a domain read model"
components/AllDayBand.tsx,116,calendar,replace,"a screen or component composed over legacy state: rebuild as a thin view of a domain read model"
components/Appearance.tsx,521,platform,replace,"a screen or component composed over legacy state: rebuild as a thin view of a domain read model"
components/Applying.tsx,221,career,replace,"a screen or component composed over legacy state: rebuild as a thin view of a domain read model"
components/AskAHuman.tsx,62,ai,replace,"a screen or component composed over legacy state: rebuild as a thin view of a domain read model"
components/AskForTime.tsx,49,community,replace,"a screen or component composed over legacy state: rebuild as a thin view of a domain read model"
components/AssignmentStates.tsx,115,today,replace,"a screen or component composed over legacy state: rebuild as a thin view of a domain read model"
components/AthleteShare.tsx,325,campus,replace,"a screen or component composed over legacy state: rebuild as a thin view of a domain read model"
components/Attendance.tsx,185,calendar,replace,"a screen or component composed over legacy state: rebuild as a thin view of a domain read model"
components/Avatar.tsx,70,identity,replace,"a screen or component composed over legacy state: rebuild as a thin view of a domain read model"
components/BehindOffer.tsx,76,today,replace,"a screen or component composed over legacy state: rebuild as a thin view of a domain read model"
components/Bench.tsx,300,campus,replace,"a screen or component composed over legacy state: rebuild as a thin view of a domain read model"
components/BetaPanel.tsx,229,support-trust,replace,"a screen or component composed over legacy state: rebuild as a thin view of a domain read model"
components/Blueprint.tsx,91,platform,reuse,"a shared primitive (92 importers): the design system"
components/Bookmarks.tsx,328,productivity,replace,"a screen or component composed over legacy state: rebuild as a thin view of a domain read model"
components/Boundary.tsx,211,support-trust,replace,"a screen or component composed over legacy state: rebuild as a thin view of a domain read model"
components/Brand.tsx,88,unassigned,replace,"a screen or component composed over legacy state: rebuild as a thin view of a domain read model"
components/BreakItUp.tsx,176,tasks,replace,"a screen or component composed over legacy state: rebuild as a thin view of a domain read model"
components/Calculator.tsx,387,learning,replace,"a screen or component composed over legacy state: rebuild as a thin view of a domain read model"
components/CalmSettings.tsx,210,policy,replace,"a screen or component composed over legacy state: rebuild as a thin view of a domain read model"
components/CameBack.tsx,206,platform,replace,"a screen or component composed over legacy state: rebuild as a thin view of a domain read model"
components/CampusDirectory.tsx,37,campus,replace,"a screen or component composed over legacy state: rebuild as a thin view of a domain read model"
components/Capacity.tsx,334,calendar,replace,"a screen or component composed over legacy state: rebuild as a thin view of a domain read model"
components/Capture.tsx,177,productivity,replace,"a screen or component composed over legacy state: rebuild as a thin view of a domain read model"
components/CaraLog.tsx,270,campus,replace,"a screen or component composed over legacy state: rebuild as a thin view of a domain read model"
components/CareerEvidence.tsx,395,career,replace,"a screen or component composed over legacy state: rebuild as a thin view of a domain read model"
components/CheckIt.tsx,247,ai,replace,"a screen or component composed over legacy state: rebuild as a thin view of a domain read model"
components/ClarityQuestion.tsx,75,platform,replace,"a screen or component composed over legacy state: rebuild as a thin view of a domain read model"
components/Clashes.tsx,221,calendar,replace,"a screen or component composed over legacy state: rebuild as a thin view of a domain read model"
components/CloseTerm.tsx,151,admin,replace,"a screen or component composed over legacy state: rebuild as a thin view of a domain read model"
components/Command.tsx,1322,platform,replace,"a screen or component composed over legacy state: rebuild as a thin view of a domain read model"
components/ConfirmDialog.tsx,109,platform,replace,"a screen or component composed over legacy state: rebuild as a thin view of a domain read model"
components/ConnectHub.tsx,37,community,replace,"a screen or component composed over legacy state: rebuild as a thin view of a domain read model"
components/CostPlanner.tsx,175,finance,replace,"a screen or component composed over legacy state: rebuild as a thin view of a domain read model"
components/CourseAgreement.tsx,16,learning,replace,"a screen or component composed over legacy state: rebuild as a thin view of a domain read model"
components/CourseCapture.tsx,133,support-trust,replace,"a screen or component composed over legacy state: rebuild as a thin view of a domain read model"
components/CourseCompare.tsx,131,academic,replace,"a screen or component composed over legacy state: rebuild as a thin view of a domain read model"
components/CourseDetailV2.tsx,367,academic,replace,"a screen or component composed over legacy state: rebuild as a thin view of a domain read model"
components/CourseHub.tsx,55,academic,replace,"a screen or component composed over legacy state: rebuild as a thin view of a domain read model"
components/CoursePicker.tsx,89,platform,replace,"a screen or component composed over legacy state: rebuild as a thin view of a domain read model"
components/CourseSkills.tsx,61,career,replace,"a screen or component composed over legacy state: rebuild as a thin view of a domain read model"
components/CourseStudio.tsx,576,learning,replace,"a screen or component composed over legacy state: rebuild as a thin view of a domain read model"
components/CourseTag.tsx,48,platform,replace,"a screen or component composed over legacy state: rebuild as a thin view of a domain read model"
components/CredentialWallet.tsx,58,career,replace,"a screen or component composed over legacy state: rebuild as a thin view of a domain read model"
components/Credentials.tsx,449,identity,replace,"a screen or component composed over legacy state: rebuild as a thin view of a domain read model"
components/CrunchWeekCard.tsx,98,today,replace,"a screen or component composed over legacy state: rebuild as a thin view of a domain read model"
components/Cutoffs.tsx,163,academic,replace,"a screen or component composed over legacy state: rebuild as a thin view of a domain read model"
components/DailyRhythm.tsx,100,calendar,replace,"a screen or component composed over legacy state: rebuild as a thin view of a domain read model"
components/DataRightsRequests.tsx,142,identity,replace,"a screen or component composed over legacy state: rebuild as a thin view of a domain read model"
components/DayPlanNote.tsx,63,today,replace,"a screen or component composed over legacy state: rebuild as a thin view of a domain read model"
components/DeadlineHorizon.tsx,82,tasks,replace,"a screen or component composed over legacy state: rebuild as a thin view of a domain read model"
components/DeadlinePicker.tsx,220,productivity,replace,"a screen or component composed over legacy state: rebuild as a thin view of a domain read model"
components/DeadlineRow.tsx,292,academic,replace,"a screen or component composed over legacy state: rebuild as a thin view of a domain read model"
components/DecisionTable.tsx,63,academic,replace,"a screen or component composed over legacy state: rebuild as a thin view of a domain read model"
components/DeferredQuickAdd.tsx,7,platform,replace,"a screen or component composed over legacy state: rebuild as a thin view of a domain read model"
components/DemandContribution.tsx,255,learning,replace,"a screen or component composed over legacy state: rebuild as a thin view of a domain read model"
components/DemandDesk.tsx,147,learning,replace,"a screen or component composed over legacy state: rebuild as a thin view of a domain read model"
components/Diagram.tsx,764,platform,replace,"a screen or component composed over legacy state: rebuild as a thin view of a domain read model"
components/Dictate.tsx,125,ai,replace,"a screen or component composed over legacy state: rebuild as a thin view of a domain read model"
components/Downloads.tsx,218,productivity,replace,"a screen or component composed over legacy state: rebuild as a thin view of a domain read model"
components/DraftNote.tsx,32,learning,replace,"a screen or component composed over legacy state: rebuild as a thin view of a domain read model"
components/Drawing.tsx,140,productivity,replace,"a screen or component composed over legacy state: rebuild as a thin view of a domain read model"
components/DropBy.tsx,152,learning,replace,"a screen or component composed over legacy state: rebuild as a thin view of a domain read model"
components/EligibilityCheck.tsx,280,campus,replace,"a screen or component composed over legacy state: rebuild as a thin view of a domain read model"
components/Equation.tsx,97,learning,replace,"a screen or component composed over legacy state: rebuild as a thin view of a domain read model"
components/ExplanationSheet.tsx,135,today,replace,"a screen or component composed over legacy state: rebuild as a thin view of a domain read model"
components/FamilyInvite.tsx,260,family,replace,"a screen or component composed over legacy state: rebuild as a thin view of a domain read model"
components/FeedbackInbox.tsx,19,learning,replace,"a screen or component composed over legacy state: rebuild as a thin view of a domain read model"
components/FeedbackPanel.tsx,110,today,replace,"a screen or component composed over legacy state: rebuild as a thin view of a domain read model"
components/FieldMessage.tsx,165,unassigned,replace,"a screen or component composed over legacy state: rebuild as a thin view of a domain read model"
components/FigureCard.tsx,214,productivity,replace,"a screen or component composed over legacy state: rebuild as a thin view of a domain read model"
components/FillPlaces.tsx,175,campus,replace,"a screen or component composed over legacy state: rebuild as a thin view of a domain read model"
components/FindPlace.tsx,341,campus,replace,"a screen or component composed over legacy state: rebuild as a thin view of a domain read model"
components/FindSources.tsx,217,ai,replace,"a screen or component composed over legacy state: rebuild as a thin view of a domain read model"
components/FixThis.tsx,57,support-trust,replace,"a screen or component composed over legacy state: rebuild as a thin view of a domain read model"
components/Fold.tsx,511,platform,reuse,"a shared primitive (62 importers): the design system"
components/ForThis.tsx,447,academic,replace,"a screen or component composed over legacy state: rebuild as a thin view of a domain read model"
components/Fresh.tsx,84,platform,replace,"a screen or component composed over legacy state: rebuild as a thin view of a domain read model"
components/Gallery.tsx,310,productivity,replace,"a screen or component composed over legacy state: rebuild as a thin view of a domain read model"
components/GetHelp.tsx,331,learning,replace,"a screen or component composed over legacy state: rebuild as a thin view of a domain read model"
components/GoalPlan.tsx,218,today,replace,"a screen or component composed over legacy state: rebuild as a thin view of a domain read model"
components/GpaScale.tsx,241,academic,replace,"a screen or component composed over legacy state: rebuild as a thin view of a domain read model"
components/GraduationSimulator.tsx,481,academic,replace,"a screen or component composed over legacy state: rebuild as a thin view of a domain read model"
components/Grapher.tsx,1211,productivity,replace,"a screen or component composed over legacy state: rebuild as a thin view of a domain read model"
components/GridCard.tsx,122,platform,replace,"a screen or component composed over legacy state: rebuild as a thin view of a domain read model"
components/GuideBar.tsx,79,today,replace,"a screen or component composed over legacy state: rebuild as a thin view of a domain read model"
components/GuideOperatingContract.tsx,48,ai,replace,"a screen or component composed over legacy state: rebuild as a thin view of a domain read model"
components/HelpInbox.tsx,252,learning,replace,"a screen or component composed over legacy state: rebuild as a thin view of a domain read model"
components/HomeWalk.tsx,113,calendar,replace,"a screen or component composed over legacy state: rebuild as a thin view of a domain read model"
components/HorizontalOverflow.tsx,178,policy,replace,"a screen or component composed over legacy state: rebuild as a thin view of a domain read model"
components/HourGrid.tsx,402,calendar,replace,"a screen or component composed over legacy state: rebuild as a thin view of a domain read model"
components/HowLong.tsx,52,platform,replace,"a screen or component composed over legacy state: rebuild as a thin view of a domain read model"
components/HowMuch.tsx,112,platform,replace,"a screen or component composed over legacy state: rebuild as a thin view of a domain read model"
components/Icons.tsx,197,platform,reuse,"a shared primitive (58 importers): the design system"
components/InsightCards.tsx,167,ai,replace,"a screen or component composed over legacy state: rebuild as a thin view of a domain read model"
components/Insights.tsx,200,ai,replace,"a screen or component composed over legacy state: rebuild as a thin view of a domain read model"
components/InstitutionalPreviewBar.tsx,140,admin,replace,"a screen or component composed over legacy state: rebuild as a thin view of a domain read model"
components/JourneyCards.tsx,41,today,replace,"a screen or component composed over legacy state: rebuild as a thin view of a domain read model"
components/JourneyKit.tsx,113,campus,replace,"a screen or component composed over legacy state: rebuild as a thin view of a domain read model"
components/Keys.tsx,240,productivity,replace,"a screen or component composed over legacy state: rebuild as a thin view of a domain read model"
components/KindKey.tsx,137,policy,replace,"a screen or component composed over legacy state: rebuild as a thin view of a domain read model"
components/KnownLimitations.tsx,35,support-trust,replace,"a screen or component composed over legacy state: rebuild as a thin view of a domain read model"
components/LearnerPathways.tsx,95,academic,replace,"a screen or component composed over legacy state: rebuild as a thin view of a domain read model"
components/LearningHub.tsx,24,learning,replace,"a screen or component composed over legacy state: rebuild as a thin view of a domain read model"
components/LearningInsights.tsx,17,learning,replace,"a screen or component composed over legacy state: rebuild as a thin view of a domain read model"
components/LearningMap.tsx,36,learning,replace,"a screen or component composed over legacy state: rebuild as a thin view of a domain read model"
components/LearningPanels.tsx,23,learning,replace,"a screen or component composed over legacy state: rebuild as a thin view of a domain read model"
components/LearningPreferences.tsx,12,learning,replace,"a screen or component composed over legacy state: rebuild as a thin view of a domain read model"
components/LifeBalance.tsx,403,calendar,replace,"a screen or component composed over legacy state: rebuild as a thin view of a domain read model"
components/LifeEvents.tsx,163,today,replace,"a screen or component composed over legacy state: rebuild as a thin view of a domain read model"
components/ListingDesk.tsx,134,admin,replace,"a screen or component composed over legacy state: rebuild as a thin view of a domain read model"
components/LiveMap.tsx,334,campus,replace,"a screen or component composed over legacy state: rebuild as a thin view of a domain read model"
components/MarkClass.tsx,92,calendar,replace,"a screen or component composed over legacy state: rebuild as a thin view of a domain read model"
components/MasteryGraph.tsx,42,learning,replace,"a screen or component composed over legacy state: rebuild as a thin view of a domain read model"
components/MeControls.tsx,32,identity,replace,"a screen or component composed over legacy state: rebuild as a thin view of a domain read model"
components/MembershipPanel.tsx,389,finance,replace,"a screen or component composed over legacy state: rebuild as a thin view of a domain read model"
components/MentorFinder.tsx,173,unassigned,replace,"a screen or component composed over legacy state: rebuild as a thin view of a domain read model"
components/MfaStep.tsx,122,admin,replace,"a screen or component composed over legacy state: rebuild as a thin view of a domain read model"
components/ModePicker.tsx,49,platform,replace,"a screen or component composed over legacy state: rebuild as a thin view of a domain read model"
components/ModuleGateState.tsx,82,policy,replace,"a screen or component composed over legacy state: rebuild as a thin view of a domain read model"
components/MomentPrompt.tsx,123,today,replace,"a screen or component composed over legacy state: rebuild as a thin view of a domain read model"
components/MuteCourses.tsx,120,platform,replace,"a screen or component composed over legacy state: rebuild as a thin view of a domain read model"
components/MyRules.tsx,166,calendar,replace,"a screen or component composed over legacy state: rebuild as a thin view of a domain read model"
components/MyStudentAccount.tsx,378,finance,replace,"a screen or component composed over legacy state: rebuild as a thin view of a domain read model"
components/NeedsKey.tsx,121,ai,replace,"a screen or component composed over legacy state: rebuild as a thin view of a domain read model"
components/NilExplainer.tsx,109,calendar,replace,"a screen or component composed over legacy state: rebuild as a thin view of a domain read model"
components/NilTaxNote.tsx,100,finance,replace,"a screen or component composed over legacy state: rebuild as a thin view of a domain read model"
components/NoWrongDoor.tsx,121,support-trust,replace,"a screen or component composed over legacy state: rebuild as a thin view of a domain read model"
components/NotOfficial.tsx,63,platform,replace,"a screen or component composed over legacy state: rebuild as a thin view of a domain read model"
components/NotYetOpened.tsx,104,platform,replace,"a screen or component composed over legacy state: rebuild as a thin view of a domain read model"
components/OfficeActionDesk.tsx,307,admin,replace,"a screen or component composed over legacy state: rebuild as a thin view of a domain read model"
components/OfficeActionFeed.tsx,313,admin,replace,"a screen or component composed over legacy state: rebuild as a thin view of a domain read model"
components/OfficeActionsToday.tsx,47,admin,replace,"a screen or component composed over legacy state: rebuild as a thin view of a domain read model"
components/OfficeAgenda.tsx,24,learning,replace,"a screen or component composed over legacy state: rebuild as a thin view of a domain read model"
components/OfficeHours.tsx,77,academic,replace,"a screen or component composed over legacy state: rebuild as a thin view of a domain read model"
components/OfflineBanner.tsx,76,platform,replace,"a screen or component composed over legacy state: rebuild as a thin view of a domain read model"
components/OnThePage.tsx,81,productivity,replace,"a screen or component composed over legacy state: rebuild as a thin view of a domain read model"
components/OperatingLauncher.tsx,9,platform,replace,"a screen or component composed over legacy state: rebuild as a thin view of a domain read model"
components/OperatingProjectMap.tsx,24,calendar,replace,"a screen or component composed over legacy state: rebuild as a thin view of a domain read model"
components/OperatingRhythm.tsx,22,unassigned,replace,"a screen or component composed over legacy state: rebuild as a thin view of a domain read model"
components/OperatingRhythmWorkspace.tsx,1016,unassigned,replace,"a screen or component composed over legacy state: rebuild as a thin view of a domain read model"
components/OutcomeScenarios.tsx,53,academic,replace,"a screen or component composed over legacy state: rebuild as a thin view of a domain read model"
components/PacketPreview.tsx,116,unassigned,delete-candidate,"no import path from any entry point reaches it: dead in the product, alive only if a test imports it. Confirm no script or glob loads it, then delete it with its test"
components/Page.tsx,199,platform,reuse,"a shared primitive (82 importers): the design system"
components/PathProfileForm.tsx,98,academic,replace,"a screen or component composed over legacy state: rebuild as a thin view of a domain read model"
components/PathSnapshotCard.tsx,98,academic,replace,"a screen or component composed over legacy state: rebuild as a thin view of a domain read model"
components/PiecesRow.tsx,127,platform,replace,"a screen or component composed over legacy state: rebuild as a thin view of a domain read model"
components/Plan.tsx,296,learning,replace,"a screen or component composed over legacy state: rebuild as a thin view of a domain read model"
components/Plot.tsx,408,learning,replace,"a screen or component composed over legacy state: rebuild as a thin view of a domain read model"
components/PlusPrompt.tsx,110,finance,replace,"a screen or component composed over legacy state: rebuild as a thin view of a domain read model"
components/Popover.tsx,281,platform,replace,"a screen or component composed over legacy state: rebuild as a thin view of a domain read model"
components/PostMortem.tsx,175,platform,replace,"a screen or component composed over legacy state: rebuild as a thin view of a domain read model"
components/PrintButton.tsx,34,learning,replace,"a screen or component composed over legacy state: rebuild as a thin view of a domain read model"
components/Produced.tsx,105,ai,replace,"a screen or component composed over legacy state: rebuild as a thin view of a domain read model"
components/ProductivityBrowserCapture.tsx,133,productivity,replace,"a screen or component composed over legacy state: rebuild as a thin view of a domain read model"
components/ProductivityCloud.tsx,201,productivity,replace,"a screen or component composed over legacy state: rebuild as a thin view of a domain read model"
components/ProductivityPreparation.tsx,522,productivity,replace,"a screen or component composed over legacy state: rebuild as a thin view of a domain read model"
components/ProductivitySourceCheck.tsx,72,platform,replace,"a screen or component composed over legacy state: rebuild as a thin view of a domain read model"
components/ProductivityWorkspace.tsx,1259,productivity,replace,"a screen or component composed over legacy state: rebuild as a thin view of a domain read model"
components/ProjectFile.tsx,305,ai,replace,"a screen or component composed over legacy state: rebuild as a thin view of a domain read model"
components/PullDown.tsx,145,platform,replace,"a screen or component composed over legacy state: rebuild as a thin view of a domain read model"
components/PushSwitch.tsx,248,calendar,replace,"a screen or component composed over legacy state: rebuild as a thin view of a domain read model"
components/PushTop.tsx,96,academic,replace,"a screen or component composed over legacy state: rebuild as a thin view of a domain read model"
components/QuickActions.tsx,39,calendar,replace,"a screen or component composed over legacy state: rebuild as a thin view of a domain read model"
components/QuickAdd.tsx,460,ai,replace,"a screen or component composed over legacy state: rebuild as a thin view of a domain read model"
components/QuizFeedback.tsx,126,learning,replace,"a screen or component composed over legacy state: rebuild as a thin view of a domain read model"
components/ReadOnlyBanner.tsx,34,identity,replace,"a screen or component composed over legacy state: rebuild as a thin view of a domain read model"
components/ReadingProgress.tsx,313,unassigned,replace,"a screen or component composed over legacy state: rebuild as a thin view of a domain read model"
components/RecordButton.tsx,352,ai,replace,"a screen or component composed over legacy state: rebuild as a thin view of a domain read model"
components/RecordLabel.tsx,75,platform,replace,"a screen or component composed over legacy state: rebuild as a thin view of a domain read model"
components/RecoveryMode.tsx,140,tasks,delete-candidate,"no import path from any entry point reaches it: dead in the product, alive only if a test imports it. Confirm no script or glob loads it, then delete it with its test"
components/ReferralLink.tsx,190,community,replace,"a screen or component composed over legacy state: rebuild as a thin view of a domain read model"
components/RegistrationDay.tsx,586,academic,replace,"a screen or component composed over legacy state: rebuild as a thin view of a domain read model"
components/RegistrationDayCard.tsx,163,academic,replace,"a screen or component composed over legacy state: rebuild as a thin view of a domain read model"
components/RegistrationPortal.tsx,50,academic,replace,"a screen or component composed over legacy state: rebuild as a thin view of a domain read model"
components/RegistrationReadiness.tsx,70,academic,replace,"a screen or component composed over legacy state: rebuild as a thin view of a domain read model"
components/Reorder.tsx,92,platform,replace,"a screen or component composed over legacy state: rebuild as a thin view of a domain read model"
components/Replaced.tsx,96,productivity,replace,"a screen or component composed over legacy state: rebuild as a thin view of a domain read model"
components/ReportQueue.tsx,115,community,replace,"a screen or component composed over legacy state: rebuild as a thin view of a domain read model"
components/Review.tsx,153,productivity,replace,"a screen or component composed over legacy state: rebuild as a thin view of a domain read model"
components/ReviewSheet.tsx,530,support-trust,replace,"a screen or component composed over legacy state: rebuild as a thin view of a domain read model"
components/Rework.tsx,307,ai,replace,"a screen or component composed over legacy state: rebuild as a thin view of a domain read model"
components/Ribbon.tsx,370,platform,replace,"a screen or component composed over legacy state: rebuild as a thin view of a domain read model"
components/Ringing.tsx,201,calendar,replace,"a screen or component composed over legacy state: rebuild as a thin view of a domain read model"
components/RoomsNow.tsx,45,support-trust,replace,"a screen or component composed over legacy state: rebuild as a thin view of a domain read model"
components/Running.tsx,74,identity,replace,"a screen or component composed over legacy state: rebuild as a thin view of a domain read model"
components/Said.tsx,117,platform,replace,"a screen or component composed over legacy state: rebuild as a thin view of a domain read model"
components/SampleMark.tsx,130,admin,replace,"a screen or component composed over legacy state: rebuild as a thin view of a domain read model"
components/SaveAsEvidence.tsx,24,learning,replace,"a screen or component composed over legacy state: rebuild as a thin view of a domain read model"
components/SayIt.tsx,141,ai,replace,"a screen or component composed over legacy state: rebuild as a thin view of a domain read model"
components/SaySomething.tsx,177,unassigned,replace,"a screen or component composed over legacy state: rebuild as a thin view of a domain read model"
components/ScanIsbn.tsx,120,productivity,replace,"a screen or component composed over legacy state: rebuild as a thin view of a domain read model"
components/ScenarioComparison.tsx,101,academic,replace,"a screen or component composed over legacy state: rebuild as a thin view of a domain read model"
components/SchoolClaim.tsx,404,identity,replace,"a screen or component composed over legacy state: rebuild as a thin view of a domain read model"
components/SchoolPackDoor.tsx,245,identity,replace,"a screen or component composed over legacy state: rebuild as a thin view of a domain read model"
components/SchoolPicker.tsx,334,identity,replace,"a screen or component composed over legacy state: rebuild as a thin view of a domain read model"
components/SchoolRecords.tsx,212,admin,replace,"a screen or component composed over legacy state: rebuild as a thin view of a domain read model"
components/ScoreField.tsx,141,academic,replace,"a screen or component composed over legacy state: rebuild as a thin view of a domain read model"
components/ScoreShot.tsx,288,productivity,replace,"a screen or component composed over legacy state: rebuild as a thin view of a domain read model"
components/ScrollArea.tsx,138,platform,replace,"a screen or component composed over legacy state: rebuild as a thin view of a domain read model"
components/SemesterWrapped.tsx,192,identity,replace,"a screen or component composed over legacy state: rebuild as a thin view of a domain read model"
components/ShareCourse.tsx,78,support-trust,replace,"a screen or component composed over legacy state: rebuild as a thin view of a domain read model"
components/SharedWithYou.tsx,96,family,replace,"a screen or component composed over legacy state: rebuild as a thin view of a domain read model"
components/SharingList.tsx,73,identity,replace,"a screen or component composed over legacy state: rebuild as a thin view of a domain read model"
components/SheetChart.tsx,395,productivity,replace,"a screen or component composed over legacy state: rebuild as a thin view of a domain read model"
components/SkillsGraph.tsx,39,learning,replace,"a screen or component composed over legacy state: rebuild as a thin view of a domain read model"
components/Snapshots.tsx,231,productivity,replace,"a screen or component composed over legacy state: rebuild as a thin view of a domain read model"
components/Sound.tsx,133,productivity,replace,"a screen or component composed over legacy state: rebuild as a thin view of a domain read model"
components/SourceBadge.tsx,93,academic,reuse,"a shared primitive (31 importers): the design system"
components/SourceLocker.tsx,237,productivity,replace,"a screen or component composed over legacy state: rebuild as a thin view of a domain read model"
components/Splash.tsx,120,platform,replace,"a screen or component composed over legacy state: rebuild as a thin view of a domain read model"
components/Standing.tsx,177,learning,replace,"a screen or component composed over legacy state: rebuild as a thin view of a domain read model"
components/StartToday.tsx,253,calendar,replace,"a screen or component composed over legacy state: rebuild as a thin view of a domain read model"
components/StatusNotice.tsx,69,support-trust,replace,"a screen or component composed over legacy state: rebuild as a thin view of a domain read model"
components/StorageRoom.tsx,97,platform,replace,"a screen or component composed over legacy state: rebuild as a thin view of a domain read model"
components/StudentOperating.tsx,137,calendar,replace,"a screen or component composed over legacy state: rebuild as a thin view of a domain read model"
components/StudyAbroad.tsx,356,academic,replace,"a screen or component composed over legacy state: rebuild as a thin view of a domain read model"
components/StudyJournal.tsx,52,learning,replace,"a screen or component composed over legacy state: rebuild as a thin view of a domain read model"
components/StudyReadiness.tsx,162,academic,replace,"a screen or component composed over legacy state: rebuild as a thin view of a domain read model"
components/StudyStudio.tsx,101,learning,replace,"a screen or component composed over legacy state: rebuild as a thin view of a domain read model"
components/Subscribe.tsx,284,productivity,replace,"a screen or component composed over legacy state: rebuild as a thin view of a domain read model"
components/Suggested.tsx,190,career,replace,"a screen or component composed over legacy state: rebuild as a thin view of a domain read model"
components/SupportAccess.tsx,226,support-trust,replace,"a screen or component composed over legacy state: rebuild as a thin view of a domain read model"
components/SupportTicketsPanel.tsx,320,support-trust,replace,"a screen or component composed over legacy state: rebuild as a thin view of a domain read model"
components/Suppose.tsx,279,academic,replace,"a screen or component composed over legacy state: rebuild as a thin view of a domain read model"
components/Surface.tsx,208,learning,replace,"a screen or component composed over legacy state: rebuild as a thin view of a domain read model"
components/SyncStrip.tsx,51,support-trust,replace,"a screen or component composed over legacy state: rebuild as a thin view of a domain read model"
components/TabChooser.tsx,292,calendar,replace,"a screen or component composed over legacy state: rebuild as a thin view of a domain read model"
components/TabFind.tsx,428,productivity,replace,"a screen or component composed over legacy state: rebuild as a thin view of a domain read model"
components/TabIcon.tsx,36,platform,replace,"a screen or component composed over legacy state: rebuild as a thin view of a domain read model"
components/TabMenu.tsx,360,productivity,replace,"a screen or component composed over legacy state: rebuild as a thin view of a domain read model"
components/TabPeek.tsx,222,platform,replace,"a screen or component composed over legacy state: rebuild as a thin view of a domain read model"
components/Tabs.tsx,1075,productivity,replace,"a screen or component composed over legacy state: rebuild as a thin view of a domain read model"
components/Tapped.tsx,94,platform,replace,"a screen or component composed over legacy state: rebuild as a thin view of a domain read model"
components/TeachBack.tsx,126,learning,replace,"a screen or component composed over legacy state: rebuild as a thin view of a domain read model"
components/TermChoice.tsx,46,calendar,replace,"a screen or component composed over legacy state: rebuild as a thin view of a domain read model"
components/TermSwitch.tsx,41,calendar,replace,"a screen or component composed over legacy state: rebuild as a thin view of a domain read model"
components/TermTransition.tsx,46,calendar,replace,"a screen or component composed over legacy state: rebuild as a thin view of a domain read model"
components/Timer.tsx,309,identity,replace,"a screen or component composed over legacy state: rebuild as a thin view of a domain read model"
components/TimerLine.tsx,82,calendar,replace,"a screen or component composed over legacy state: rebuild as a thin view of a domain read model"
components/TodayActionCenter.tsx,313,today,replace,"a screen or component composed over legacy state: rebuild as a thin view of a domain read model"
components/TodayDecisionSurface.tsx,333,today,replace,"a screen or component composed over legacy state: rebuild as a thin view of a domain read model"
components/TodayGuide.tsx,96,today,replace,"a screen or component composed over legacy state: rebuild as a thin view of a domain read model"
components/TravelPack.tsx,217,campus,replace,"a screen or component composed over legacy state: rebuild as a thin view of a domain read model"
components/Trouble.tsx,80,community,reuse,"a shared primitive (35 importers): the design system"
components/TrustCenter.tsx,306,academic,replace,"a screen or component composed over legacy state: rebuild as a thin view of a domain read model"
components/TypeToConfirm.tsx,174,tasks,replace,"a screen or component composed over legacy state: rebuild as a thin view of a domain read model"
components/Undone.tsx,115,tasks,replace,"a screen or component composed over legacy state: rebuild as a thin view of a domain read model"
components/UseSources.tsx,61,platform,replace,"a screen or component composed over legacy state: rebuild as a thin view of a domain read model"
components/VerifiedListings.tsx,79,career,replace,"a screen or component composed over legacy state: rebuild as a thin view of a domain read model"
components/Waiting.tsx,200,campus,replace,"a screen or component composed over legacy state: rebuild as a thin view of a domain read model"
components/WaitingSends.tsx,154,platform,replace,"a screen or component composed over legacy state: rebuild as a thin view of a domain read model"
components/Walks.tsx,100,today,replace,"a screen or component composed over legacy state: rebuild as a thin view of a domain read model"
components/Watching.tsx,72,support-trust,replace,"a screen or component composed over legacy state: rebuild as a thin view of a domain read model"
components/WeekDue.tsx,146,calendar,replace,"a screen or component composed over legacy state: rebuild as a thin view of a domain read model"
components/WeekGrid.tsx,293,calendar,replace,"a screen or component composed over legacy state: rebuild as a thin view of a domain read model"
components/WeeklyReflection.tsx,100,calendar,replace,"a screen or component composed over legacy state: rebuild as a thin view of a domain read model"
components/WeeklyReset.tsx,235,calendar,replace,"a screen or component composed over legacy state: rebuild as a thin view of a domain read model"
components/WhatChanged.tsx,122,unassigned,replace,"a screen or component composed over legacy state: rebuild as a thin view of a domain read model"
components/WhereItStands.tsx,144,platform,replace,"a screen or component composed over legacy state: rebuild as a thin view of a domain read model"
components/Windows.tsx,84,calendar,replace,"a screen or component composed over legacy state: rebuild as a thin view of a domain read model"
components/WorkWindows.tsx,183,platform,replace,"a screen or component composed over legacy state: rebuild as a thin view of a domain read model"
components/WorkspaceBackup.tsx,157,productivity,replace,"a screen or component composed over legacy state: rebuild as a thin view of a domain read model"
components/YourCourses.tsx,256,identity,replace,"a screen or component composed over legacy state: rebuild as a thin view of a domain read model"
components/academic/Form.tsx,103,platform,replace,"a screen or component composed over legacy state: rebuild as a thin view of a domain read model"
components/community/AliasPanel.tsx,120,community,replace,"a screen or component composed over legacy state: rebuild as a thin view of a domain read model"
components/community/Composer.tsx,211,community,replace,"a screen or component composed over legacy state: rebuild as a thin view of a domain read model"
components/community/Escalation.tsx,237,community,replace,"a screen or component composed over legacy state: rebuild as a thin view of a domain read model"
components/community/IdentityCheck.tsx,193,community,replace,"a screen or component composed over legacy state: rebuild as a thin view of a domain read model"
components/community/PostImage.tsx,59,community,replace,"a screen or component composed over legacy state: rebuild as a thin view of a domain read model"
components/community/ReportSheet.tsx,93,community,replace,"a screen or component composed over legacy state: rebuild as a thin view of a domain read model"
components/community/SafetyRead.tsx,64,community,replace,"a screen or component composed over legacy state: rebuild as a thin view of a domain read model"
components/community/Sessions.tsx,180,community,replace,"a screen or component composed over legacy state: rebuild as a thin view of a domain read model"
components/console/Approvals.tsx,239,admin,replace,"a screen or component composed over legacy state: rebuild as a thin view of a domain read model"
components/console/Audit.tsx,86,admin,replace,"a screen or component composed over legacy state: rebuild as a thin view of a domain read model"
components/console/BreakGlass.tsx,116,admin,replace,"a screen or component composed over legacy state: rebuild as a thin view of a domain read model"
components/console/CommandCenter.tsx,76,admin,replace,"a screen or component composed over legacy state: rebuild as a thin view of a domain read model"
components/console/ContextBar.tsx,70,admin,replace,"a screen or component composed over legacy state: rebuild as a thin view of a domain read model"
components/console/Customers.tsx,140,admin,replace,"a screen or component composed over legacy state: rebuild as a thin view of a domain read model"
components/console/Evidence.tsx,50,admin,replace,"a screen or component composed over legacy state: rebuild as a thin view of a domain read model"
components/console/Fields.tsx,80,admin,replace,"a screen or component composed over legacy state: rebuild as a thin view of a domain read model"
components/console/Figures.tsx,64,admin,replace,"a screen or component composed over legacy state: rebuild as a thin view of a domain read model"
components/console/StandardsCrosswalk.tsx,37,admin,replace,"a screen or component composed over legacy state: rebuild as a thin view of a domain read model"
components/console/SupportQueue.tsx,236,admin,replace,"a screen or component composed over legacy state: rebuild as a thin view of a domain read model"
components/console/Views.tsx,84,admin,replace,"a screen or component composed over legacy state: rebuild as a thin view of a domain read model"
components/creation/Answering.tsx,113,productivity,replace,"a screen or component composed over legacy state: rebuild as a thin view of a domain read model"
components/creation/DesignEditor.tsx,1644,productivity,replace,"a screen or component composed over legacy state: rebuild as a thin view of a domain read model"
components/creation/FormBuilder.tsx,448,productivity,replace,"a screen or component composed over legacy state: rebuild as a thin view of a domain read model"
components/creation/Publishing.tsx,197,productivity,replace,"a screen or component composed over legacy state: rebuild as a thin view of a domain read model"
components/creation/VideoEditor.tsx,672,productivity,replace,"a screen or component composed over legacy state: rebuild as a thin view of a domain read model"
components/desk/AppsPanel.tsx,145,productivity,replace,"a screen or component composed over legacy state: rebuild as a thin view of a domain read model"
components/desk/Customize.tsx,153,productivity,replace,"a screen or component composed over legacy state: rebuild as a thin view of a domain read model"
components/desk/Sidebar.tsx,128,productivity,replace,"a screen or component composed over legacy state: rebuild as a thin view of a domain read model"
components/desk/TopBar.tsx,351,productivity,replace,"a screen or component composed over legacy state: rebuild as a thin view of a domain read model"
components/desk/barfocus.ts,62,productivity,replace,"a screen or component composed over legacy state: rebuild as a thin view of a domain read model"
components/desk/suggesting.ts,29,productivity,replace,"a screen or component composed over legacy state: rebuild as a thin view of a domain read model"
components/dining/Counter.tsx,190,campus,replace,"a screen or component composed over legacy state: rebuild as a thin view of a domain read model"
components/enrollment/RegistrarDesk.tsx,380,admin,replace,"a screen or component composed over legacy state: rebuild as a thin view of a domain read model"
components/enrollment/StudentRegistration.tsx,339,admin,replace,"a screen or component composed over legacy state: rebuild as a thin view of a domain read model"
components/gradebook/InstructorBook.tsx,559,academic,replace,"a screen or component composed over legacy state: rebuild as a thin view of a domain read model"
components/gradebook/StudentGrades.tsx,200,academic,replace,"a screen or component composed over legacy state: rebuild as a thin view of a domain read model"
components/icons.data.ts,745,platform,replace,"a screen or component composed over legacy state: rebuild as a thin view of a domain read model"
components/icons.pick.ts,237,platform,replace,"a screen or component composed over legacy state: rebuild as a thin view of a domain read model"
components/institutional/CampaignManager.tsx,722,admin,replace,"a screen or component composed over legacy state: rebuild as a thin view of a domain read model"
components/institutional/ConfigurationStudio.tsx,453,admin,replace,"a screen or component composed over legacy state: rebuild as a thin view of a domain read model"
components/institutional/ControlPlane.tsx,64,admin,replace,"a screen or component composed over legacy state: rebuild as a thin view of a domain read model"
components/institutional/FlightPlanCalendar.tsx,101,admin,replace,"a screen or component composed over legacy state: rebuild as a thin view of a domain read model"
components/institutional/FlightPlanContext.tsx,65,admin,replace,"a screen or component composed over legacy state: rebuild as a thin view of a domain read model"
components/institutional/FlightPlanHome.tsx,97,admin,replace,"a screen or component composed over legacy state: rebuild as a thin view of a domain read model"
components/institutional/FlightPlanInbox.tsx,31,admin,replace,"a screen or component composed over legacy state: rebuild as a thin view of a domain read model"
components/institutional/FlightPlanLearning.tsx,65,admin,replace,"a screen or component composed over legacy state: rebuild as a thin view of a domain read model"
components/institutional/FlightPlanRecovery.tsx,45,admin,replace,"a screen or component composed over legacy state: rebuild as a thin view of a domain read model"
components/institutional/InstitutionalPackage.tsx,32,admin,replace,"a screen or component composed over legacy state: rebuild as a thin view of a domain read model"
components/institutional/IntegrationDashboard.tsx,414,admin,replace,"a screen or component composed over legacy state: rebuild as a thin view of a domain read model"
components/institutional/MigrationCenter.tsx,827,admin,replace,"a screen or component composed over legacy state: rebuild as a thin view of a domain read model"
components/institutional/ModulesPanel.tsx,115,admin,replace,"a screen or component composed over legacy state: rebuild as a thin view of a domain read model"
components/institutional/OperationsStudio.tsx,443,admin,replace,"a screen or component composed over legacy state: rebuild as a thin view of a domain read model"
components/institutional/PolicySimulator.tsx,135,admin,replace,"a screen or component composed over legacy state: rebuild as a thin view of a domain read model"
components/institutional/PreviewContext.tsx,61,admin,replace,"a screen or component composed over legacy state: rebuild as a thin view of a domain read model"
components/institutional/PreviewRoot.tsx,16,admin,replace,"a screen or component composed over legacy state: rebuild as a thin view of a domain read model"
components/institutional/RecordLedger.tsx,483,admin,replace,"a screen or component composed over legacy state: rebuild as a thin view of a domain read model"
components/institutional/RoleWorkspace.tsx,195,admin,replace,"a screen or component composed over legacy state: rebuild as a thin view of a domain read model"
components/institutional/StandardsAudit.tsx,82,admin,replace,"a screen or component composed over legacy state: rebuild as a thin view of a domain read model"
components/institutional/StudentAccounts.tsx,689,admin,replace,"a screen or component composed over legacy state: rebuild as a thin view of a domain read model"
components/institutional/TrustDashboard.tsx,133,admin,replace,"a screen or component composed over legacy state: rebuild as a thin view of a domain read model"
components/institutional/WorkflowBuilder.tsx,549,admin,replace,"a screen or component composed over legacy state: rebuild as a thin view of a domain read model"
components/institutional/role-workspace.ts,129,admin,replace,"a screen or component composed over legacy state: rebuild as a thin view of a domain read model"
components/mail/Compose.tsx,454,platform,replace,"a screen or component composed over legacy state: rebuild as a thin view of a domain read model"
components/mail/List.tsx,238,platform,replace,"a screen or component composed over legacy state: rebuild as a thin view of a domain read model"
components/mail/Rail.tsx,153,platform,replace,"a screen or component composed over legacy state: rebuild as a thin view of a domain read model"
components/mail/Reader.tsx,283,platform,replace,"a screen or component composed over legacy state: rebuild as a thin view of a domain read model"
components/mail/Rules.tsx,241,platform,replace,"a screen or component composed over legacy state: rebuild as a thin view of a domain read model"
components/mark.data.ts,112,unassigned,replace,"a screen or component composed over legacy state: rebuild as a thin view of a domain read model"
components/mark.svg.ts,139,unassigned,replace,"a screen or component composed over legacy state: rebuild as a thin view of a domain read model"
components/nav/AllApps.tsx,71,platform,replace,"a screen or component composed over legacy state: rebuild as a thin view of a domain read model"
components/nav/AppGrid.tsx,77,platform,replace,"a screen or component composed over legacy state: rebuild as a thin view of a domain read model"
components/nav/ByTask.tsx,274,platform,replace,"a screen or component composed over legacy state: rebuild as a thin view of a domain read model"
components/nav/InstitutionalPrimaryNav.tsx,36,platform,replace,"a screen or component composed over legacy state: rebuild as a thin view of a domain read model"
components/nav/InstitutionalWorkspaceNav.tsx,86,platform,replace,"a screen or component composed over legacy state: rebuild as a thin view of a domain read model"
components/nav/ShelfNav.tsx,108,platform,replace,"a screen or component composed over legacy state: rebuild as a thin view of a domain read model"
components/nav/TileSheet.tsx,114,platform,replace,"a screen or component composed over legacy state: rebuild as a thin view of a domain read model"
components/room/Rooms.tsx,469,platform,replace,"a screen or component composed over legacy state: rebuild as a thin view of a domain read model"
components/room/Says.tsx,351,platform,replace,"a screen or component composed over legacy state: rebuild as a thin view of a domain read model"
components/room/Talk.tsx,766,platform,replace,"a screen or component composed over legacy state: rebuild as a thin view of a domain read model"
components/room/Write.tsx,250,platform,replace,"a screen or component composed over legacy state: rebuild as a thin view of a domain read model"
components/rowparts.ts,17,campus,replace,"a screen or component composed over legacy state: rebuild as a thin view of a domain read model"
components/shell-context.ts,6,platform,replace,"a screen or component composed over legacy state: rebuild as a thin view of a domain read model"
components/shell/Rows.tsx,610,platform,reuse,"a shared primitive (36 importers): the design system"
components/shell/ShellBody.tsx,142,platform,replace,"a screen or component composed over legacy state: rebuild as a thin view of a domain read model"
components/shell/exempt.ts,115,platform,replace,"a screen or component composed over legacy state: rebuild as a thin view of a domain read model"
components/shell/useShell.ts,148,platform,reuse,"a shared primitive (44 importers): the design system"
components/soft/Soft.tsx,213,platform,replace,"a screen or component composed over legacy state: rebuild as a thin view of a domain read model"
components/soft/SoftTop.tsx,74,platform,replace,"a screen or component composed over legacy state: rebuild as a thin view of a domain read model"
components/soft/SoftTopBody.tsx,184,platform,replace,"a screen or component composed over legacy state: rebuild as a thin view of a domain read model"
components/tones.ts,38,productivity,replace,"a screen or component composed over legacy state: rebuild as a thin view of a domain read model"
components/toolkit/AssignmentPanel.tsx,253,learning,replace,"a screen or component composed over legacy state: rebuild as a thin view of a domain read model"
components/toolkit/DataPanel.tsx,419,learning,replace,"a screen or component composed over legacy state: rebuild as a thin view of a domain read model"
components/toolkit/DisclosurePanel.tsx,84,learning,replace,"a screen or component composed over legacy state: rebuild as a thin view of a domain read model"
components/toolkit/ResearchPanel.tsx,342,learning,replace,"a screen or component composed over legacy state: rebuild as a thin view of a domain read model"
components/toolkit/Toolkit.tsx,437,learning,replace,"a screen or component composed over legacy state: rebuild as a thin view of a domain read model"
components/toolkit/store.ts,75,learning,replace,"a screen or component composed over legacy state: rebuild as a thin view of a domain read model"
components/ui.tsx,1037,platform,reuse,"a shared primitive (266 importers): the design system"
components/unity/AccessibilityPanel.tsx,49,platform,replace,"a screen or component composed over legacy state: rebuild as a thin view of a domain read model"
components/unity/AccessibilityTools.tsx,12,platform,replace,"a screen or component composed over legacy state: rebuild as a thin view of a domain read model"
components/unity/CommandCenter.tsx,172,platform,replace,"a screen or component composed over legacy state: rebuild as a thin view of a domain read model"
components/unity/ContextBar.tsx,100,platform,replace,"a screen or component composed over legacy state: rebuild as a thin view of a domain read model"
components/unity/DecisionTrail.tsx,32,platform,replace,"a screen or component composed over legacy state: rebuild as a thin view of a domain read model"
components/unity/NextSteps.tsx,38,platform,replace,"a screen or component composed over legacy state: rebuild as a thin view of a domain read model"
components/unity/ObjectCard.tsx,152,platform,replace,"a screen or component composed over legacy state: rebuild as a thin view of a domain read model"
components/unity/OpenIn.tsx,48,platform,replace,"a screen or component composed over legacy state: rebuild as a thin view of a domain read model"
components/unity/QuickActions.tsx,61,platform,replace,"a screen or component composed over legacy state: rebuild as a thin view of a domain read model"
components/unity/ScreenGuide.tsx,97,platform,replace,"a screen or component composed over legacy state: rebuild as a thin view of a domain read model"
components/unity/States.tsx,265,platform,replace,"a screen or component composed over legacy state: rebuild as a thin view of a domain read model"
components/unity/Status.tsx,70,platform,replace,"a screen or component composed over legacy state: rebuild as a thin view of a domain read model"
components/unity/SystemContextBar.tsx,91,platform,replace,"a screen or component composed over legacy state: rebuild as a thin view of a domain read model"
components/unity/ToolDisclosure.tsx,52,platform,replace,"a screen or component composed over legacy state: rebuild as a thin view of a domain read model"
components/unity/UnityLayer.tsx,358,platform,replace,"a screen or component composed over legacy state: rebuild as a thin view of a domain read model"
components/unity/Visibility.tsx,88,platform,replace,"a screen or component composed over legacy state: rebuild as a thin view of a domain read model"
components/unity/modes.tsx,165,platform,replace,"a screen or component composed over legacy state: rebuild as a thin view of a domain read model"
composition/domains.ts,67,platform,reuse,"pure logic with no ambient dependency: wrap behind an adapter now, move into its domain when next touched"
content/ledger.ts,33,learning,reuse,"pure logic with no ambient dependency: wrap behind an adapter now, move into its domain when next touched"
content/terms.ts,247,learning,reuse,"pure logic with no ambient dependency: wrap behind an adapter now, move into its domain when next touched"
data/campus.ts,290,learning,reuse,"course content: move to a content package unchanged"
data/catalog.ts,238,learning,reuse,"course content: move to a content package unchanged"
data/courses/bus/guide.ts,651,learning,reuse,"course content: move to a content package unchanged"
data/courses/bus/index.ts,446,learning,reuse,"course content: move to a content package unchanged"
data/courses/bus/lessons.ts,986,learning,reuse,"course content: move to a content package unchanged"
data/courses/core/guide.ts,457,learning,reuse,"course content: move to a content package unchanged"
data/courses/core/index.ts,644,learning,reuse,"course content: move to a content package unchanged"
data/courses/core/lessons.ts,673,learning,reuse,"course content: move to a content package unchanged"
data/courses/econ/guide.ts,467,learning,reuse,"course content: move to a content package unchanged"
data/courses/econ/index.ts,301,learning,reuse,"course content: move to a content package unchanged"
data/courses/econ/lessons.ts,768,learning,reuse,"course content: move to a content package unchanged"
data/courses/psci/guide.ts,829,learning,reuse,"course content: move to a content package unchanged"
data/courses/psci/index.ts,469,learning,reuse,"course content: move to a content package unchanged"
data/courses/psci/lessons.ts,1225,learning,reuse,"course content: move to a content package unchanged"
data/events.ts,247,learning,reuse,"course content: move to a content package unchanged"
data/fellowships.ts,286,learning,reuse,"course content: move to a content package unchanged"
data/institutional-preview.ts,227,learning,reuse,"course content: move to a content package unchanged"
data/misc.ts,157,learning,reuse,"course content: move to a content package unchanged"
data/schools/index.ts,80,learning,reuse,"course content: move to a content package unchanged"
data/seed.ts,90,learning,reuse,"course content: move to a content package unchanged"
data/transcripts/bus.ts,327,learning,reuse,"course content: move to a content package unchanged"
data/transcripts/core.ts,260,learning,reuse,"course content: move to a content package unchanged"
data/transcripts/econ.ts,312,learning,reuse,"course content: move to a content package unchanged"
data/transcripts/psci.ts,360,learning,reuse,"course content: move to a content package unchanged"
domains/calendar/adapters/index.ts,2,calendar,reuse,"pure logic with no ambient dependency: wrap behind an adapter now, move into its domain when next touched"
domains/calendar/adapters/legacy.ts,53,calendar,reuse,"pure logic with no ambient dependency: wrap behind an adapter now, move into its domain when next touched"
domains/calendar/application/get-agenda.ts,45,calendar,reuse,"pure logic with no ambient dependency: wrap behind an adapter now, move into its domain when next touched"
domains/calendar/domain/agenda.ts,87,calendar,reuse,"pure logic with no ambient dependency: wrap behind an adapter now, move into its domain when next touched"
domains/calendar/index.ts,10,calendar,reuse,"pure logic with no ambient dependency: wrap behind an adapter now, move into its domain when next touched"
domains/identity/adapters/index.ts,3,identity,reuse,"pure logic with no ambient dependency: wrap behind an adapter now, move into its domain when next touched"
domains/identity/adapters/legacy.ts,36,identity,reuse,"pure logic with no ambient dependency: wrap behind an adapter now, move into its domain when next touched"
domains/identity/application/current-subject.ts,6,identity,reuse,"pure logic with no ambient dependency: wrap behind an adapter now, move into its domain when next touched"
domains/identity/application/ports.ts,7,identity,reuse,"pure logic with no ambient dependency: wrap behind an adapter now, move into its domain when next touched"
domains/identity/domain/subject.ts,53,identity,reuse,"pure logic with no ambient dependency: wrap behind an adapter now, move into its domain when next touched"
domains/identity/index.ts,11,identity,reuse,"pure logic with no ambient dependency: wrap behind an adapter now, move into its domain when next touched"
domains/policy/application/authorizer.ts,96,policy,reuse,"pure logic with no ambient dependency: wrap behind an adapter now, move into its domain when next touched"
domains/policy/domain/personal.ts,53,policy,reuse,"pure logic with no ambient dependency: wrap behind an adapter now, move into its domain when next touched"
domains/policy/index.ts,13,policy,reuse,"pure logic with no ambient dependency: wrap behind an adapter now, move into its domain when next touched"
domains/tasks/adapters/index.ts,3,tasks,reuse,"pure logic with no ambient dependency: wrap behind an adapter now, move into its domain when next touched"
domains/tasks/adapters/legacy.ts,54,tasks,reuse,"pure logic with no ambient dependency: wrap behind an adapter now, move into its domain when next touched"
domains/tasks/application/ports.ts,23,tasks,reuse,"pure logic with no ambient dependency: wrap behind an adapter now, move into its domain when next touched"
domains/tasks/application/use-cases.ts,70,tasks,reuse,"pure logic with no ambient dependency: wrap behind an adapter now, move into its domain when next touched"
domains/tasks/domain/task.ts,81,tasks,reuse,"pure logic with no ambient dependency: wrap behind an adapter now, move into its domain when next touched"
domains/tasks/index.ts,12,tasks,reuse,"pure logic with no ambient dependency: wrap behind an adapter now, move into its domain when next touched"
domains/today/adapters/index.ts,3,today,reuse,"pure logic with no ambient dependency: wrap behind an adapter now, move into its domain when next touched"
domains/today/adapters/legacy.ts,38,today,reuse,"pure logic with no ambient dependency: wrap behind an adapter now, move into its domain when next touched"
domains/today/application/get-today.ts,67,today,reuse,"pure logic with no ambient dependency: wrap behind an adapter now, move into its domain when next touched"
domains/today/domain/next.ts,29,today,reuse,"pure logic with no ambient dependency: wrap behind an adapter now, move into its domain when next touched"
domains/today/index.ts,10,today,reuse,"pure logic with no ambient dependency: wrap behind an adapter now, move into its domain when next touched"
headers.ts,322,platform,reuse,"pure logic with no ambient dependency: wrap behind an adapter now, move into its domain when next touched"
insights/attendance.ts,79,ai,reuse,"pure logic with no ambient dependency: wrap behind an adapter now, move into its domain when next touched"
insights/calibration.ts,110,ai,reuse,"pure logic with no ambient dependency: wrap behind an adapter now, move into its domain when next touched"
insights/confident.ts,81,ai,reuse,"pure logic with no ambient dependency: wrap behind an adapter now, move into its domain when next touched"
insights/facts.ts,57,ai,reuse,"pure logic with no ambient dependency: wrap behind an adapter now, move into its domain when next touched"
insights/index.ts,70,ai,reuse,"pure logic with no ambient dependency: wrap behind an adapter now, move into its domain when next touched"
insights/lines.ts,30,ai,reuse,"pure logic with no ambient dependency: wrap behind an adapter now, move into its domain when next touched"
insights/neglect.ts,155,ai,reuse,"pure logic with no ambient dependency: wrap behind an adapter now, move into its domain when next touched"
insights/open.ts,56,ai,reuse,"pure logic with no ambient dependency: wrap behind an adapter now, move into its domain when next touched"
insights/pressure.ts,105,ai,reuse,"pure logic with no ambient dependency: wrap behind an adapter now, move into its domain when next touched"
insights/projection.ts,81,ai,reuse,"pure logic with no ambient dependency: wrap behind an adapter now, move into its domain when next touched"
insights/types.ts,108,ai,reuse,"pure logic with no ambient dependency: wrap behind an adapter now, move into its domain when next touched"
intelligence/AgentPicker.tsx,48,ai,reuse,"pure logic with no ambient dependency: wrap behind an adapter now, move into its domain when next touched"
intelligence/Disclosure.tsx,88,ai,reuse,"pure logic with no ambient dependency: wrap behind an adapter now, move into its domain when next touched"
intelligence/ModePicker.tsx,79,ai,reuse,"pure logic with no ambient dependency: wrap behind an adapter now, move into its domain when next touched"
intelligence/assemble.ts,91,ai,reuse,"pure logic with no ambient dependency: wrap behind an adapter now, move into its domain when next touched"
intelligence/contracts.ts,97,ai,reuse,"pure logic with no ambient dependency: wrap behind an adapter now, move into its domain when next touched"
intelligence/session.ts,14,ai,reuse,"pure logic with no ambient dependency: wrap behind an adapter now, move into its domain when next touched"
kernel/clock.ts,46,platform,reuse,"pure logic with no ambient dependency: wrap behind an adapter now, move into its domain when next touched"
kernel/errors.ts,96,platform,reuse,"pure logic with no ambient dependency: wrap behind an adapter now, move into its domain when next touched"
kernel/events.ts,37,platform,reuse,"pure logic with no ambient dependency: wrap behind an adapter now, move into its domain when next touched"
kernel/ids.ts,19,platform,reuse,"pure logic with no ambient dependency: wrap behind an adapter now, move into its domain when next touched"
kernel/index.ts,18,platform,reuse,"pure logic with no ambient dependency: wrap behind an adapter now, move into its domain when next touched"
kernel/result.ts,25,platform,reuse,"pure logic with no ambient dependency: wrap behind an adapter now, move into its domain when next touched"
lib/aboutme.ts,170,identity,reuse,"pure logic with no ambient dependency: wrap behind an adapter now, move into its domain when next touched"
lib/abroad.ts,262,academic,reuse,"pure logic with no ambient dependency: wrap behind an adapter now, move into its domain when next touched"
lib/academic-recovery.ts,203,academic,reuse,"pure logic with no ambient dependency: wrap behind an adapter now, move into its domain when next touched"
lib/accessmode.ts,98,policy,reuse,"pure logic with no ambient dependency: wrap behind an adapter now, move into its domain when next touched"
lib/actionchoices.ts,85,tasks,reuse,"pure logic with no ambient dependency: wrap behind an adapter now, move into its domain when next touched"
lib/actions.ts,357,tasks,reuse,"pure logic with no ambient dependency: wrap behind an adapter now, move into its domain when next touched"
lib/activities.ts,322,campus,reuse,"pure logic with no ambient dependency: wrap behind an adapter now, move into its domain when next touched"
lib/activity.ts,160,campus,migrate,"touches storage, the network, the environment or React state: needs a port and an adapter before it can move"
lib/adopt.ts,182,admin,reuse,"pure logic with no ambient dependency: wrap behind an adapter now, move into its domain when next touched"
lib/adoptpieces.ts,223,admin,reuse,"pure logic with no ambient dependency: wrap behind an adapter now, move into its domain when next touched"
lib/advancement/edition.ts,117,academic,reuse,"pure logic with no ambient dependency: wrap behind an adapter now, move into its domain when next touched"
lib/advisor-attachments.ts,23,academic,reuse,"pure logic with no ambient dependency: wrap behind an adapter now, move into its domain when next touched"
lib/advisor-meeting.ts,328,academic,reuse,"pure logic with no ambient dependency: wrap behind an adapter now, move into its domain when next touched"
lib/advisor-shares.ts,138,academic,reuse,"pure logic with no ambient dependency: wrap behind an adapter now, move into its domain when next touched"
lib/again.ts,184,tasks,reuse,"pure logic with no ambient dependency: wrap behind an adapter now, move into its domain when next touched"
lib/age.ts,73,identity,reuse,"pure logic with no ambient dependency: wrap behind an adapter now, move into its domain when next touched"
lib/agreement.ts,62,admin,reuse,"pure logic with no ambient dependency: wrap behind an adapter now, move into its domain when next touched"
lib/ahead.ts,308,today,reuse,"pure logic with no ambient dependency: wrap behind an adapter now, move into its domain when next touched"
lib/aiflags.ts,130,policy,reuse,"pure logic with no ambient dependency: wrap behind an adapter now, move into its domain when next touched"
lib/aihandoff.ts,223,ai,migrate,"touches storage, the network, the environment or React state: needs a port and an adapter before it can move"
lib/allowance.ts,135,policy,migrate,"touches storage, the network, the environment or React state: needs a port and an adapter before it can move"
lib/aloud.ts,279,ai,reuse,"pure logic with no ambient dependency: wrap behind an adapter now, move into its domain when next touched"
lib/announce.ts,271,campus,reuse,"pure logic with no ambient dependency: wrap behind an adapter now, move into its domain when next touched"
lib/apply.ts,420,career,reuse,"pure logic with no ambient dependency: wrap behind an adapter now, move into its domain when next touched"
lib/apps.ts,112,identity,reuse,"pure logic with no ambient dependency: wrap behind an adapter now, move into its domain when next touched"
lib/arrange.ts,305,calendar,reuse,"pure logic with no ambient dependency: wrap behind an adapter now, move into its domain when next touched"
lib/arrive.ts,313,campus,reuse,"pure logic with no ambient dependency: wrap behind an adapter now, move into its domain when next touched"
lib/ask-human.ts,219,ai,reuse,"pure logic with no ambient dependency: wrap behind an adapter now, move into its domain when next touched"
lib/assessment/qti.ts,356,academic,delete-candidate,"no import path from any entry point reaches it: dead in the product, alive only if a test imports it. Confirm no script or glob loads it, then delete it with its test"
lib/asset.ts,22,productivity,migrate,"touches storage, the network, the environment or React state: needs a port and an adapter before it can move"
lib/assignment.ts,255,learning,reuse,"pure logic with no ambient dependency: wrap behind an adapter now, move into its domain when next touched"
lib/assistant-confidence.ts,58,ai,reuse,"pure logic with no ambient dependency: wrap behind an adapter now, move into its domain when next touched"
lib/assistant.ts,496,ai,migrate,"touches storage, the network, the environment or React state: needs a port and an adapter before it can move"
lib/athleteshare.ts,250,campus,reuse,"pure logic with no ambient dependency: wrap behind an adapter now, move into its domain when next touched"
lib/athletics.hook.ts,27,campus,reuse,"pure logic with no ambient dependency: wrap behind an adapter now, move into its domain when next touched"
lib/athletics.ts,459,campus,reuse,"pure logic with no ambient dependency: wrap behind an adapter now, move into its domain when next touched"
lib/atrisk.ts,89,calendar,reuse,"pure logic with no ambient dependency: wrap behind an adapter now, move into its domain when next touched"
lib/attempt.ts,142,learning,reuse,"pure logic with no ambient dependency: wrap behind an adapter now, move into its domain when next touched"
lib/attend.ts,266,calendar,reuse,"pure logic with no ambient dependency: wrap behind an adapter now, move into its domain when next touched"
lib/audit.ts,253,support-trust,delete-candidate,"no import path from any entry point reaches it: dead in the product, alive only if a test imports it. Confirm no script or glob loads it, then delete it with its test"
lib/automationrungs.ts,38,unassigned,delete-candidate,"no import path from any entry point reaches it: dead in the product, alive only if a test imports it. Confirm no script or glob loads it, then delete it with its test"
lib/awake.ts,51,platform,reuse,"pure logic with no ambient dependency: wrap behind an adapter now, move into its domain when next touched"
lib/band.ts,102,calendar,reuse,"pure logic with no ambient dependency: wrap behind an adapter now, move into its domain when next touched"
lib/barcode.ts,94,productivity,reuse,"pure logic with no ambient dependency: wrap behind an adapter now, move into its domain when next touched"
lib/basicneeds.ts,184,campus,delete-candidate,"no import path from any entry point reaches it: dead in the product, alive only if a test imports it. Confirm no script or glob loads it, then delete it with its test"
lib/beats.ts,122,today,reuse,"pure logic with no ambient dependency: wrap behind an adapter now, move into its domain when next touched"
lib/behind.ts,317,today,reuse,"pure logic with no ambient dependency: wrap behind an adapter now, move into its domain when next touched"
lib/benchmark.ts,178,support-trust,delete-candidate,"no import path from any entry point reaches it: dead in the product, alive only if a test imports it. Confirm no script or glob loads it, then delete it with its test"
lib/beta.ts,151,finance,reuse,"pure logic with no ambient dependency: wrap behind an adapter now, move into its domain when next touched"
lib/bill.ts,458,finance,reuse,"pure logic with no ambient dependency: wrap behind an adapter now, move into its domain when next touched"
lib/blank.ts,81,productivity,reuse,"pure logic with no ambient dependency: wrap behind an adapter now, move into its domain when next touched"
lib/blueprint.ts,490,support-trust,archive,"documentation kept as code, imported only by other such files and tests: move out of the client bundle"
lib/bookmarks.hook.ts,114,productivity,migrate,"touches storage, the network, the environment or React state: needs a port and an adapter before it can move"
lib/bookmarks.ts,239,productivity,migrate,"touches storage, the network, the environment or React state: needs a port and an adapter before it can move"
lib/bottomchrome.hook.ts,93,finance,reuse,"pure logic with no ambient dependency: wrap behind an adapter now, move into its domain when next touched"
lib/breaks.ts,75,platform,reuse,"pure logic with no ambient dependency: wrap behind an adapter now, move into its domain when next touched"
lib/brief.ts,285,today,reuse,"pure logic with no ambient dependency: wrap behind an adapter now, move into its domain when next touched"
lib/browser.hook.ts,368,productivity,migrate,"touches storage, the network, the environment or React state: needs a port and an adapter before it can move"
lib/browser.ts,1362,productivity,migrate,"touches storage, the network, the environment or React state: needs a port and an adapter before it can move"
lib/bundle.ts,218,productivity,reuse,"pure logic with no ambient dependency: wrap behind an adapter now, move into its domain when next touched"
lib/calc.ts,1004,learning,reuse,"pure logic with no ambient dependency: wrap behind an adapter now, move into its domain when next touched"
lib/call.ts,382,community,reuse,"pure logic with no ambient dependency: wrap behind an adapter now, move into its domain when next touched"
lib/calm-controls.ts,228,policy,reuse,"pure logic with no ambient dependency: wrap behind an adapter now, move into its domain when next touched"
lib/calsource.ts,160,calendar,reuse,"pure logic with no ambient dependency: wrap behind an adapter now, move into its domain when next touched"
lib/campusdirectory.ts,68,campus,reuse,"pure logic with no ambient dependency: wrap behind an adapter now, move into its domain when next touched"
lib/canvas.ts,314,admin,reuse,"pure logic with no ambient dependency: wrap behind an adapter now, move into its domain when next touched"
lib/capabilities.ts,80,identity,reuse,"pure logic with no ambient dependency: wrap behind an adapter now, move into its domain when next touched"
lib/capture-policy.ts,59,productivity,reuse,"pure logic with no ambient dependency: wrap behind an adapter now, move into its domain when next touched"
lib/capture.ts,393,productivity,reuse,"pure logic with no ambient dependency: wrap behind an adapter now, move into its domain when next touched"
lib/cara.ts,178,campus,reuse,"pure logic with no ambient dependency: wrap behind an adapter now, move into its domain when next touched"
lib/career-evidence.ts,364,career,reuse,"pure logic with no ambient dependency: wrap behind an adapter now, move into its domain when next touched"
lib/career.ts,619,career,reuse,"pure logic with no ambient dependency: wrap behind an adapter now, move into its domain when next touched"
lib/casework.ts,274,campus,reuse,"pure logic with no ambient dependency: wrap behind an adapter now, move into its domain when next touched"
lib/changeset.ts,528,productivity,reuse,"pure logic with no ambient dependency: wrap behind an adapter now, move into its domain when next touched"
lib/chart.ts,627,productivity,reuse,"pure logic with no ambient dependency: wrap behind an adapter now, move into its domain when next touched"
lib/chartlayer.ts,373,productivity,reuse,"pure logic with no ambient dependency: wrap behind an adapter now, move into its domain when next touched"
lib/chatlog.ts,202,ai,migrate,"touches storage, the network, the environment or React state: needs a port and an adapter before it can move"
lib/chime.ts,43,calendar,reuse,"pure logic with no ambient dependency: wrap behind an adapter now, move into its domain when next touched"
lib/chores.ts,104,tasks,reuse,"pure logic with no ambient dependency: wrap behind an adapter now, move into its domain when next touched"
lib/chrome.ts,255,platform,reuse,"pure logic with no ambient dependency: wrap behind an adapter now, move into its domain when next touched"
lib/cite.ts,131,ai,reuse,"pure logic with no ambient dependency: wrap behind an adapter now, move into its domain when next touched"
lib/clarity.ts,77,platform,reuse,"pure logic with no ambient dependency: wrap behind an adapter now, move into its domain when next touched"
lib/clash.ts,345,calendar,reuse,"pure logic with no ambient dependency: wrap behind an adapter now, move into its domain when next touched"
lib/classify.ts,321,ai,reuse,"pure logic with no ambient dependency: wrap behind an adapter now, move into its domain when next touched"
lib/classmates.ts,859,community,reuse,"pure logic with no ambient dependency: wrap behind an adapter now, move into its domain when next touched"
lib/claude.ts,1775,ai,migrate,"touches storage, the network, the environment or React state: needs a port and an adapter before it can move"
lib/clientfamily.ts,100,family,delete-candidate,"no import path from any entry point reaches it: dead in the product, alive only if a test imports it. Confirm no script or glob loads it, then delete it with its test"
lib/clips.ts,143,productivity,migrate,"touches storage, the network, the environment or React state: needs a port and an adapter before it can move"
lib/clocks.ts,357,calendar,reuse,"pure logic with no ambient dependency: wrap behind an adapter now, move into its domain when next touched"
lib/cloud.ts,1951,platform,migrate,"touches storage, the network, the environment or React state: needs a port and an adapter before it can move"
lib/cocanvas.ts,112,productivity,reuse,"pure logic with no ambient dependency: wrap behind an adapter now, move into its domain when next touched"
lib/coedit.ts,353,productivity,reuse,"pure logic with no ambient dependency: wrap behind an adapter now, move into its domain when next touched"
lib/comms.ts,192,community,reuse,"pure logic with no ambient dependency: wrap behind an adapter now, move into its domain when next touched"
lib/communitiesregister.ts,392,support-trust,archive,"documentation kept as code, imported only by other such files and tests: move out of the client bundle"
lib/condfmt.ts,208,productivity,reuse,"pure logic with no ambient dependency: wrap behind an adapter now, move into its domain when next touched"
lib/config/allowed.ts,13,policy,reuse,"pure logic with no ambient dependency: wrap behind an adapter now, move into its domain when next touched"
lib/config/api.ts,78,policy,reuse,"pure logic with no ambient dependency: wrap behind an adapter now, move into its domain when next touched"
lib/config/studio.ts,364,policy,reuse,"pure logic with no ambient dependency: wrap behind an adapter now, move into its domain when next touched"
lib/conflicts.ts,521,productivity,migrate,"touches storage, the network, the environment or React state: needs a port and an adapter before it can move"
lib/connect.ts,1143,community,migrate,"touches storage, the network, the environment or React state: needs a port and an adapter before it can move"
lib/connectregister.ts,331,support-trust,archive,"documentation kept as code, imported only by other such files and tests: move out of the client bundle"
lib/console/client.ts,616,admin,reuse,"pure logic with no ambient dependency: wrap behind an adapter now, move into its domain when next touched"
lib/context-graph.ts,105,ai,delete-candidate,"no import path from any entry point reaches it: dead in the product, alive only if a test imports it. Confirm no script or glob loads it, then delete it with its test"
lib/context.ts,459,ai,reuse,"pure logic with no ambient dependency: wrap behind an adapter now, move into its domain when next touched"
lib/contract/contractfiles.ts,29,platform,delete-candidate,"no import path from any entry point reaches it: dead in the product, alive only if a test imports it. Confirm no script or glob loads it, then delete it with its test"
lib/contract/tenantcontract.ts,218,platform,delete-candidate,"no import path from any entry point reaches it: dead in the product, alive only if a test imports it. Confirm no script or glob loads it, then delete it with its test"
lib/contrast.ts,109,platform,reuse,"pure logic with no ambient dependency: wrap behind an adapter now, move into its domain when next touched"
lib/control-plane.ts,139,ai,reuse,"pure logic with no ambient dependency: wrap behind an adapter now, move into its domain when next touched"
lib/controls.ts,190,ai,reuse,"pure logic with no ambient dependency: wrap behind an adapter now, move into its domain when next touched"
lib/cost-plan.ts,121,finance,reuse,"pure logic with no ambient dependency: wrap behind an adapter now, move into its domain when next touched"
lib/cost.ts,210,finance,reuse,"pure logic with no ambient dependency: wrap behind an adapter now, move into its domain when next touched"
lib/counts.ts,362,support-trust,reuse,"pure logic with no ambient dependency: wrap behind an adapter now, move into its domain when next touched"
lib/course-capture.ts,120,learning,reuse,"pure logic with no ambient dependency: wrap behind an adapter now, move into its domain when next touched"
lib/course-demand-remote.ts,48,learning,reuse,"pure logic with no ambient dependency: wrap behind an adapter now, move into its domain when next touched"
lib/course-demand.ts,207,learning,reuse,"pure logic with no ambient dependency: wrap behind an adapter now, move into its domain when next touched"
lib/course-detail.ts,346,learning,reuse,"pure logic with no ambient dependency: wrap behind an adapter now, move into its domain when next touched"
lib/courserules.ts,234,academic,reuse,"pure logic with no ambient dependency: wrap behind an adapter now, move into its domain when next touched"
lib/coursestudio.ts,172,learning,reuse,"pure logic with no ambient dependency: wrap behind an adapter now, move into its domain when next touched"
lib/covers.ts,323,productivity,reuse,"pure logic with no ambient dependency: wrap behind an adapter now, move into its domain when next touched"
lib/creations.ts,892,productivity,reuse,"pure logic with no ambient dependency: wrap behind an adapter now, move into its domain when next touched"
lib/credential-wallet.ts,56,career,reuse,"pure logic with no ambient dependency: wrap behind an adapter now, move into its domain when next touched"
lib/credits.ts,64,academic,reuse,"pure logic with no ambient dependency: wrap behind an adapter now, move into its domain when next touched"
lib/crossplatformregister.ts,382,support-trust,archive,"documentation kept as code, imported only by other such files and tests: move out of the client bundle"
lib/cspheader.ts,83,support-trust,delete-candidate,"no import path from any entry point reaches it: dead in the product, alive only if a test imports it. Confirm no script or glob loads it, then delete it with its test"
lib/cutoffs.ts,277,academic,reuse,"pure logic with no ambient dependency: wrap behind an adapter now, move into its domain when next touched"
lib/cutout.ts,203,productivity,reuse,"pure logic with no ambient dependency: wrap behind an adapter now, move into its domain when next touched"
lib/daily-rhythm.ts,99,calendar,reuse,"pure logic with no ambient dependency: wrap behind an adapter now, move into its domain when next touched"
lib/data-rights.ts,86,identity,reuse,"pure logic with no ambient dependency: wrap behind an adapter now, move into its domain when next touched"
lib/date.ts,515,calendar,reuse,"pure logic with no ambient dependency: wrap behind an adapter now, move into its domain when next touched"
lib/dayplan.ts,212,tasks,reuse,"pure logic with no ambient dependency: wrap behind an adapter now, move into its domain when next touched"
lib/deadline-feed.ts,30,tasks,reuse,"pure logic with no ambient dependency: wrap behind an adapter now, move into its domain when next touched"
lib/deadline-groups.ts,105,tasks,reuse,"pure logic with no ambient dependency: wrap behind an adapter now, move into its domain when next touched"
lib/decision-compare.ts,231,learning,reuse,"pure logic with no ambient dependency: wrap behind an adapter now, move into its domain when next touched"
lib/deck.ts,551,productivity,reuse,"pure logic with no ambient dependency: wrap behind an adapter now, move into its domain when next touched"
lib/decks.ts,423,productivity,reuse,"pure logic with no ambient dependency: wrap behind an adapter now, move into its domain when next touched"
lib/deeplink.ts,59,platform,reuse,"pure logic with no ambient dependency: wrap behind an adapter now, move into its domain when next touched"
lib/definerregister.ts,596,support-trust,archive,"documentation kept as code, imported only by other such files and tests: move out of the client bundle"
lib/degree.ts,388,academic,reuse,"pure logic with no ambient dependency: wrap behind an adapter now, move into its domain when next touched"
lib/deletions.ts,147,identity,reuse,"pure logic with no ambient dependency: wrap behind an adapter now, move into its domain when next touched"
lib/deliver.ts,151,productivity,reuse,"pure logic with no ambient dependency: wrap behind an adapter now, move into its domain when next touched"
lib/designtemplates.ts,277,productivity,reuse,"pure logic with no ambient dependency: wrap behind an adapter now, move into its domain when next touched"
lib/desk.ts,385,identity,reuse,"pure logic with no ambient dependency: wrap behind an adapter now, move into its domain when next touched"
lib/device-library.ts,202,platform,migrate,"touches storage, the network, the environment or React state: needs a port and an adapter before it can move"
lib/device.ts,264,platform,reuse,"pure logic with no ambient dependency: wrap behind an adapter now, move into its domain when next touched"
lib/diagnose.ts,156,support-trust,reuse,"pure logic with no ambient dependency: wrap behind an adapter now, move into its domain when next touched"
lib/diagram.ts,344,productivity,reuse,"pure logic with no ambient dependency: wrap behind an adapter now, move into its domain when next touched"
lib/dim.ts,107,platform,reuse,"pure logic with no ambient dependency: wrap behind an adapter now, move into its domain when next touched"
lib/dining/client.ts,430,campus,migrate,"touches storage, the network, the environment or React state: needs a port and an adapter before it can move"
lib/dining/decision.ts,59,campus,reuse,"pure logic with no ambient dependency: wrap behind an adapter now, move into its domain when next touched"
lib/dining/figures.ts,58,campus,reuse,"pure logic with no ambient dependency: wrap behind an adapter now, move into its domain when next touched"
lib/dining/gate.ts,25,campus,reuse,"pure logic with no ambient dependency: wrap behind an adapter now, move into its domain when next touched"
lib/dining/index.ts,24,campus,delete-candidate,"no import path from any entry point reaches it: dead in the product, alive only if a test imports it. Confirm no script or glob loads it, then delete it with its test"
lib/dining/ledger.ts,126,campus,reuse,"pure logic with no ambient dependency: wrap behind an adapter now, move into its domain when next touched"
lib/dining/locations.ts,100,campus,reuse,"pure logic with no ambient dependency: wrap behind an adapter now, move into its domain when next touched"
lib/dining/orders.ts,60,campus,reuse,"pure logic with no ambient dependency: wrap behind an adapter now, move into its domain when next touched"
lib/dining/partner.ts,225,campus,reuse,"pure logic with no ambient dependency: wrap behind an adapter now, move into its domain when next touched"
lib/dining/plans.ts,134,campus,delete-candidate,"no import path from any entry point reaches it: dead in the product, alive only if a test imports it. Confirm no script or glob loads it, then delete it with its test"
lib/dining/service.ts,338,campus,delete-candidate,"no import path from any entry point reaches it: dead in the product, alive only if a test imports it. Confirm no script or glob loads it, then delete it with its test"
lib/dining/sharing.ts,129,campus,reuse,"pure logic with no ambient dependency: wrap behind an adapter now, move into its domain when next touched"
lib/dining/time.ts,84,campus,reuse,"pure logic with no ambient dependency: wrap behind an adapter now, move into its domain when next touched"
lib/discrete.ts,886,learning,reuse,"pure logic with no ambient dependency: wrap behind an adapter now, move into its domain when next touched"
lib/doclayout.ts,234,productivity,reuse,"pure logic with no ambient dependency: wrap behind an adapter now, move into its domain when next touched"
lib/doctemplates.ts,430,productivity,reuse,"pure logic with no ambient dependency: wrap behind an adapter now, move into its domain when next touched"
lib/doctools.ts,415,productivity,reuse,"pure logic with no ambient dependency: wrap behind an adapter now, move into its domain when next touched"
lib/document.ts,1233,productivity,reuse,"pure logic with no ambient dependency: wrap behind an adapter now, move into its domain when next touched"
lib/docversions.ts,182,productivity,reuse,"pure logic with no ambient dependency: wrap behind an adapter now, move into its domain when next touched"
lib/docx.ts,1093,productivity,reuse,"pure logic with no ambient dependency: wrap behind an adapter now, move into its domain when next touched"
lib/docxin.ts,657,productivity,reuse,"pure logic with no ambient dependency: wrap behind an adapter now, move into its domain when next touched"
lib/doing.ts,220,tasks,reuse,"pure logic with no ambient dependency: wrap behind an adapter now, move into its domain when next touched"
lib/downloads.ts,335,productivity,reuse,"pure logic with no ambient dependency: wrap behind an adapter now, move into its domain when next touched"
lib/draft.hook.ts,186,learning,migrate,"touches storage, the network, the environment or React state: needs a port and an adapter before it can move"
lib/draft.ts,194,learning,reuse,"pure logic with no ambient dependency: wrap behind an adapter now, move into its domain when next touched"
lib/drag.ts,490,platform,reuse,"pure logic with no ambient dependency: wrap behind an adapter now, move into its domain when next touched"
lib/drilldeck.ts,65,learning,reuse,"pure logic with no ambient dependency: wrap behind an adapter now, move into its domain when next touched"
lib/drivehome.ts,151,productivity,reuse,"pure logic with no ambient dependency: wrap behind an adapter now, move into its domain when next touched"
lib/drop.ts,153,platform,reuse,"pure logic with no ambient dependency: wrap behind an adapter now, move into its domain when next touched"
lib/duetime.ts,172,tasks,reuse,"pure logic with no ambient dependency: wrap behind an adapter now, move into its domain when next touched"
lib/edgeguards.ts,74,policy,delete-candidate,"no import path from any entry point reaches it: dead in the product, alive only if a test imports it. Confirm no script or glob loads it, then delete it with its test"
lib/edit.ts,298,productivity,reuse,"pure logic with no ambient dependency: wrap behind an adapter now, move into its domain when next touched"
lib/enrollment/client.ts,524,admin,reuse,"pure logic with no ambient dependency: wrap behind an adapter now, move into its domain when next touched"
lib/enrollment/index.ts,9,admin,delete-candidate,"no import path from any entry point reaches it: dead in the product, alive only if a test imports it. Confirm no script or glob loads it, then delete it with its test"
lib/enrollment/model.ts,236,admin,reuse,"pure logic with no ambient dependency: wrap behind an adapter now, move into its domain when next touched"
lib/enrollment/service.ts,527,admin,reuse,"pure logic with no ambient dependency: wrap behind an adapter now, move into its domain when next touched"
lib/environment.ts,41,platform,migrate,"touches storage, the network, the environment or React state: needs a port and an adapter before it can move"
lib/episodes.ts,20,unassigned,reuse,"pure logic with no ambient dependency: wrap behind an adapter now, move into its domain when next touched"
lib/equity/disparity.ts,70,support-trust,archive,"documentation kept as code, imported only by other such files and tests: move out of the client bundle"
lib/equity/reviews.ts,347,support-trust,archive,"documentation kept as code, imported only by other such files and tests: move out of the client bundle"
lib/erase.ts,170,productivity,migrate,"touches storage, the network, the environment or React state: needs a port and an adapter before it can move"
lib/essay.ts,388,learning,reuse,"pure logic with no ambient dependency: wrap behind an adapter now, move into its domain when next touched"
lib/exam.ts,642,learning,reuse,"pure logic with no ambient dependency: wrap behind an adapter now, move into its domain when next touched"
lib/examattempt.ts,243,learning,reuse,"pure logic with no ambient dependency: wrap behind an adapter now, move into its domain when next touched"
lib/expansiongovernance.ts,207,admin,delete-candidate,"no import path from any entry point reaches it: dead in the product, alive only if a test imports it. Confirm no script or glob loads it, then delete it with its test"
lib/expansionregister.ts,516,support-trust,archive,"documentation kept as code, imported only by other such files and tests: move out of the client bundle"
lib/experience-flags.ts,160,policy,migrate,"touches storage, the network, the environment or React state: needs a port and an adapter before it can move"
lib/expertpack.ts,106,career,delete-candidate,"no import path from any entry point reaches it: dead in the product, alive only if a test imports it. Confirm no script or glob loads it, then delete it with its test"
lib/explain.ts,161,ai,reuse,"pure logic with no ambient dependency: wrap behind an adapter now, move into its domain when next touched"
lib/export.ts,1124,productivity,reuse,"pure logic with no ambient dependency: wrap behind an adapter now, move into its domain when next touched"
lib/exportqa.ts,382,productivity,delete-candidate,"no import path from any entry point reaches it: dead in the product, alive only if a test imports it. Confirm no script or glob loads it, then delete it with its test"
lib/extract.ts,405,ai,reuse,"pure logic with no ambient dependency: wrap behind an adapter now, move into its domain when next touched"
lib/failure.ts,243,support-trust,reuse,"pure logic with no ambient dependency: wrap behind an adapter now, move into its domain when next touched"
lib/family.ts,272,family,reuse,"pure logic with no ambient dependency: wrap behind an adapter now, move into its domain when next touched"
lib/familyinvites.ts,129,family,reuse,"pure logic with no ambient dependency: wrap behind an adapter now, move into its domain when next touched"
lib/familyshare.ts,182,family,reuse,"pure logic with no ambient dependency: wrap behind an adapter now, move into its domain when next touched"
lib/fault.ts,67,support-trust,reuse,"pure logic with no ambient dependency: wrap behind an adapter now, move into its domain when next touched"
lib/featurepolicy.ts,66,policy,reuse,"pure logic with no ambient dependency: wrap behind an adapter now, move into its domain when next touched"
lib/feed.ts,159,community,reuse,"pure logic with no ambient dependency: wrap behind an adapter now, move into its domain when next touched"
lib/feedback.ts,194,community,reuse,"pure logic with no ambient dependency: wrap behind an adapter now, move into its domain when next touched"
lib/feedbackloop.ts,178,community,reuse,"pure logic with no ambient dependency: wrap behind an adapter now, move into its domain when next touched"
lib/feedlink.ts,273,community,migrate,"touches storage, the network, the environment or React state: needs a port and an adapter before it can move"
lib/fields.ts,209,platform,reuse,"pure logic with no ambient dependency: wrap behind an adapter now, move into its domain when next touched"
lib/figure.ts,317,productivity,reuse,"pure logic with no ambient dependency: wrap behind an adapter now, move into its domain when next touched"
lib/files.ts,462,productivity,reuse,"pure logic with no ambient dependency: wrap behind an adapter now, move into its domain when next touched"
lib/filter.ts,249,platform,reuse,"pure logic with no ambient dependency: wrap behind an adapter now, move into its domain when next touched"
lib/finance/accounts.ts,537,finance,reuse,"pure logic with no ambient dependency: wrap behind an adapter now, move into its domain when next touched"
lib/finance/api.ts,154,finance,reuse,"pure logic with no ambient dependency: wrap behind an adapter now, move into its domain when next touched"
lib/finance/mine.ts,155,finance,reuse,"pure logic with no ambient dependency: wrap behind an adapter now, move into its domain when next touched"
lib/finance/plans.ts,79,finance,reuse,"pure logic with no ambient dependency: wrap behind an adapter now, move into its domain when next touched"
lib/find.ts,772,platform,reuse,"pure logic with no ambient dependency: wrap behind an adapter now, move into its domain when next touched"
lib/findplace.ts,187,campus,reuse,"pure logic with no ambient dependency: wrap behind an adapter now, move into its domain when next touched"
lib/findschool.ts,285,identity,reuse,"pure logic with no ambient dependency: wrap behind an adapter now, move into its domain when next touched"
lib/fit.ts,175,productivity,reuse,"pure logic with no ambient dependency: wrap behind an adapter now, move into its domain when next touched"
lib/fixthis.ts,38,community,reuse,"pure logic with no ambient dependency: wrap behind an adapter now, move into its domain when next touched"
lib/flags.ts,538,policy,reuse,"pure logic with no ambient dependency: wrap behind an adapter now, move into its domain when next touched"
lib/flight-plan-storage.ts,63,tasks,reuse,"pure logic with no ambient dependency: wrap behind an adapter now, move into its domain when next touched"
lib/flight-plan.ts,515,tasks,reuse,"pure logic with no ambient dependency: wrap behind an adapter now, move into its domain when next touched"
lib/fnv.ts,44,unassigned,reuse,"pure logic with no ambient dependency: wrap behind an adapter now, move into its domain when next touched"
lib/folders.ts,186,productivity,reuse,"pure logic with no ambient dependency: wrap behind an adapter now, move into its domain when next touched"
lib/folds.hook.ts,173,platform,migrate,"touches storage, the network, the environment or React state: needs a port and an adapter before it can move"
lib/folds.ts,172,platform,reuse,"pure logic with no ambient dependency: wrap behind an adapter now, move into its domain when next touched"
lib/formshare.ts,277,community,reuse,"pure logic with no ambient dependency: wrap behind an adapter now, move into its domain when next touched"
lib/forwork.ts,305,community,reuse,"pure logic with no ambient dependency: wrap behind an adapter now, move into its domain when next touched"
lib/fourier.ts,648,learning,reuse,"pure logic with no ambient dependency: wrap behind an adapter now, move into its domain when next touched"
lib/fractional.ts,343,learning,reuse,"pure logic with no ambient dependency: wrap behind an adapter now, move into its domain when next touched"
lib/fromschool.ts,206,identity,reuse,"pure logic with no ambient dependency: wrap behind an adapter now, move into its domain when next touched"
lib/fsrs.ts,212,learning,reuse,"pure logic with no ambient dependency: wrap behind an adapter now, move into its domain when next touched"
lib/functions.ts,312,productivity,reuse,"pure logic with no ambient dependency: wrap behind an adapter now, move into its domain when next touched"
lib/gap.ts,308,learning,migrate,"touches storage, the network, the environment or React state: needs a port and an adapter before it can move"
lib/gaps.ts,220,learning,reuse,"pure logic with no ambient dependency: wrap behind an adapter now, move into its domain when next touched"
lib/generate.ts,495,ai,reuse,"pure logic with no ambient dependency: wrap behind an adapter now, move into its domain when next touched"
lib/geocode.ts,278,campus,reuse,"pure logic with no ambient dependency: wrap behind an adapter now, move into its domain when next touched"
lib/goal-plan.ts,374,tasks,reuse,"pure logic with no ambient dependency: wrap behind an adapter now, move into its domain when next touched"
lib/goals.ts,40,tasks,reuse,"pure logic with no ambient dependency: wrap behind an adapter now, move into its domain when next touched"
lib/governance/activation-control-plane.ts,422,support-trust,archive,"documentation kept as code, imported only by other such files and tests: move out of the client bundle"
lib/governance/activation-instant.ts,11,support-trust,migrate,"documentation kept as code, but 1 product file(s) import it: serve it from the server instead"
lib/governance/activation.ts,154,support-trust,migrate,"documentation kept as code, but 2 product file(s) import it: serve it from the server instead"
lib/governance/ai-assurance.ts,468,support-trust,archive,"documentation kept as code, imported only by other such files and tests: move out of the client bundle"
lib/governance/ai-lifecycle.ts,185,support-trust,archive,"documentation kept as code, imported only by other such files and tests: move out of the client bundle"
lib/governance/ai-playbook.ts,609,support-trust,archive,"documentation kept as code, imported only by other such files and tests: move out of the client bundle"
lib/governance/capability-exposure.ts,308,support-trust,archive,"documentation kept as code, imported only by other such files and tests: move out of the client bundle"
lib/governance/capability-governance.ts,276,support-trust,archive,"documentation kept as code, imported only by other such files and tests: move out of the client bundle"
lib/governance/certification.ts,413,support-trust,archive,"documentation kept as code, imported only by other such files and tests: move out of the client bundle"
lib/governance/charters.ts,264,support-trust,archive,"documentation kept as code, imported only by other such files and tests: move out of the client bundle"
lib/governance/config-tiers.ts,147,support-trust,archive,"documentation kept as code, imported only by other such files and tests: move out of the client bundle"
lib/governance/consolechecks.ts,289,support-trust,archive,"documentation kept as code, imported only by other such files and tests: move out of the client bundle"
lib/governance/constitution.ts,263,support-trust,archive,"documentation kept as code, imported only by other such files and tests: move out of the client bundle"
lib/governance/data-contracts.ts,194,support-trust,archive,"documentation kept as code, imported only by other such files and tests: move out of the client bundle"
lib/governance/deal-desk.ts,117,support-trust,archive,"documentation kept as code, imported only by other such files and tests: move out of the client bundle"
lib/governance/edgecases.ts,152,support-trust,archive,"documentation kept as code, imported only by other such files and tests: move out of the client bundle"
lib/governance/error-budgets.ts,201,support-trust,archive,"documentation kept as code, imported only by other such files and tests: move out of the client bundle"
lib/governance/grading-ai.ts,325,support-trust,archive,"documentation kept as code, imported only by other such files and tests: move out of the client bundle"
lib/governance/hierarchy.ts,142,support-trust,archive,"documentation kept as code, imported only by other such files and tests: move out of the client bundle"
lib/governance/incident-comms.ts,154,support-trust,archive,"documentation kept as code, imported only by other such files and tests: move out of the client bundle"
lib/governance/l9-readiness.ts,138,support-trust,archive,"documentation kept as code, imported only by other such files and tests: move out of the client bundle"
lib/governance/master-plan.ts,111,support-trust,archive,"documentation kept as code, imported only by other such files and tests: move out of the client bundle"
lib/governance/maturity.ts,373,support-trust,archive,"documentation kept as code, imported only by other such files and tests: move out of the client bundle"
lib/governance/model-quality.ts,428,support-trust,archive,"documentation kept as code, imported only by other such files and tests: move out of the client bundle"
lib/governance/module-privacy.ts,299,support-trust,archive,"documentation kept as code, imported only by other such files and tests: move out of the client bundle"
lib/governance/named-tenant-approval.ts,181,support-trust,archive,"documentation kept as code, imported only by other such files and tests: move out of the client bundle"
lib/governance/operation-policy.ts,56,support-trust,migrate,"documentation kept as code, but 1 product file(s) import it: serve it from the server instead"
lib/governance/pia.ts,329,support-trust,archive,"documentation kept as code, imported only by other such files and tests: move out of the client bundle"
lib/governance/policysim.ts,229,support-trust,migrate,"documentation kept as code, but 2 product file(s) import it: serve it from the server instead"
lib/governance/projections.ts,107,support-trust,archive,"documentation kept as code, imported only by other such files and tests: move out of the client bundle"
lib/governance/quality-gates.ts,87,support-trust,archive,"documentation kept as code, imported only by other such files and tests: move out of the client bundle"
lib/governance/release-profiles.ts,724,support-trust,archive,"documentation kept as code, imported only by other such files and tests: move out of the client bundle"
lib/governance/release-readiness.ts,98,support-trust,archive,"documentation kept as code, imported only by other such files and tests: move out of the client bundle"
lib/governance/risk.ts,736,support-trust,archive,"documentation kept as code, imported only by other such files and tests: move out of the client bundle"
lib/governance/roadmap-audit.ts,255,support-trust,archive,"documentation kept as code, imported only by other such files and tests: move out of the client bundle"
lib/governance/rollout.ts,424,support-trust,archive,"documentation kept as code, imported only by other such files and tests: move out of the client bundle"
lib/governance/scorecard.ts,110,support-trust,migrate,"documentation kept as code, but 1 product file(s) import it: serve it from the server instead"
lib/gpasheet.ts,372,academic,reuse,"pure logic with no ambient dependency: wrap behind an adapter now, move into its domain when next touched"
lib/gradebook/client.ts,414,academic,reuse,"pure logic with no ambient dependency: wrap behind an adapter now, move into its domain when next touched"
lib/gradebook/compute.ts,146,academic,reuse,"pure logic with no ambient dependency: wrap behind an adapter now, move into its domain when next touched"
lib/gradebook/fixture.ts,57,academic,delete-candidate,"no import path from any entry point reaches it: dead in the product, alive only if a test imports it. Confirm no script or glob loads it, then delete it with its test"
lib/gradebook/ledger.ts,319,academic,reuse,"pure logic with no ambient dependency: wrap behind an adapter now, move into its domain when next touched"
lib/gradebook/model.ts,178,academic,reuse,"pure logic with no ambient dependency: wrap behind an adapter now, move into its domain when next touched"
lib/gradebook/passback.ts,219,academic,delete-candidate,"no import path from any entry point reaches it: dead in the product, alive only if a test imports it. Confirm no script or glob loads it, then delete it with its test"
lib/gradebook/views.ts,89,academic,reuse,"pure logic with no ambient dependency: wrap behind an adapter now, move into its domain when next touched"
lib/grades.ts,468,academic,reuse,"pure logic with no ambient dependency: wrap behind an adapter now, move into its domain when next touched"
lib/gradesheet.ts,314,academic,reuse,"pure logic with no ambient dependency: wrap behind an adapter now, move into its domain when next touched"
lib/graduation-cloud.ts,95,academic,reuse,"pure logic with no ambient dependency: wrap behind an adapter now, move into its domain when next touched"
lib/graduation.ts,329,academic,reuse,"pure logic with no ambient dependency: wrap behind an adapter now, move into its domain when next touched"
lib/grid.ts,211,productivity,reuse,"pure logic with no ambient dependency: wrap behind an adapter now, move into its domain when next touched"
lib/groupwork.ts,215,community,reuse,"pure logic with no ambient dependency: wrap behind an adapter now, move into its domain when next touched"
lib/gtm/campaign.ts,213,finance,migrate,"documentation kept as code, but 1 product file(s) import it: serve it from the server instead"
lib/gtm/kpi.ts,128,finance,archive,"documentation kept as code, imported only by other such files and tests: move out of the client bundle"
lib/gtm/manager.ts,246,finance,migrate,"documentation kept as code, but 2 product file(s) import it: serve it from the server instead"
lib/gtm/messaging.ts,179,finance,archive,"documentation kept as code, imported only by other such files and tests: move out of the client bundle"
lib/gtm/pilot.ts,134,finance,archive,"documentation kept as code, imported only by other such files and tests: move out of the client bundle"
lib/gtm/rfp.ts,369,finance,archive,"documentation kept as code, imported only by other such files and tests: move out of the client bundle"
lib/gtm/social.ts,107,finance,archive,"documentation kept as code, imported only by other such files and tests: move out of the client bundle"
lib/gtm/sponsor.ts,94,finance,archive,"documentation kept as code, imported only by other such files and tests: move out of the client bundle"
lib/gtm/stages.ts,79,finance,archive,"documentation kept as code, imported only by other such files and tests: move out of the client bundle"
lib/gtm/utm.ts,90,finance,migrate,"documentation kept as code, but 1 product file(s) import it: serve it from the server instead"
lib/guide-bar.ts,295,policy,reuse,"pure logic with no ambient dependency: wrap behind an adapter now, move into its domain when next touched"
lib/guidebook.ts,398,learning,reuse,"pure logic with no ambient dependency: wrap behind an adapter now, move into its domain when next touched"
lib/handoff-status.ts,190,support-trust,reuse,"pure logic with no ambient dependency: wrap behind an adapter now, move into its domain when next touched"
lib/handoff.ts,340,calendar,reuse,"pure logic with no ambient dependency: wrap behind an adapter now, move into its domain when next touched"
lib/handout.ts,32,learning,reuse,"pure logic with no ambient dependency: wrap behind an adapter now, move into its domain when next touched"
lib/harvest.ts,403,learning,reuse,"pure logic with no ambient dependency: wrap behind an adapter now, move into its domain when next touched"
lib/header.ts,151,platform,reuse,"pure logic with no ambient dependency: wrap behind an adapter now, move into its domain when next touched"
lib/help-routes.ts,642,learning,reuse,"pure logic with no ambient dependency: wrap behind an adapter now, move into its domain when next touched"
lib/hilbert.ts,138,learning,reuse,"pure logic with no ambient dependency: wrap behind an adapter now, move into its domain when next touched"
lib/history.ts,116,productivity,reuse,"pure logic with no ambient dependency: wrap behind an adapter now, move into its domain when next touched"
lib/history/evaluations.ts,230,support-trust,archive,"documentation kept as code, imported only by other such files and tests: move out of the client bundle"
lib/history/history.ts,176,support-trust,migrate,"documentation kept as code, but 1 product file(s) import it: serve it from the server instead"
lib/hourplace.ts,82,calendar,reuse,"pure logic with no ambient dependency: wrap behind an adapter now, move into its domain when next touched"
lib/hourwindow.ts,76,calendar,reuse,"pure logic with no ambient dependency: wrap behind an adapter now, move into its domain when next touched"
lib/house.ts,181,campus,reuse,"pure logic with no ambient dependency: wrap behind an adapter now, move into its domain when next touched"
lib/housing.ts,206,campus,reuse,"pure logic with no ambient dependency: wrap behind an adapter now, move into its domain when next touched"
lib/ics.ts,609,calendar,reuse,"pure logic with no ambient dependency: wrap behind an adapter now, move into its domain when next touched"
lib/idb.ts,179,platform,migrate,"touches storage, the network, the environment or React state: needs a port and an adapter before it can move"
lib/idempotency.ts,56,platform,reuse,"pure logic with no ambient dependency: wrap behind an adapter now, move into its domain when next touched"
lib/imagesize.ts,164,productivity,reuse,"pure logic with no ambient dependency: wrap behind an adapter now, move into its domain when next touched"
lib/import-review.ts,10,platform,reuse,"pure logic with no ambient dependency: wrap behind an adapter now, move into its domain when next touched"
lib/incident-recovery.ts,195,support-trust,delete-candidate,"no import path from any entry point reaches it: dead in the product, alive only if a test imports it. Confirm no script or glob loads it, then delete it with its test"
lib/institution-ops.ts,444,admin,reuse,"pure logic with no ambient dependency: wrap behind an adapter now, move into its domain when next touched"
lib/institutional-access.ts,67,admin,reuse,"pure logic with no ambient dependency: wrap behind an adapter now, move into its domain when next touched"
lib/institutional-ia.ts,136,admin,reuse,"pure logic with no ambient dependency: wrap behind an adapter now, move into its domain when next touched"
lib/institutional-package.ts,92,admin,reuse,"pure logic with no ambient dependency: wrap behind an adapter now, move into its domain when next touched"
lib/institutional-preview.ts,9,admin,migrate,"touches storage, the network, the environment or React state: needs a port and an adapter before it can move"
lib/institutional-trust-scorecard.ts,139,support-trust,reuse,"pure logic with no ambient dependency: wrap behind an adapter now, move into its domain when next touched"
lib/intake.ts,202,unassigned,reuse,"pure logic with no ambient dependency: wrap behind an adapter now, move into its domain when next touched"
lib/integration/adapter.ts,134,admin,reuse,"pure logic with no ambient dependency: wrap behind an adapter now, move into its domain when next touched"
lib/integration/catalog.ts,133,admin,reuse,"pure logic with no ambient dependency: wrap behind an adapter now, move into its domain when next touched"
lib/integration/classification.ts,79,admin,reuse,"pure logic with no ambient dependency: wrap behind an adapter now, move into its domain when next touched"
lib/integration/dashboard.ts,289,admin,reuse,"pure logic with no ambient dependency: wrap behind an adapter now, move into its domain when next touched"
lib/integration/drift.ts,227,admin,delete-candidate,"no import path from any entry point reaches it: dead in the product, alive only if a test imports it. Confirm no script or glob loads it, then delete it with its test"
lib/integration/duplicates.ts,180,admin,delete-candidate,"no import path from any entry point reaches it: dead in the product, alive only if a test imports it. Confirm no script or glob loads it, then delete it with its test"
lib/integration/freshness.ts,64,admin,reuse,"pure logic with no ambient dependency: wrap behind an adapter now, move into its domain when next touched"
lib/integration/governance-envelope.ts,56,admin,reuse,"pure logic with no ambient dependency: wrap behind an adapter now, move into its domain when next touched"
lib/integration/lineage.ts,118,admin,delete-candidate,"no import path from any entry point reaches it: dead in the product, alive only if a test imports it. Confirm no script or glob loads it, then delete it with its test"
lib/integration/lmsmatrix.ts,776,admin,delete-candidate,"no import path from any entry point reaches it: dead in the product, alive only if a test imports it. Confirm no script or glob loads it, then delete it with its test"
lib/integration/mapping-versions.ts,136,admin,delete-candidate,"no import path from any entry point reaches it: dead in the product, alive only if a test imports it. Confirm no script or glob loads it, then delete it with its test"
lib/integration/mock-adapter.ts,122,admin,reuse,"pure logic with no ambient dependency: wrap behind an adapter now, move into its domain when next touched"
lib/integration/mock-campus.ts,195,admin,delete-candidate,"no import path from any entry point reaches it: dead in the product, alive only if a test imports it. Confirm no script or glob loads it, then delete it with its test"
lib/integration/mock-sis.ts,178,admin,reuse,"pure logic with no ambient dependency: wrap behind an adapter now, move into its domain when next touched"
lib/integration/pipeline.ts,292,admin,reuse,"pure logic with no ambient dependency: wrap behind an adapter now, move into its domain when next touched"
lib/integration/providers.ts,93,admin,delete-candidate,"no import path from any entry point reaches it: dead in the product, alive only if a test imports it. Confirm no script or glob loads it, then delete it with its test"
lib/integration/reconcile.ts,144,admin,delete-candidate,"no import path from any entry point reaches it: dead in the product, alive only if a test imports it. Confirm no script or glob loads it, then delete it with its test"
lib/integration/redact.ts,53,admin,reuse,"pure logic with no ambient dependency: wrap behind an adapter now, move into its domain when next touched"
lib/integration/retry.ts,80,admin,reuse,"pure logic with no ambient dependency: wrap behind an adapter now, move into its domain when next touched"
lib/integration/school-records.ts,359,admin,reuse,"pure logic with no ambient dependency: wrap behind an adapter now, move into its domain when next touched"
lib/integration/simulate.ts,103,admin,delete-candidate,"no import path from any entry point reaches it: dead in the product, alive only if a test imports it. Confirm no script or glob loads it, then delete it with its test"
lib/intent.ts,86,ai,reuse,"pure logic with no ambient dependency: wrap behind an adapter now, move into its domain when next touched"
lib/interleave.ts,162,learning,reuse,"pure logic with no ambient dependency: wrap behind an adapter now, move into its domain when next touched"
lib/interop.ts,117,admin,reuse,"pure logic with no ambient dependency: wrap behind an adapter now, move into its domain when next touched"
lib/intime.ts,310,calendar,reuse,"pure logic with no ambient dependency: wrap behind an adapter now, move into its domain when next touched"
lib/inventory.ts,263,platform,migrate,"touches storage, the network, the environment or React state: needs a port and an adapter before it can move"
lib/invite.ts,79,identity,reuse,"pure logic with no ambient dependency: wrap behind an adapter now, move into its domain when next touched"
lib/itembank.ts,314,learning,delete-candidate,"no import path from any entry point reaches it: dead in the product, alive only if a test imports it. Confirm no script or glob loads it, then delete it with its test"
lib/joined.ts,187,identity,reuse,"pure logic with no ambient dependency: wrap behind an adapter now, move into its domain when next touched"
lib/journal.ts,183,academic,migrate,"touches storage, the network, the environment or React state: needs a port and an adapter before it can move"
lib/journey-areas.ts,65,today,delete-candidate,"no import path from any entry point reaches it: dead in the product, alive only if a test imports it. Confirm no script or glob loads it, then delete it with its test"
lib/journeys.ts,179,today,reuse,"pure logic with no ambient dependency: wrap behind an adapter now, move into its domain when next touched"
lib/k12/edition.ts,141,support-trust,migrate,"documentation kept as code, but 2 product file(s) import it: serve it from the server instead"
lib/k12/requirements.ts,131,support-trust,migrate,"documentation kept as code, but 2 product file(s) import it: serve it from the server instead"
lib/keep.ts,153,admin,migrate,"touches storage, the network, the environment or React state: needs a port and an adapter before it can move"
lib/keyboard.ts,97,platform,reuse,"pure logic with no ambient dependency: wrap behind an adapter now, move into its domain when next touched"
lib/keys.ts,212,policy,reuse,"pure logic with no ambient dependency: wrap behind an adapter now, move into its domain when next touched"
lib/kinds.ts,142,platform,reuse,"pure logic with no ambient dependency: wrap behind an adapter now, move into its domain when next touched"
lib/knowing.ts,294,learning,reuse,"pure logic with no ambient dependency: wrap behind an adapter now, move into its domain when next touched"
lib/knownlimitations.ts,178,support-trust,reuse,"pure logic with no ambient dependency: wrap behind an adapter now, move into its domain when next touched"
lib/ladder.ts,291,calendar,reuse,"pure logic with no ambient dependency: wrap behind an adapter now, move into its domain when next touched"
lib/land.ts,131,platform,reuse,"pure logic with no ambient dependency: wrap behind an adapter now, move into its domain when next touched"
lib/laplace.ts,1211,learning,reuse,"pure logic with no ambient dependency: wrap behind an adapter now, move into its domain when next touched"
lib/launch/checklists.ts,73,support-trust,archive,"documentation kept as code, imported only by other such files and tests: move out of the client bundle"
lib/launch/content.ts,170,support-trust,archive,"documentation kept as code, imported only by other such files and tests: move out of the client bundle"
lib/launch/ninety-day.ts,106,support-trust,archive,"documentation kept as code, imported only by other such files and tests: move out of the client bundle"
lib/launchcompleteness.ts,801,support-trust,delete-candidate,"no import path from any entry point reaches it: dead in the product, alive only if a test imports it. Confirm no script or glob loads it, then delete it with its test"
lib/launcher.ts,136,today,reuse,"pure logic with no ambient dependency: wrap behind an adapter now, move into its domain when next touched"
lib/launchkit.ts,803,support-trust,archive,"documentation kept as code, imported only by other such files and tests: move out of the client bundle"
lib/launchpad.ts,306,finance,reuse,"pure logic with no ambient dependency: wrap behind an adapter now, move into its domain when next touched"
lib/launchreadiness.ts,427,support-trust,reuse,"pure logic with no ambient dependency: wrap behind an adapter now, move into its domain when next touched"
lib/learner-pathways.ts,314,academic,migrate,"touches storage, the network, the environment or React state: needs a port and an adapter before it can move"
lib/learnerrecord.ts,181,academic,delete-candidate,"no import path from any entry point reaches it: dead in the product, alive only if a test imports it. Confirm no script or glob loads it, then delete it with its test"
lib/learning-loop.ts,282,learning,reuse,"pure logic with no ambient dependency: wrap behind an adapter now, move into its domain when next touched"
lib/learninginsights.ts,57,learning,reuse,"pure logic with no ambient dependency: wrap behind an adapter now, move into its domain when next touched"
lib/learningintent.ts,42,learning,reuse,"pure logic with no ambient dependency: wrap behind an adapter now, move into its domain when next touched"
lib/learningmap.ts,217,learning,reuse,"pure logic with no ambient dependency: wrap behind an adapter now, move into its domain when next touched"
lib/learningprefs.ts,47,learning,reuse,"pure logic with no ambient dependency: wrap behind an adapter now, move into its domain when next touched"
lib/learningregister.ts,748,support-trust,archive,"documentation kept as code, imported only by other such files and tests: move out of the client bundle"
lib/letters.ts,310,career,reuse,"pure logic with no ambient dependency: wrap behind an adapter now, move into its domain when next touched"
lib/life-balance.hook.ts,50,today,reuse,"pure logic with no ambient dependency: wrap behind an adapter now, move into its domain when next touched"
lib/life-balance.ts,677,today,reuse,"pure logic with no ambient dependency: wrap behind an adapter now, move into its domain when next touched"
lib/lifeevents.ts,222,today,reuse,"pure logic with no ambient dependency: wrap behind an adapter now, move into its domain when next touched"
lib/linkgroups.ts,81,community,reuse,"pure logic with no ambient dependency: wrap behind an adapter now, move into its domain when next touched"
lib/listings.ts,242,campus,reuse,"pure logic with no ambient dependency: wrap behind an adapter now, move into its domain when next touched"
lib/live.ts,528,learning,reuse,"pure logic with no ambient dependency: wrap behind an adapter now, move into its domain when next touched"
lib/localask.ts,225,ai,reuse,"pure logic with no ambient dependency: wrap behind an adapter now, move into its domain when next touched"
lib/locale.ts,227,platform,migrate,"touches storage, the network, the environment or React state: needs a port and an adapter before it can move"
lib/locate.ts,140,campus,reuse,"pure logic with no ambient dependency: wrap behind an adapter now, move into its domain when next touched"
lib/look.ts,1810,platform,reuse,"pure logic with no ambient dependency: wrap behind an adapter now, move into its domain when next touched"
lib/lookup.ts,712,platform,reuse,"pure logic with no ambient dependency: wrap behind an adapter now, move into its domain when next touched"
lib/ltiarrival.ts,133,admin,migrate,"touches storage, the network, the environment or React state: needs a port and an adapter before it can move"
lib/ltilanding.ts,87,admin,reuse,"pure logic with no ambient dependency: wrap behind an adapter now, move into its domain when next touched"
lib/ltiscore.ts,77,admin,reuse,"pure logic with no ambient dependency: wrap behind an adapter now, move into its domain when next touched"
lib/mail.ts,371,community,reuse,"pure logic with no ambient dependency: wrap behind an adapter now, move into its domain when next touched"
lib/mailbox.ts,812,community,reuse,"pure logic with no ambient dependency: wrap behind an adapter now, move into its domain when next touched"
lib/mailrules.ts,183,community,reuse,"pure logic with no ambient dependency: wrap behind an adapter now, move into its domain when next touched"
lib/maps.ts,143,campus,reuse,"pure logic with no ambient dependency: wrap behind an adapter now, move into its domain when next touched"
lib/margins.ts,85,productivity,reuse,"pure logic with no ambient dependency: wrap behind an adapter now, move into its domain when next touched"
lib/masterregister.ts,1776,support-trust,archive,"documentation kept as code, imported only by other such files and tests: move out of the client bundle"
lib/maths.ts,801,learning,reuse,"pure logic with no ambient dependency: wrap behind an adapter now, move into its domain when next touched"
lib/meals.ts,183,campus,reuse,"pure logic with no ambient dependency: wrap behind an adapter now, move into its domain when next touched"
lib/mecontrols.ts,53,identity,reuse,"pure logic with no ambient dependency: wrap behind an adapter now, move into its domain when next touched"
lib/media.ts,229,ai,reuse,"pure logic with no ambient dependency: wrap behind an adapter now, move into its domain when next touched"
lib/meet.ts,834,community,reuse,"pure logic with no ambient dependency: wrap behind an adapter now, move into its domain when next touched"
lib/membership.ts,309,finance,migrate,"touches storage, the network, the environment or React state: needs a port and an adapter before it can move"
lib/mentors.ts,124,community,reuse,"pure logic with no ambient dependency: wrap behind an adapter now, move into its domain when next touched"
lib/menus.ts,164,campus,reuse,"pure logic with no ambient dependency: wrap behind an adapter now, move into its domain when next touched"
lib/merge.ts,813,productivity,reuse,"pure logic with no ambient dependency: wrap behind an adapter now, move into its domain when next touched"
lib/mesh.ts,678,community,reuse,"pure logic with no ambient dependency: wrap behind an adapter now, move into its domain when next touched"
lib/mic.ts,261,ai,reuse,"pure logic with no ambient dependency: wrap behind an adapter now, move into its domain when next touched"
lib/migrate.ts,252,admin,reuse,"pure logic with no ambient dependency: wrap behind an adapter now, move into its domain when next touched"
lib/migration/api.ts,135,admin,reuse,"pure logic with no ambient dependency: wrap behind an adapter now, move into its domain when next touched"
lib/migration/center.ts,581,admin,reuse,"pure logic with no ambient dependency: wrap behind an adapter now, move into its domain when next touched"
lib/misses.ts,158,calendar,reuse,"pure logic with no ambient dependency: wrap behind an adapter now, move into its domain when next touched"
lib/mode.ts,157,platform,reuse,"pure logic with no ambient dependency: wrap behind an adapter now, move into its domain when next touched"
lib/moderation.ts,168,community,reuse,"pure logic with no ambient dependency: wrap behind an adapter now, move into its domain when next touched"
lib/modes.ts,248,learning,reuse,"pure logic with no ambient dependency: wrap behind an adapter now, move into its domain when next touched"
lib/modulegate.ts,149,policy,reuse,"pure logic with no ambient dependency: wrap behind an adapter now, move into its domain when next touched"
lib/modulemode.ts,161,policy,reuse,"pure logic with no ambient dependency: wrap behind an adapter now, move into its domain when next touched"
lib/momentfeedback.ts,341,today,reuse,"pure logic with no ambient dependency: wrap behind an adapter now, move into its domain when next touched"
lib/monthgrid.ts,205,calendar,reuse,"pure logic with no ambient dependency: wrap behind an adapter now, move into its domain when next touched"
lib/myrules.ts,176,calendar,reuse,"pure logic with no ambient dependency: wrap behind an adapter now, move into its domain when next touched"
lib/names.ts,186,platform,reuse,"pure logic with no ambient dependency: wrap behind an adapter now, move into its domain when next touched"
lib/nav.ts,1478,platform,reuse,"pure logic with no ambient dependency: wrap behind an adapter now, move into its domain when next touched"
lib/navareas.ts,249,platform,reuse,"pure logic with no ambient dependency: wrap behind an adapter now, move into its domain when next touched"
lib/navdiagnostic.ts,108,platform,reuse,"pure logic with no ambient dependency: wrap behind an adapter now, move into its domain when next touched"
lib/near.ts,138,campus,reuse,"pure logic with no ambient dependency: wrap behind an adapter now, move into its domain when next touched"
lib/net.ts,112,platform,migrate,"touches storage, the network, the environment or React state: needs a port and an adapter before it can move"
lib/nextstep.ts,253,today,reuse,"pure logic with no ambient dependency: wrap behind an adapter now, move into its domain when next touched"
lib/nil.ts,378,platform,reuse,"pure logic with no ambient dependency: wrap behind an adapter now, move into its domain when next touched"
lib/notify.ts,714,platform,migrate,"touches storage, the network, the environment or React state: needs a port and an adapter before it can move"
lib/nowrongdoor.ts,151,learning,reuse,"pure logic with no ambient dependency: wrap behind an adapter now, move into its domain when next touched"
lib/oauthscopes.ts,76,identity,reuse,"pure logic with no ambient dependency: wrap behind an adapter now, move into its domain when next touched"
lib/ode.ts,444,learning,reuse,"pure logic with no ambient dependency: wrap behind an adapter now, move into its domain when next touched"
lib/office-actions-remote.ts,165,admin,reuse,"pure logic with no ambient dependency: wrap behind an adapter now, move into its domain when next touched"
lib/office-actions.hook.ts,61,admin,reuse,"pure logic with no ambient dependency: wrap behind an adapter now, move into its domain when next touched"
lib/office-actions.ts,282,admin,reuse,"pure logic with no ambient dependency: wrap behind an adapter now, move into its domain when next touched"
lib/officeagenda.ts,74,admin,reuse,"pure logic with no ambient dependency: wrap behind an adapter now, move into its domain when next touched"
lib/officehours.ts,169,campus,reuse,"pure logic with no ambient dependency: wrap behind an adapter now, move into its domain when next touched"
lib/offices.ts,117,campus,reuse,"pure logic with no ambient dependency: wrap behind an adapter now, move into its domain when next touched"
lib/official-notices.ts,99,campus,reuse,"pure logic with no ambient dependency: wrap behind an adapter now, move into its domain when next touched"
lib/offline-mode.ts,175,platform,reuse,"pure logic with no ambient dependency: wrap behind an adapter now, move into its domain when next touched"
lib/offline.ts,46,platform,reuse,"pure logic with no ambient dependency: wrap behind an adapter now, move into its domain when next touched"
lib/oneos.ts,630,support-trust,migrate,"documentation kept as code, but 1 product file(s) import it: serve it from the server instead"
lib/onesystem.ts,299,support-trust,archive,"documentation kept as code, imported only by other such files and tests: move out of the client bundle"
lib/onhome.ts,140,today,reuse,"pure logic with no ambient dependency: wrap behind an adapter now, move into its domain when next touched"
lib/ooxml.ts,71,productivity,reuse,"pure logic with no ambient dependency: wrap behind an adapter now, move into its domain when next touched"
lib/openai.ts,249,ai,migrate,"touches storage, the network, the environment or React state: needs a port and an adapter before it can move"
lib/opencal.ts,97,calendar,reuse,"pure logic with no ambient dependency: wrap behind an adapter now, move into its domain when next touched"
lib/opened.ts,91,learning,reuse,"pure logic with no ambient dependency: wrap behind an adapter now, move into its domain when next touched"
lib/openhit.ts,138,platform,reuse,"pure logic with no ambient dependency: wrap behind an adapter now, move into its domain when next touched"
lib/openhome.ts,64,platform,reuse,"pure logic with no ambient dependency: wrap behind an adapter now, move into its domain when next touched"
lib/openmine.ts,59,platform,reuse,"pure logic with no ambient dependency: wrap behind an adapter now, move into its domain when next touched"
lib/operating-rhythm.ts,358,today,reuse,"pure logic with no ambient dependency: wrap behind an adapter now, move into its domain when next touched"
lib/operationalreality.ts,642,support-trust,archive,"documentation kept as code, imported only by other such files and tests: move out of the client bundle"
lib/opportunities.ts,330,career,reuse,"pure logic with no ambient dependency: wrap behind an adapter now, move into its domain when next touched"
lib/ops/boundaries.ts,195,support-trust,archive,"documentation kept as code, imported only by other such files and tests: move out of the client bundle"
lib/ops/claims.ts,797,support-trust,migrate,"documentation kept as code, but 9 product file(s) import it: serve it from the server instead"
lib/ops/commitments.ts,136,support-trust,archive,"documentation kept as code, imported only by other such files and tests: move out of the client bundle"
lib/ops/console.ts,659,support-trust,migrate,"documentation kept as code, but 7 product file(s) import it: serve it from the server instead"
lib/ops/decisionlog.ts,66,support-trust,archive,"documentation kept as code, imported only by other such files and tests: move out of the client bundle"
lib/ops/evidence.ts,361,support-trust,migrate,"documentation kept as code, but 1 product file(s) import it: serve it from the server instead"
lib/ops/firstyear.ts,297,support-trust,archive,"documentation kept as code, imported only by other such files and tests: move out of the client bundle"
lib/ops/leadership.ts,897,support-trust,archive,"documentation kept as code, imported only by other such files and tests: move out of the client bundle"
lib/ops/operatingmodel.ts,267,support-trust,archive,"documentation kept as code, imported only by other such files and tests: move out of the client bundle"
lib/ops/operatingsystem.ts,958,support-trust,archive,"documentation kept as code, imported only by other such files and tests: move out of the client bundle"
lib/ops/pdfgaps.ts,234,support-trust,archive,"documentation kept as code, imported only by other such files and tests: move out of the client bundle"
lib/ops/proofcalendar.ts,262,support-trust,archive,"documentation kept as code, imported only by other such files and tests: move out of the client bundle"
lib/ops/readiness-pack.ts,489,support-trust,archive,"documentation kept as code, imported only by other such files and tests: move out of the client bundle"
lib/ops/render.ts,49,support-trust,archive,"documentation kept as code, imported only by other such files and tests: move out of the client bundle"
lib/ops/warroom.ts,53,support-trust,archive,"documentation kept as code, imported only by other such files and tests: move out of the client bundle"
lib/orgs.ts,312,identity,delete-candidate,"no import path from any entry point reaches it: dead in the product, alive only if a test imports it. Confirm no script or glob loads it, then delete it with its test"
lib/outcome-scenarios.ts,104,academic,reuse,"pure logic with no ambient dependency: wrap behind an adapter now, move into its domain when next touched"
lib/pace.ts,314,calendar,reuse,"pure logic with no ambient dependency: wrap behind an adapter now, move into its domain when next touched"
lib/packet.ts,162,learning,reuse,"pure logic with no ambient dependency: wrap behind an adapter now, move into its domain when next touched"
lib/parent.ts,70,family,reuse,"pure logic with no ambient dependency: wrap behind an adapter now, move into its domain when next touched"
lib/parse.ts,121,platform,reuse,"pure logic with no ambient dependency: wrap behind an adapter now, move into its domain when next touched"
lib/password.ts,15,identity,reuse,"pure logic with no ambient dependency: wrap behind an adapter now, move into its domain when next touched"
lib/pasted.ts,115,support-trust,reuse,"pure logic with no ambient dependency: wrap behind an adapter now, move into its domain when next touched"
lib/path-profile.ts,120,academic,reuse,"pure logic with no ambient dependency: wrap behind an adapter now, move into its domain when next touched"
lib/path-readiness.ts,103,support-trust,reuse,"pure logic with no ambient dependency: wrap behind an adapter now, move into its domain when next touched"
lib/pathway.ts,493,academic,reuse,"pure logic with no ambient dependency: wrap behind an adapter now, move into its domain when next touched"
lib/pdf.ts,408,productivity,reuse,"pure logic with no ambient dependency: wrap behind an adapter now, move into its domain when next touched"
lib/pdfimage.ts,194,productivity,reuse,"pure logic with no ambient dependency: wrap behind an adapter now, move into its domain when next touched"
lib/pdfout.ts,997,productivity,reuse,"pure logic with no ambient dependency: wrap behind an adapter now, move into its domain when next touched"
lib/pdfwidths.data.ts,194,productivity,reuse,"pure logic with no ambient dependency: wrap behind an adapter now, move into its domain when next touched"
lib/peek.ts,147,productivity,reuse,"pure logic with no ambient dependency: wrap behind an adapter now, move into its domain when next touched"
lib/perfbudget.ts,123,support-trust,reuse,"pure logic with no ambient dependency: wrap behind an adapter now, move into its domain when next touched"
lib/pivot.ts,425,productivity,reuse,"pure logic with no ambient dependency: wrap behind an adapter now, move into its domain when next touched"
lib/place.ts,133,campus,reuse,"pure logic with no ambient dependency: wrap behind an adapter now, move into its domain when next touched"
lib/plan-recovery.ts,370,tasks,delete-candidate,"no import path from any entry point reaches it: dead in the product, alive only if a test imports it. Confirm no script or glob loads it, then delete it with its test"
lib/plans.ts,115,finance,reuse,"pure logic with no ambient dependency: wrap behind an adapter now, move into its domain when next touched"
lib/plot.ts,1861,learning,reuse,"pure logic with no ambient dependency: wrap behind an adapter now, move into its domain when next touched"
lib/poly.ts,309,learning,reuse,"pure logic with no ambient dependency: wrap behind an adapter now, move into its domain when next touched"
lib/portal-storage.ts,45,platform,reuse,"pure logic with no ambient dependency: wrap behind an adapter now, move into its domain when next touched"
lib/postmortem.ts,186,support-trust,reuse,"pure logic with no ambient dependency: wrap behind an adapter now, move into its domain when next touched"
lib/pptx.ts,852,productivity,reuse,"pure logic with no ambient dependency: wrap behind an adapter now, move into its domain when next touched"
lib/prefers.ts,165,policy,reuse,"pure logic with no ambient dependency: wrap behind an adapter now, move into its domain when next touched"
lib/prepare.ts,142,career,delete-candidate,"no import path from any entry point reaches it: dead in the product, alive only if a test imports it. Confirm no script or glob loads it, then delete it with its test"
lib/pretest.ts,141,learning,reuse,"pure logic with no ambient dependency: wrap behind an adapter now, move into its domain when next touched"
lib/previewsecurity.ts,33,support-trust,delete-candidate,"no import path from any entry point reaches it: dead in the product, alive only if a test imports it. Confirm no script or glob loads it, then delete it with its test"
lib/privacy.ts,283,identity,reuse,"pure logic with no ambient dependency: wrap behind an adapter now, move into its domain when next touched"
lib/productivity-arrival.ts,33,productivity,migrate,"touches storage, the network, the environment or React state: needs a port and an adapter before it can move"
lib/productivity-cloud.ts,89,productivity,reuse,"pure logic with no ambient dependency: wrap behind an adapter now, move into its domain when next touched"
lib/productivity-tools.ts,160,productivity,reuse,"pure logic with no ambient dependency: wrap behind an adapter now, move into its domain when next touched"
lib/productivity.ts,384,productivity,reuse,"pure logic with no ambient dependency: wrap behind an adapter now, move into its domain when next touched"
lib/profile.ts,264,identity,reuse,"pure logic with no ambient dependency: wrap behind an adapter now, move into its domain when next touched"
lib/progress.ts,273,platform,reuse,"pure logic with no ambient dependency: wrap behind an adapter now, move into its domain when next touched"
lib/project.ts,263,calendar,reuse,"pure logic with no ambient dependency: wrap behind an adapter now, move into its domain when next touched"
lib/proof.ts,622,ai,reuse,"pure logic with no ambient dependency: wrap behind an adapter now, move into its domain when next touched"
lib/provenance.ts,46,academic,reuse,"pure logic with no ambient dependency: wrap behind an adapter now, move into its domain when next touched"
lib/publichost.ts,78,platform,delete-candidate,"no import path from any entry point reaches it: dead in the product, alive only if a test imports it. Confirm no script or glob loads it, then delete it with its test"
lib/push.ts,298,platform,migrate,"touches storage, the network, the environment or React state: needs a port and an adapter before it can move"
lib/qr.ts,469,productivity,reuse,"pure logic with no ambient dependency: wrap behind an adapter now, move into its domain when next touched"
lib/quiz-feedback.ts,96,learning,reuse,"pure logic with no ambient dependency: wrap behind an adapter now, move into its domain when next touched"
lib/quiz.ts,332,learning,reuse,"pure logic with no ambient dependency: wrap behind an adapter now, move into its domain when next touched"
lib/quota.ts,86,policy,reuse,"pure logic with no ambient dependency: wrap behind an adapter now, move into its domain when next touched"
lib/quotes.ts,651,ai,reuse,"pure logic with no ambient dependency: wrap behind an adapter now, move into its domain when next touched"
lib/rail.ts,116,calendar,reuse,"pure logic with no ambient dependency: wrap behind an adapter now, move into its domain when next touched"
lib/reach.ts,116,unassigned,reuse,"pure logic with no ambient dependency: wrap behind an adapter now, move into its domain when next touched"
lib/readiness.ts,375,support-trust,reuse,"pure logic with no ambient dependency: wrap behind an adapter now, move into its domain when next touched"
lib/reading.ts,279,learning,reuse,"pure logic with no ambient dependency: wrap behind an adapter now, move into its domain when next touched"
lib/readonly.ts,67,identity,migrate,"touches storage, the network, the environment or React state: needs a port and an adapter before it can move"
lib/readout.ts,214,learning,reuse,"pure logic with no ambient dependency: wrap behind an adapter now, move into its domain when next touched"
lib/reconcile.ts,279,calendar,reuse,"pure logic with no ambient dependency: wrap behind an adapter now, move into its domain when next touched"
lib/record-kinds.ts,103,platform,reuse,"pure logic with no ambient dependency: wrap behind an adapter now, move into its domain when next touched"
lib/record/api.ts,81,support-trust,migrate,"documentation kept as code, but 2 product file(s) import it: serve it from the server instead"
lib/record/ledger.ts,255,support-trust,migrate,"documentation kept as code, but 1 product file(s) import it: serve it from the server instead"
lib/records.ts,123,unassigned,delete-candidate,"no import path from any entry point reaches it: dead in the product, alive only if a test imports it. Confirm no script or glob loads it, then delete it with its test"
lib/recoverydrafts.ts,97,platform,reuse,"pure logic with no ambient dependency: wrap behind an adapter now, move into its domain when next touched"
lib/rediff.ts,240,productivity,reuse,"pure logic with no ambient dependency: wrap behind an adapter now, move into its domain when next touched"
lib/redirected.ts,54,platform,migrate,"touches storage, the network, the environment or React state: needs a port and an adapter before it can move"
lib/referral.ts,292,community,migrate,"touches storage, the network, the environment or React state: needs a port and an adapter before it can move"
lib/refresh.ts,119,platform,reuse,"pure logic with no ambient dependency: wrap behind an adapter now, move into its domain when next touched"
lib/registrar.ts,521,admin,reuse,"pure logic with no ambient dependency: wrap behind an adapter now, move into its domain when next touched"
lib/registration-actions.ts,151,academic,reuse,"pure logic with no ambient dependency: wrap behind an adapter now, move into its domain when next touched"
lib/registration-day.ts,473,academic,reuse,"pure logic with no ambient dependency: wrap behind an adapter now, move into its domain when next touched"
lib/registration-plan.ts,33,academic,reuse,"pure logic with no ambient dependency: wrap behind an adapter now, move into its domain when next touched"
lib/registration-window.ts,89,academic,migrate,"touches storage, the network, the environment or React state: needs a port and an adapter before it can move"
lib/registration.ts,64,academic,reuse,"pure logic with no ambient dependency: wrap behind an adapter now, move into its domain when next touched"
lib/reinforceregister.ts,495,support-trust,archive,"documentation kept as code, imported only by other such files and tests: move out of the client bundle"
lib/repeat.ts,248,tasks,reuse,"pure logic with no ambient dependency: wrap behind an adapter now, move into its domain when next touched"
lib/replaceregister.ts,453,support-trust,archive,"documentation kept as code, imported only by other such files and tests: move out of the client bundle"
lib/research.ts,268,ai,reuse,"pure logic with no ambient dependency: wrap behind an adapter now, move into its domain when next touched"
lib/rest.ts,292,unassigned,reuse,"pure logic with no ambient dependency: wrap behind an adapter now, move into its domain when next touched"
lib/returned.ts,227,platform,reuse,"pure logic with no ambient dependency: wrap behind an adapter now, move into its domain when next touched"
lib/returnto.ts,90,platform,migrate,"touches storage, the network, the environment or React state: needs a port and an adapter before it can move"
lib/reveal.ts,261,platform,reuse,"pure logic with no ambient dependency: wrap behind an adapter now, move into its domain when next touched"
lib/review.ts,600,learning,reuse,"pure logic with no ambient dependency: wrap behind an adapter now, move into its domain when next touched"
lib/revise.ts,427,learning,reuse,"pure logic with no ambient dependency: wrap behind an adapter now, move into its domain when next touched"
lib/revoke.ts,207,community,migrate,"touches storage, the network, the environment or React state: needs a port and an adapter before it can move"
lib/rework.ts,507,platform,reuse,"pure logic with no ambient dependency: wrap behind an adapter now, move into its domain when next touched"
lib/ribbon.ts,238,platform,reuse,"pure logic with no ambient dependency: wrap behind an adapter now, move into its domain when next touched"
lib/role.ts,226,identity,reuse,"pure logic with no ambient dependency: wrap behind an adapter now, move into its domain when next touched"
lib/rolelaunch.ts,356,identity,delete-candidate,"no import path from any entry point reaches it: dead in the product, alive only if a test imports it. Confirm no script or glob loads it, then delete it with its test"
lib/rollout-capabilities.ts,143,policy,reuse,"pure logic with no ambient dependency: wrap behind an adapter now, move into its domain when next touched"
lib/rollout-traceability.ts,108,policy,delete-candidate,"no import path from any entry point reaches it: dead in the product, alive only if a test imports it. Confirm no script or glob loads it, then delete it with its test"
lib/rollover.ts,174,academic,reuse,"pure logic with no ambient dependency: wrap behind an adapter now, move into its domain when next touched"
lib/room-availability.ts,72,campus,reuse,"pure logic with no ambient dependency: wrap behind an adapter now, move into its domain when next touched"
lib/roomchat.ts,538,campus,reuse,"pure logic with no ambient dependency: wrap behind an adapter now, move into its domain when next touched"
lib/roomprefs.ts,108,campus,migrate,"touches storage, the network, the environment or React state: needs a port and an adapter before it can move"
lib/rooms.ts,267,campus,reuse,"pure logic with no ambient dependency: wrap behind an adapter now, move into its domain when next touched"
lib/route.ts,321,platform,reuse,"pure logic with no ambient dependency: wrap behind an adapter now, move into its domain when next touched"
lib/rtc.ts,591,community,migrate,"touches storage, the network, the environment or React state: needs a port and an adapter before it can move"
lib/rubricengine.ts,292,learning,delete-candidate,"no import path from any entry point reaches it: dead in the product, alive only if a test imports it. Confirm no script or glob loads it, then delete it with its test"
lib/runway.ts,314,today,reuse,"pure logic with no ambient dependency: wrap behind an adapter now, move into its domain when next touched"
lib/scenario-compare.ts,181,academic,reuse,"pure logic with no ambient dependency: wrap behind an adapter now, move into its domain when next touched"
lib/school-records-hook.ts,36,identity,migrate,"touches storage, the network, the environment or React state: needs a port and an adapter before it can move"
lib/school.ts,343,identity,reuse,"pure logic with no ambient dependency: wrap behind an adapter now, move into its domain when next touched"
lib/schoolclaim.ts,303,identity,migrate,"touches storage, the network, the environment or React state: needs a port and an adapter before it can move"
lib/schoollinks.ts,131,identity,reuse,"pure logic with no ambient dependency: wrap behind an adapter now, move into its domain when next touched"
lib/schoolpack.ts,743,identity,reuse,"pure logic with no ambient dependency: wrap behind an adapter now, move into its domain when next touched"
lib/score.ts,123,learning,reuse,"pure logic with no ambient dependency: wrap behind an adapter now, move into its domain when next touched"
lib/screen-governance.ts,128,policy,delete-candidate,"no import path from any entry point reaches it: dead in the product, alive only if a test imports it. Confirm no script or glob loads it, then delete it with its test"
lib/script.ts,266,academic,reuse,"pure logic with no ambient dependency: wrap behind an adapter now, move into its domain when next touched"
lib/scrollback.ts,84,platform,reuse,"pure logic with no ambient dependency: wrap behind an adapter now, move into its domain when next touched"
lib/scrolling.hook.ts,69,platform,reuse,"pure logic with no ambient dependency: wrap behind an adapter now, move into its domain when next touched"
lib/search.ts,83,platform,reuse,"pure logic with no ambient dependency: wrap behind an adapter now, move into its domain when next touched"
lib/select.ts,887,calendar,reuse,"pure logic with no ambient dependency: wrap behind an adapter now, move into its domain when next touched"
lib/semester-packets.ts,354,unassigned,delete-candidate,"no import path from any entry point reaches it: dead in the product, alive only if a test imports it. Confirm no script or glob loads it, then delete it with its test"
lib/serviceregister.ts,950,support-trust,archive,"documentation kept as code, imported only by other such files and tests: move out of the client bundle"
lib/session.place.ts,100,identity,reuse,"pure logic with no ambient dependency: wrap behind an adapter now, move into its domain when next touched"
lib/session.ts,169,identity,migrate,"touches storage, the network, the environment or React state: needs a port and an adapter before it can move"
lib/sessions.ts,368,identity,reuse,"pure logic with no ambient dependency: wrap behind an adapter now, move into its domain when next touched"
lib/settings.ts,378,platform,reuse,"pure logic with no ambient dependency: wrap behind an adapter now, move into its domain when next touched"
lib/shared.ts,121,community,reuse,"pure logic with no ambient dependency: wrap behind an adapter now, move into its domain when next touched"
lib/sharing.ts,134,community,reuse,"pure logic with no ambient dependency: wrap behind an adapter now, move into its domain when next touched"
lib/sheet.ts,3698,productivity,reuse,"pure logic with no ambient dependency: wrap behind an adapter now, move into its domain when next touched"
lib/sheetedit.ts,1239,productivity,reuse,"pure logic with no ambient dependency: wrap behind an adapter now, move into its domain when next touched"
lib/sheettemplates.ts,263,productivity,reuse,"pure logic with no ambient dependency: wrap behind an adapter now, move into its domain when next touched"
lib/shelf.ts,239,productivity,reuse,"pure logic with no ambient dependency: wrap behind an adapter now, move into its domain when next touched"
lib/shots.ts,164,productivity,reuse,"pure logic with no ambient dependency: wrap behind an adapter now, move into its domain when next touched"
lib/since.ts,206,today,migrate,"touches storage, the network, the environment or React state: needs a port and an adapter before it can move"
lib/sitting.hook.ts,46,platform,migrate,"touches storage, the network, the environment or React state: needs a port and an adapter before it can move"
lib/sitting.ts,189,platform,reuse,"pure logic with no ambient dependency: wrap behind an adapter now, move into its domain when next touched"
lib/skills-graph.ts,161,learning,reuse,"pure logic with no ambient dependency: wrap behind an adapter now, move into its domain when next touched"
lib/sla.ts,91,support-trust,delete-candidate,"no import path from any entry point reaches it: dead in the product, alive only if a test imports it. Confirm no script or glob loads it, then delete it with its test"
lib/slides.ts,288,productivity,reuse,"pure logic with no ambient dependency: wrap behind an adapter now, move into its domain when next touched"
lib/snapshots.ts,417,productivity,reuse,"pure logic with no ambient dependency: wrap behind an adapter now, move into its domain when next touched"
lib/socratic.ts,247,learning,reuse,"pure logic with no ambient dependency: wrap behind an adapter now, move into its domain when next touched"
lib/softtop.ts,1075,platform,reuse,"pure logic with no ambient dependency: wrap behind an adapter now, move into its domain when next touched"
lib/solve.ts,217,learning,reuse,"pure logic with no ambient dependency: wrap behind an adapter now, move into its domain when next touched"
lib/sound.hook.ts,195,ai,migrate,"touches storage, the network, the environment or React state: needs a port and an adapter before it can move"
lib/sound.ts,135,ai,reuse,"pure logic with no ambient dependency: wrap behind an adapter now, move into its domain when next touched"
lib/source-locker.ts,288,productivity,reuse,"pure logic with no ambient dependency: wrap behind an adapter now, move into its domain when next touched"
lib/source.ts,133,identity,reuse,"pure logic with no ambient dependency: wrap behind an adapter now, move into its domain when next touched"
lib/sources.ts,298,unassigned,reuse,"pure logic with no ambient dependency: wrap behind an adapter now, move into its domain when next touched"
lib/speak.ts,181,ai,migrate,"touches storage, the network, the environment or React state: needs a port and an adapter before it can move"
lib/spend.ts,300,finance,migrate,"touches storage, the network, the environment or React state: needs a port and an adapter before it can move"
lib/splash.ts,38,platform,reuse,"pure logic with no ambient dependency: wrap behind an adapter now, move into its domain when next touched"
lib/springboard.ts,347,identity,reuse,"pure logic with no ambient dependency: wrap behind an adapter now, move into its domain when next touched"
lib/stage.ts,271,platform,reuse,"pure logic with no ambient dependency: wrap behind an adapter now, move into its domain when next touched"
lib/standard.ts,150,academic,reuse,"pure logic with no ambient dependency: wrap behind an adapter now, move into its domain when next touched"
lib/standing.ts,179,academic,reuse,"pure logic with no ambient dependency: wrap behind an adapter now, move into its domain when next touched"
lib/start.ts,329,calendar,reuse,"pure logic with no ambient dependency: wrap behind an adapter now, move into its domain when next touched"
lib/stats.ts,358,learning,reuse,"pure logic with no ambient dependency: wrap behind an adapter now, move into its domain when next touched"
lib/status.ts,246,platform,reuse,"pure logic with no ambient dependency: wrap behind an adapter now, move into its domain when next touched"
lib/statusnotice.ts,121,support-trust,reuse,"pure logic with no ambient dependency: wrap behind an adapter now, move into its domain when next touched"
lib/steps.ts,118,tasks,reuse,"pure logic with no ambient dependency: wrap behind an adapter now, move into its domain when next touched"
lib/stored.ts,429,platform,reuse,"pure logic with no ambient dependency: wrap behind an adapter now, move into its domain when next touched"
lib/strip.ts,66,platform,reuse,"pure logic with no ambient dependency: wrap behind an adapter now, move into its domain when next touched"
lib/student-operating.ts,113,calendar,reuse,"pure logic with no ambient dependency: wrap behind an adapter now, move into its domain when next touched"
lib/student-workflows.ts,23,platform,reuse,"pure logic with no ambient dependency: wrap behind an adapter now, move into its domain when next touched"
lib/study-readiness.ts,182,support-trust,reuse,"pure logic with no ambient dependency: wrap behind an adapter now, move into its domain when next touched"
lib/study.ts,227,learning,reuse,"pure logic with no ambient dependency: wrap behind an adapter now, move into its domain when next touched"
lib/studyjournal.ts,54,learning,reuse,"pure logic with no ambient dependency: wrap behind an adapter now, move into its domain when next touched"
lib/studystudio.ts,247,learning,reuse,"pure logic with no ambient dependency: wrap behind an adapter now, move into its domain when next touched"
lib/subscribe.ts,228,finance,reuse,"pure logic with no ambient dependency: wrap behind an adapter now, move into its domain when next touched"
lib/suggest.ts,144,ai,reuse,"pure logic with no ambient dependency: wrap behind an adapter now, move into its domain when next touched"
lib/supplychain.ts,265,support-trust,archive,"documentation kept as code, imported only by other such files and tests: move out of the client bundle"
lib/support-access.ts,88,support-trust,reuse,"pure logic with no ambient dependency: wrap behind an adapter now, move into its domain when next touched"
lib/support.ts,308,support-trust,reuse,"pure logic with no ambient dependency: wrap behind an adapter now, move into its domain when next touched"
lib/supporttickets.ts,283,support-trust,reuse,"pure logic with no ambient dependency: wrap behind an adapter now, move into its domain when next touched"
lib/sure.ts,213,unassigned,reuse,"pure logic with no ambient dependency: wrap behind an adapter now, move into its domain when next touched"
lib/surface.ts,300,platform,reuse,"pure logic with no ambient dependency: wrap behind an adapter now, move into its domain when next touched"
lib/svgout.ts,95,productivity,reuse,"pure logic with no ambient dependency: wrap behind an adapter now, move into its domain when next touched"
lib/sync/classes.ts,107,platform,delete-candidate,"no import path from any entry point reaches it: dead in the product, alive only if a test imports it. Confirm no script or glob loads it, then delete it with its test"
lib/sync/fakeidb.ts,48,platform,delete-candidate,"no import path from any entry point reaches it: dead in the product, alive only if a test imports it. Confirm no script or glob loads it, then delete it with its test"
lib/sync/outbox.ts,265,platform,reuse,"pure logic with no ambient dependency: wrap behind an adapter now, move into its domain when next touched"
lib/sync/senders.ts,19,platform,reuse,"pure logic with no ambient dependency: wrap behind an adapter now, move into its domain when next touched"
lib/sync/useOutbox.ts,149,platform,migrate,"touches storage, the network, the environment or React state: needs a port and an adapter before it can move"
lib/syncstatus.ts,189,support-trust,reuse,"pure logic with no ambient dependency: wrap behind an adapter now, move into its domain when next touched"
lib/tabbar.ts,318,platform,reuse,"pure logic with no ambient dependency: wrap behind an adapter now, move into its domain when next touched"
lib/tabs.ts,102,platform,reuse,"pure logic with no ambient dependency: wrap behind an adapter now, move into its domain when next touched"
lib/taping.ts,236,campus,reuse,"pure logic with no ambient dependency: wrap behind an adapter now, move into its domain when next touched"
lib/teachback.ts,131,learning,reuse,"pure logic with no ambient dependency: wrap behind an adapter now, move into its domain when next touched"
lib/term.ts,179,calendar,reuse,"pure logic with no ambient dependency: wrap behind an adapter now, move into its domain when next touched"
lib/termgpa.ts,427,calendar,reuse,"pure logic with no ambient dependency: wrap behind an adapter now, move into its domain when next touched"
lib/termload.ts,112,calendar,reuse,"pure logic with no ambient dependency: wrap behind an adapter now, move into its domain when next touched"
lib/termtransition.ts,54,calendar,reuse,"pure logic with no ambient dependency: wrap behind an adapter now, move into its domain when next touched"
lib/threads.ts,564,community,migrate,"touches storage, the network, the environment or React state: needs a port and an adapter before it can move"
lib/tickethandoff.ts,137,support-trust,reuse,"pure logic with no ambient dependency: wrap behind an adapter now, move into its domain when next touched"
lib/timing.ts,208,calendar,reuse,"pure logic with no ambient dependency: wrap behind an adapter now, move into its domain when next touched"
lib/tint.ts,251,platform,reuse,"pure logic with no ambient dependency: wrap behind an adapter now, move into its domain when next touched"
lib/today-actions.ts,186,today,reuse,"pure logic with no ambient dependency: wrap behind an adapter now, move into its domain when next touched"
lib/today-center.ts,120,today,reuse,"pure logic with no ambient dependency: wrap behind an adapter now, move into its domain when next touched"
lib/today-decision.ts,207,today,reuse,"pure logic with no ambient dependency: wrap behind an adapter now, move into its domain when next touched"
lib/token.ts,47,platform,reuse,"pure logic with no ambient dependency: wrap behind an adapter now, move into its domain when next touched"
lib/tone.ts,122,platform,reuse,"pure logic with no ambient dependency: wrap behind an adapter now, move into its domain when next touched"
lib/toolkit/catalog.ts,100,learning,reuse,"pure logic with no ambient dependency: wrap behind an adapter now, move into its domain when next touched"
lib/toolkit/classification.ts,88,learning,reuse,"pure logic with no ambient dependency: wrap behind an adapter now, move into its domain when next touched"
lib/toolkit/data.ts,347,learning,reuse,"pure logic with no ambient dependency: wrap behind an adapter now, move into its domain when next touched"
lib/toolkit/disclosure.ts,88,learning,reuse,"pure logic with no ambient dependency: wrap behind an adapter now, move into its domain when next touched"
lib/toolkit/flags.ts,64,learning,migrate,"touches storage, the network, the environment or React state: needs a port and an adapter before it can move"
lib/toolkit/policy.ts,207,learning,reuse,"pure logic with no ambient dependency: wrap behind an adapter now, move into its domain when next touched"
lib/toolkit/recommend.ts,149,learning,reuse,"pure logic with no ambient dependency: wrap behind an adapter now, move into its domain when next touched"
lib/toolkit/research.ts,375,learning,reuse,"pure logic with no ambient dependency: wrap behind an adapter now, move into its domain when next touched"
lib/toolkit/rubric.ts,60,learning,reuse,"pure logic with no ambient dependency: wrap behind an adapter now, move into its domain when next touched"
lib/toolkit/safety.ts,44,learning,reuse,"pure logic with no ambient dependency: wrap behind an adapter now, move into its domain when next touched"
lib/toolkit/subjects-humanities-business.ts,33,learning,reuse,"pure logic with no ambient dependency: wrap behind an adapter now, move into its domain when next touched"
lib/toolkit/subjects-professional.ts,18,learning,reuse,"pure logic with no ambient dependency: wrap behind an adapter now, move into its domain when next touched"
lib/toolkit/subjects-stem.ts,20,learning,reuse,"pure logic with no ambient dependency: wrap behind an adapter now, move into its domain when next touched"
lib/toolkit/templates.ts,297,learning,reuse,"pure logic with no ambient dependency: wrap behind an adapter now, move into its domain when next touched"
lib/toolkit/tools.ts,86,learning,reuse,"pure logic with no ambient dependency: wrap behind an adapter now, move into its domain when next touched"
lib/toolnow.ts,251,productivity,reuse,"pure logic with no ambient dependency: wrap behind an adapter now, move into its domain when next touched"
lib/tools.ts,973,productivity,reuse,"pure logic with no ambient dependency: wrap behind an adapter now, move into its domain when next touched"
lib/toolscope.ts,67,productivity,reuse,"pure logic with no ambient dependency: wrap behind an adapter now, move into its domain when next touched"
lib/topage.ts,209,productivity,reuse,"pure logic with no ambient dependency: wrap behind an adapter now, move into its domain when next touched"
lib/transcribe.ts,258,ai,reuse,"pure logic with no ambient dependency: wrap behind an adapter now, move into its domain when next touched"
lib/transcript.ts,128,academic,reuse,"pure logic with no ambient dependency: wrap behind an adapter now, move into its domain when next touched"
lib/transferhub.ts,137,academic,delete-candidate,"no import path from any entry point reaches it: dead in the product, alive only if a test imports it. Confirm no script or glob loads it, then delete it with its test"
lib/transparency.ts,135,identity,reuse,"pure logic with no ambient dependency: wrap behind an adapter now, move into its domain when next touched"
lib/travelpack.ts,183,campus,reuse,"pure logic with no ambient dependency: wrap behind an adapter now, move into its domain when next touched"
lib/triage.ts,152,identity,reuse,"pure logic with no ambient dependency: wrap behind an adapter now, move into its domain when next touched"
lib/trouble.ts,108,support-trust,reuse,"pure logic with no ambient dependency: wrap behind an adapter now, move into its domain when next touched"
lib/trust/ai-training-policy.ts,151,support-trust,archive,"documentation kept as code, imported only by other such files and tests: move out of the client bundle"
lib/trust/compliance-crosswalk.ts,680,support-trust,archive,"documentation kept as code, imported only by other such files and tests: move out of the client bundle"
lib/trust/education-data-map.ts,35,support-trust,migrate,"documentation kept as code, but 1 product file(s) import it: serve it from the server instead"
lib/trust/evidence-register.ts,568,support-trust,archive,"documentation kept as code, imported only by other such files and tests: move out of the client bundle"
lib/trust/exitplans.ts,73,support-trust,archive,"documentation kept as code, imported only by other such files and tests: move out of the client bundle"
lib/trust/ferpa-consent.ts,151,support-trust,archive,"documentation kept as code, imported only by other such files and tests: move out of the client bundle"
lib/trust/provider-terms.ts,116,support-trust,archive,"documentation kept as code, imported only by other such files and tests: move out of the client bundle"
lib/trust/standards-audit.ts,132,support-trust,migrate,"documentation kept as code, but 1 product file(s) import it: serve it from the server instead"
lib/trust/standards-crosswalk.ts,66,support-trust,migrate,"documentation kept as code, but 1 product file(s) import it: serve it from the server instead"
lib/trust/subprocessors.ts,231,support-trust,archive,"documentation kept as code, imported only by other such files and tests: move out of the client bundle"
lib/trustdashboard.ts,217,support-trust,reuse,"pure logic with no ambient dependency: wrap behind an adapter now, move into its domain when next touched"
lib/trustlink.ts,31,support-trust,reuse,"pure logic with no ambient dependency: wrap behind an adapter now, move into its domain when next touched"
lib/trustroom.ts,134,support-trust,migrate,"touches storage, the network, the environment or React state: needs a port and an adapter before it can move"
lib/typeahead.ts,156,ai,migrate,"touches storage, the network, the environment or React state: needs a port and an adapter before it can move"
lib/types.ts,1060,platform,reuse,"pure logic with no ambient dependency: wrap behind an adapter now, move into its domain when next touched"
lib/underway.ts,144,today,reuse,"pure logic with no ambient dependency: wrap behind an adapter now, move into its domain when next touched"
lib/undo.ts,214,tasks,reuse,"pure logic with no ambient dependency: wrap behind an adapter now, move into its domain when next touched"
lib/unit.ts,20,unassigned,reuse,"pure logic with no ambient dependency: wrap behind an adapter now, move into its domain when next touched"
lib/unity.ts,115,platform,migrate,"touches storage, the network, the environment or React state: needs a port and an adapter before it can move"
lib/university.templates.ts,365,admin,reuse,"pure logic with no ambient dependency: wrap behind an adapter now, move into its domain when next touched"
lib/university.ts,309,admin,migrate,"touches storage, the network, the environment or React state: needs a port and an adapter before it can move"
lib/unseen.ts,123,platform,reuse,"pure logic with no ambient dependency: wrap behind an adapter now, move into its domain when next touched"
lib/usage.ts,115,support-trust,reuse,"pure logic with no ambient dependency: wrap behind an adapter now, move into its domain when next touched"
lib/uxstates.ts,413,platform,delete-candidate,"no import path from any entry point reaches it: dead in the product, alive only if a test imports it. Confirm no script or glob loads it, then delete it with its test"
lib/validate.ts,204,platform,reuse,"pure logic with no ambient dependency: wrap behind an adapter now, move into its domain when next touched"
lib/verify/flagdraw.ts,141,support-trust,archive,"documentation kept as code, imported only by other such files and tests: move out of the client bundle"
lib/verify/property.ts,379,support-trust,archive,"documentation kept as code, imported only by other such files and tests: move out of the client bundle"
lib/vocabulary.ts,38,learning,reuse,"pure logic with no ambient dependency: wrap behind an adapter now, move into its domain when next touched"
lib/voice.ts,269,ai,delete-candidate,"no import path from any entry point reaches it: dead in the product, alive only if a test imports it. Confirm no script or glob loads it, then delete it with its test"
lib/voiceloop.ts,304,ai,reuse,"pure logic with no ambient dependency: wrap behind an adapter now, move into its domain when next touched"
lib/waiting.ts,132,today,reuse,"pure logic with no ambient dependency: wrap behind an adapter now, move into its domain when next touched"
lib/warm.ts,100,platform,migrate,"touches storage, the network, the environment or React state: needs a port and an adapter before it can move"
lib/watch.ts,147,academic,reuse,"pure logic with no ambient dependency: wrap behind an adapter now, move into its domain when next touched"
lib/wavelet.ts,201,learning,reuse,"pure logic with no ambient dependency: wrap behind an adapter now, move into its domain when next touched"
lib/webvtt.ts,169,productivity,reuse,"pure logic with no ambient dependency: wrap behind an adapter now, move into its domain when next touched"
lib/weekly-reset.ts,422,calendar,reuse,"pure logic with no ambient dependency: wrap behind an adapter now, move into its domain when next touched"
lib/weekly.ts,292,calendar,reuse,"pure logic with no ambient dependency: wrap behind an adapter now, move into its domain when next touched"
lib/weekpage.ts,185,calendar,reuse,"pure logic with no ambient dependency: wrap behind an adapter now, move into its domain when next touched"
lib/welcome.ts,81,today,reuse,"pure logic with no ambient dependency: wrap behind an adapter now, move into its domain when next touched"
lib/welcomeback.ts,108,today,reuse,"pure logic with no ambient dependency: wrap behind an adapter now, move into its domain when next touched"
lib/whatchanged.ts,245,today,reuse,"pure logic with no ambient dependency: wrap behind an adapter now, move into its domain when next touched"
lib/whatif.ts,261,academic,reuse,"pure logic with no ambient dependency: wrap behind an adapter now, move into its domain when next touched"
lib/whatsnew.ts,121,today,reuse,"pure logic with no ambient dependency: wrap behind an adapter now, move into its domain when next touched"
lib/where.ts,189,platform,reuse,"pure logic with no ambient dependency: wrap behind an adapter now, move into its domain when next touched"
lib/whydue.ts,124,calendar,reuse,"pure logic with no ambient dependency: wrap behind an adapter now, move into its domain when next touched"
lib/widgets.ts,82,platform,reuse,"pure logic with no ambient dependency: wrap behind an adapter now, move into its domain when next touched"
lib/windows.ts,170,calendar,reuse,"pure logic with no ambient dependency: wrap behind an adapter now, move into its domain when next touched"
lib/worked.ts,221,learning,reuse,"pure logic with no ambient dependency: wrap behind an adapter now, move into its domain when next touched"
lib/workflow/allowed.ts,13,admin,reuse,"pure logic with no ambient dependency: wrap behind an adapter now, move into its domain when next touched"
lib/workflow/api.ts,125,admin,reuse,"pure logic with no ambient dependency: wrap behind an adapter now, move into its domain when next touched"
lib/workflow/engine.ts,120,admin,reuse,"pure logic with no ambient dependency: wrap behind an adapter now, move into its domain when next touched"
lib/workflow/spec.ts,289,admin,reuse,"pure logic with no ambient dependency: wrap behind an adapter now, move into its domain when next touched"
lib/workflow/templates.ts,159,admin,reuse,"pure logic with no ambient dependency: wrap behind an adapter now, move into its domain when next touched"
lib/workspace-backup.ts,392,productivity,migrate,"touches storage, the network, the environment or React state: needs a port and an adapter before it can move"
lib/workspace-view.ts,11,productivity,migrate,"touches storage, the network, the environment or React state: needs a port and an adapter before it can move"
lib/worth.ts,390,academic,reuse,"pure logic with no ambient dependency: wrap behind an adapter now, move into its domain when next touched"
lib/wrapped.ts,168,identity,reuse,"pure logic with no ambient dependency: wrap behind an adapter now, move into its domain when next touched"
lib/xlsx.ts,917,productivity,reuse,"pure logic with no ambient dependency: wrap behind an adapter now, move into its domain when next touched"
lib/xlsxchart.ts,313,productivity,reuse,"pure logic with no ambient dependency: wrap behind an adapter now, move into its domain when next touched"
lib/xlsxcond.ts,155,productivity,reuse,"pure logic with no ambient dependency: wrap behind an adapter now, move into its domain when next touched"
lib/xlsxin.ts,745,productivity,reuse,"pure logic with no ambient dependency: wrap behind an adapter now, move into its domain when next touched"
lib/xlsxvalid.ts,133,productivity,reuse,"pure logic with no ambient dependency: wrap behind an adapter now, move into its domain when next touched"
lib/yes.ts,247,platform,reuse,"pure logic with no ambient dependency: wrap behind an adapter now, move into its domain when next touched"
lib/you.ts,322,platform,reuse,"pure logic with no ambient dependency: wrap behind an adapter now, move into its domain when next touched"
lib/yours.ts,184,platform,reuse,"pure logic with no ambient dependency: wrap behind an adapter now, move into its domain when next touched"
lib/zips.ts,38,productivity,reuse,"pure logic with no ambient dependency: wrap behind an adapter now, move into its domain when next touched"
main.tsx,258,platform,migrate,"touches storage, the network, the environment or React state: needs a port and an adapter before it can move"
screens.tsx,248,platform,reuse,"pure logic with no ambient dependency: wrap behind an adapter now, move into its domain when next touched"
screens/Account.tsx,297,identity,replace,"a screen or component composed over legacy state: rebuild as a thin view of a domain read model"
screens/Activities.tsx,601,campus,replace,"a screen or component composed over legacy state: rebuild as a thin view of a domain read model"
screens/Activity.tsx,80,campus,replace,"a screen or component composed over legacy state: rebuild as a thin view of a domain read model"
screens/Agreements.tsx,447,admin,replace,"a screen or component composed over legacy state: rebuild as a thin view of a domain read model"
screens/Analyse.tsx,406,learning,replace,"a screen or component composed over legacy state: rebuild as a thin view of a domain read model"
screens/Applying.tsx,447,career,replace,"a screen or component composed over legacy state: rebuild as a thin view of a domain read model"
screens/Athletics.tsx,592,campus,replace,"a screen or component composed over legacy state: rebuild as a thin view of a domain read model"
screens/Behind.tsx,330,today,replace,"a screen or component composed over legacy state: rebuild as a thin view of a domain read model"
screens/Bill.tsx,581,finance,replace,"a screen or component composed over legacy state: rebuild as a thin view of a domain read model"
screens/Calendar.tsx,3006,calendar,replace,"a screen or component composed over legacy state: rebuild as a thin view of a domain read model"
screens/Career.tsx,1476,career,replace,"a screen or component composed over legacy state: rebuild as a thin view of a domain read model"
screens/Changes.tsx,59,support-trust,replace,"a screen or component composed over legacy state: rebuild as a thin view of a domain read model"
screens/Classmates.tsx,609,campus,replace,"a screen or component composed over legacy state: rebuild as a thin view of a domain read model"
screens/Clocks.tsx,515,calendar,replace,"a screen or component composed over legacy state: rebuild as a thin view of a domain read model"
screens/Community.tsx,627,community,replace,"a screen or component composed over legacy state: rebuild as a thin view of a domain read model"
screens/Connect.tsx,1420,community,replace,"a screen or component composed over legacy state: rebuild as a thin view of a domain read model"
screens/Console.tsx,283,admin,replace,"a screen or component composed over legacy state: rebuild as a thin view of a domain read model"
screens/Costs.tsx,366,finance,replace,"a screen or component composed over legacy state: rebuild as a thin view of a domain read model"
screens/Courses.tsx,940,academic,replace,"a screen or component composed over legacy state: rebuild as a thin view of a domain read model"
screens/Create.tsx,386,learning,replace,"a screen or component composed over legacy state: rebuild as a thin view of a domain read model"
screens/Data.tsx,471,admin,replace,"a screen or component composed over legacy state: rebuild as a thin view of a domain read model"
screens/Deck.tsx,586,productivity,replace,"a screen or component composed over legacy state: rebuild as a thin view of a domain read model"
screens/Degree.tsx,1031,academic,replace,"a screen or component composed over legacy state: rebuild as a thin view of a domain read model"
screens/Dining.tsx,485,campus,replace,"a screen or component composed over legacy state: rebuild as a thin view of a domain read model"
screens/Directory.tsx,461,campus,replace,"a screen or component composed over legacy state: rebuild as a thin view of a domain read model"
screens/Draw.tsx,322,learning,replace,"a screen or component composed over legacy state: rebuild as a thin view of a domain read model"
screens/Drill.tsx,1224,learning,replace,"a screen or component composed over legacy state: rebuild as a thin view of a domain read model"
screens/EditCourse.tsx,550,academic,replace,"a screen or component composed over legacy state: rebuild as a thin view of a domain read model"
screens/Equations.tsx,462,learning,replace,"a screen or component composed over legacy state: rebuild as a thin view of a domain read model"
screens/Essay.tsx,452,learning,replace,"a screen or component composed over legacy state: rebuild as a thin view of a domain read model"
screens/Exam.tsx,1024,learning,replace,"a screen or component composed over legacy state: rebuild as a thin view of a domain read model"
screens/Export.tsx,445,productivity,replace,"a screen or component composed over legacy state: rebuild as a thin view of a domain read model"
screens/Family.tsx,719,family,replace,"a screen or component composed over legacy state: rebuild as a thin view of a domain read model"
screens/Field.tsx,459,learning,replace,"a screen or component composed over legacy state: rebuild as a thin view of a domain read model"
screens/FirstRun.tsx,184,identity,replace,"a screen or component composed over legacy state: rebuild as a thin view of a domain read model"
screens/Gap.tsx,390,academic,replace,"a screen or component composed over legacy state: rebuild as a thin view of a domain read model"
screens/GapOffer.tsx,113,academic,replace,"a screen or component composed over legacy state: rebuild as a thin view of a domain read model"
screens/Gradebook.tsx,167,academic,replace,"a screen or component composed over legacy state: rebuild as a thin view of a domain read model"
screens/Grades.tsx,506,academic,replace,"a screen or component composed over legacy state: rebuild as a thin view of a domain read model"
screens/Groupwork.tsx,571,community,replace,"a screen or component composed over legacy state: rebuild as a thin view of a domain read model"
screens/Guess.tsx,176,tasks,replace,"a screen or component composed over legacy state: rebuild as a thin view of a domain read model"
screens/Guide.tsx,1856,learning,replace,"a screen or component composed over legacy state: rebuild as a thin view of a domain read model"
screens/Guides.tsx,155,learning,replace,"a screen or component composed over legacy state: rebuild as a thin view of a domain read model"
screens/Help.tsx,262,support-trust,replace,"a screen or component composed over legacy state: rebuild as a thin view of a domain read model"
screens/Housing.tsx,289,campus,replace,"a screen or component composed over legacy state: rebuild as a thin view of a domain read model"
screens/Hub.tsx,263,today,replace,"a screen or component composed over legacy state: rebuild as a thin view of a domain read model"
screens/Import.tsx,1293,admin,replace,"a screen or component composed over legacy state: rebuild as a thin view of a domain read model"
screens/Launchpad.tsx,300,today,replace,"a screen or component composed over legacy state: rebuild as a thin view of a domain read model"
screens/Lesson.tsx,692,learning,replace,"a screen or component composed over legacy state: rebuild as a thin view of a domain read model"
screens/Links.tsx,336,community,replace,"a screen or component composed over legacy state: rebuild as a thin view of a domain read model"
screens/Mail.tsx,949,community,replace,"a screen or component composed over legacy state: rebuild as a thin view of a domain read model"
screens/Maps.tsx,1101,campus,replace,"a screen or component composed over legacy state: rebuild as a thin view of a domain read model"
screens/Me.tsx,324,identity,replace,"a screen or component composed over legacy state: rebuild as a thin view of a domain read model"
screens/Meals.tsx,302,campus,replace,"a screen or component composed over legacy state: rebuild as a thin view of a domain read model"
screens/Meet.tsx,409,community,replace,"a screen or component composed over legacy state: rebuild as a thin view of a domain read model"
screens/Mine.tsx,1652,productivity,replace,"a screen or component composed over legacy state: rebuild as a thin view of a domain read model"
screens/Moderation.tsx,396,community,replace,"a screen or component composed over legacy state: rebuild as a thin view of a domain read model"
screens/Nil.tsx,457,calendar,replace,"a screen or component composed over legacy state: rebuild as a thin view of a domain read model"
screens/Onboarding.tsx,479,identity,replace,"a screen or component composed over legacy state: rebuild as a thin view of a domain read model"
screens/Opportunities.tsx,359,career,replace,"a screen or component composed over legacy state: rebuild as a thin view of a domain read model"
screens/Pathway.tsx,1173,academic,replace,"a screen or component composed over legacy state: rebuild as a thin view of a domain read model"
screens/People.tsx,608,campus,replace,"a screen or component composed over legacy state: rebuild as a thin view of a domain read model"
screens/Privacy.tsx,482,identity,replace,"a screen or component composed over legacy state: rebuild as a thin view of a domain read model"
screens/Profile.tsx,351,identity,replace,"a screen or component composed over legacy state: rebuild as a thin view of a domain read model"
screens/Proof.tsx,265,support-trust,replace,"a screen or component composed over legacy state: rebuild as a thin view of a domain read model"
screens/Recovery.tsx,322,productivity,replace,"a screen or component composed over legacy state: rebuild as a thin view of a domain read model"
screens/Registrar.tsx,491,admin,replace,"a screen or component composed over legacy state: rebuild as a thin view of a domain read model"
screens/Registration.tsx,168,academic,replace,"a screen or component composed over legacy state: rebuild as a thin view of a domain read model"
screens/Reports.tsx,79,support-trust,replace,"a screen or component composed over legacy state: rebuild as a thin view of a domain read model"
screens/Respond.tsx,151,community,replace,"a screen or component composed over legacy state: rebuild as a thin view of a domain read model"
screens/Runway.tsx,555,today,replace,"a screen or component composed over legacy state: rebuild as a thin view of a domain read model"
screens/Search.tsx,261,ai,replace,"a screen or component composed over legacy state: rebuild as a thin view of a domain read model"
screens/Sheet.tsx,4750,productivity,replace,"a screen or component composed over legacy state: rebuild as a thin view of a domain read model"
screens/Slides.tsx,510,productivity,replace,"a screen or component composed over legacy state: rebuild as a thin view of a domain read model"
screens/Solve.tsx,344,learning,replace,"a screen or component composed over legacy state: rebuild as a thin view of a domain read model"
screens/Sources.tsx,323,learning,replace,"a screen or component composed over legacy state: rebuild as a thin view of a domain read model"
screens/Springboard.tsx,506,finance,replace,"a screen or component composed over legacy state: rebuild as a thin view of a domain read model"
screens/Study.tsx,1365,learning,replace,"a screen or component composed over legacy state: rebuild as a thin view of a domain read model"
screens/Support.tsx,212,support-trust,replace,"a screen or component composed over legacy state: rebuild as a thin view of a domain read model"
screens/Today.tsx,2124,today,replace,"a screen or component composed over legacy state: rebuild as a thin view of a domain read model"
screens/TrustRoom.tsx,180,support-trust,replace,"a screen or component composed over legacy state: rebuild as a thin view of a domain read model"
screens/University.tsx,1540,admin,replace,"a screen or component composed over legacy state: rebuild as a thin view of a domain read model"
screens/Update.tsx,1342,support-trust,replace,"a screen or component composed over legacy state: rebuild as a thin view of a domain read model"
screens/Volunteer.tsx,342,community,replace,"a screen or component composed over legacy state: rebuild as a thin view of a domain read model"
screens/Volunteers.tsx,419,community,replace,"a screen or component composed over legacy state: rebuild as a thin view of a domain read model"
screens/WhatsNew.tsx,86,support-trust,replace,"a screen or component composed over legacy state: rebuild as a thin view of a domain read model"
screens/Work.tsx,531,tasks,replace,"a screen or component composed over legacy state: rebuild as a thin view of a domain read model"
screens/Write.tsx,2719,productivity,replace,"a screen or component composed over legacy state: rebuild as a thin view of a domain read model"
screens/Yes.tsx,282,academic,replace,"a screen or component composed over legacy state: rebuild as a thin view of a domain read model"
screens/calendar/AddHere.tsx,179,calendar,replace,"a screen or component composed over legacy state: rebuild as a thin view of a domain read model"
screens/calendar/Move.tsx,357,calendar,replace,"a screen or component composed over legacy state: rebuild as a thin view of a domain read model"
screens/call/Bar.tsx,113,platform,replace,"a screen or component composed over legacy state: rebuild as a thin view of a domain read model"
screens/call/Green.tsx,388,community,replace,"a screen or component composed over legacy state: rebuild as a thin view of a domain read model"
screens/call/Index.tsx,120,community,replace,"a screen or component composed over legacy state: rebuild as a thin view of a domain read model"
screens/call/Lobby.tsx,242,community,replace,"a screen or component composed over legacy state: rebuild as a thin view of a domain read model"
screens/call/Schedule.tsx,136,community,replace,"a screen or component composed over legacy state: rebuild as a thin view of a domain read model"
screens/call/Stage.tsx,1393,community,replace,"a screen or component composed over legacy state: rebuild as a thin view of a domain read model"
screens/call/Tile.tsx,148,community,replace,"a screen or component composed over legacy state: rebuild as a thin view of a domain read model"
screens/call/link.ts,36,community,replace,"a screen or component composed over legacy state: rebuild as a thin view of a domain read model"
screens/changes/AgainstCalendar.tsx,314,calendar,replace,"a screen or component composed over legacy state: rebuild as a thin view of a domain read model"
screens/changes/FromText.tsx,247,ai,replace,"a screen or component composed over legacy state: rebuild as a thin view of a domain read model"
screens/deck/Canvas.tsx,654,productivity,replace,"a screen or component composed over legacy state: rebuild as a thin view of a domain read model"
screens/deck/Edit.tsx,977,productivity,replace,"a screen or component composed over legacy state: rebuild as a thin view of a domain read model"
screens/me/You.tsx,812,calendar,replace,"a screen or component composed over legacy state: rebuild as a thin view of a domain read model"
screens/mine/Drive.tsx,1415,productivity,replace,"a screen or component composed over legacy state: rebuild as a thin view of a domain read model"
screens/report/Day.tsx,329,ai,replace,"a screen or component composed over legacy state: rebuild as a thin view of a domain read model"
screens/report/Term.tsx,220,support-trust,replace,"a screen or component composed over legacy state: rebuild as a thin view of a domain read model"
screens/report/Week.tsx,316,ai,replace,"a screen or component composed over legacy state: rebuild as a thin view of a domain read model"
screens/settings/About.tsx,87,platform,replace,"a screen or component composed over legacy state: rebuild as a thin view of a domain read model"
screens/settings/Alerts.tsx,211,calendar,replace,"a screen or component composed over legacy state: rebuild as a thin view of a domain read model"
screens/settings/Assistant.tsx,523,ai,replace,"a screen or component composed over legacy state: rebuild as a thin view of a domain read model"
screens/settings/Courses.tsx,164,identity,replace,"a screen or component composed over legacy state: rebuild as a thin view of a domain read model"
screens/settings/Grading.tsx,96,academic,replace,"a screen or component composed over legacy state: rebuild as a thin view of a domain read model"
screens/settings/Index.tsx,165,support-trust,replace,"a screen or component composed over legacy state: rebuild as a thin view of a domain read model"
screens/settings/Look.tsx,632,policy,replace,"a screen or component composed over legacy state: rebuild as a thin view of a domain read model"
screens/settings/Nav.tsx,383,calendar,replace,"a screen or component composed over legacy state: rebuild as a thin view of a domain read model"
screens/settings/Page.tsx,148,platform,replace,"a screen or component composed over legacy state: rebuild as a thin view of a domain read model"
screens/settings/Workload.tsx,101,calendar,replace,"a screen or component composed over legacy state: rebuild as a thin view of a domain read model"
screens/sheet/Library.tsx,119,productivity,replace,"a screen or component composed over legacy state: rebuild as a thin view of a domain read model"
screens/write/Paper.tsx,430,productivity,replace,"a screen or component composed over legacy state: rebuild as a thin view of a domain read model"
site/Layout.tsx,90,platform,reuse,"pure logic with no ambient dependency: wrap behind an adapter now, move into its domain when next touched"
site/advancement.tsx,81,platform,reuse,"pure logic with no ambient dependency: wrap behind an adapter now, move into its domain when next touched"
site/benchmark.tsx,366,platform,reuse,"pure logic with no ambient dependency: wrap behind an adapter now, move into its domain when next touched"
site/claims.tsx,117,platform,reuse,"pure logic with no ambient dependency: wrap behind an adapter now, move into its domain when next touched"
site/community.tsx,315,platform,reuse,"pure logic with no ambient dependency: wrap behind an adapter now, move into its domain when next touched"
site/companysolutions.ts,98,platform,reuse,"pure logic with no ambient dependency: wrap behind an adapter now, move into its domain when next touched"
site/config.ts,34,platform,reuse,"pure logic with no ambient dependency: wrap behind an adapter now, move into its domain when next touched"
site/k12.tsx,106,platform,reuse,"pure logic with no ambient dependency: wrap behind an adapter now, move into its domain when next touched"
site/modules.ts,105,platform,reuse,"pure logic with no ambient dependency: wrap behind an adapter now, move into its domain when next touched"
site/more.tsx,565,platform,reuse,"pure logic with no ambient dependency: wrap behind an adapter now, move into its domain when next touched"
site/oneos.tsx,168,platform,reuse,"pure logic with no ambient dependency: wrap behind an adapter now, move into its domain when next touched"
site/pages.tsx,661,platform,reuse,"pure logic with no ambient dependency: wrap behind an adapter now, move into its domain when next touched"
site/platform.ts,139,platform,reuse,"pure logic with no ambient dependency: wrap behind an adapter now, move into its domain when next touched"
site/render.tsx,196,platform,reuse,"pure logic with no ambient dependency: wrap behind an adapter now, move into its domain when next touched"
site/tools/Tools.tsx,639,platform,reuse,"pure logic with no ambient dependency: wrap behind an adapter now, move into its domain when next touched"
site/tools/client.tsx,17,platform,reuse,"pure logic with no ambient dependency: wrap behind an adapter now, move into its domain when next touched"
state/contract/adapt.ts,437,platform,delete-candidate,"no import path from any entry point reaches it: dead in the product, alive only if a test imports it. Confirm no script or glob loads it, then delete it with its test"
state/persist/db.ts,398,platform,migrate,"touches storage, the network, the environment or React state: needs a port and an adapter before it can move"
state/persist/index.ts,660,platform,migrate,"touches storage, the network, the environment or React state: needs a port and an adapter before it can move"
state/persist/shape.ts,95,platform,reuse,"pure logic with no ambient dependency: wrap behind an adapter now, move into its domain when next touched"
state/reducer.ts,170,platform,reuse,"pure logic with no ambient dependency: wrap behind an adapter now, move into its domain when next touched"
state/shape.ts,2829,platform,migrate,"touches storage, the network, the environment or React state: needs a port and an adapter before it can move"
state/slices/library.ts,435,platform,reuse,"pure logic with no ambient dependency: wrap behind an adapter now, move into its domain when next touched"
state/slices/made.ts,318,platform,reuse,"pure logic with no ambient dependency: wrap behind an adapter now, move into its domain when next touched"
state/slices/mailbox.ts,217,platform,reuse,"pure logic with no ambient dependency: wrap behind an adapter now, move into its domain when next touched"
state/slices/mine.ts,607,platform,reuse,"pure logic with no ambient dependency: wrap behind an adapter now, move into its domain when next touched"
state/slices/navigate.ts,326,platform,reuse,"pure logic with no ambient dependency: wrap behind an adapter now, move into its domain when next touched"
state/slices/notes.ts,106,platform,reuse,"pure logic with no ambient dependency: wrap behind an adapter now, move into its domain when next touched"
state/slices/papers.ts,64,platform,reuse,"pure logic with no ambient dependency: wrap behind an adapter now, move into its domain when next touched"
state/slices/schedule.ts,64,platform,reuse,"pure logic with no ambient dependency: wrap behind an adapter now, move into its domain when next touched"
state/slices/seen.ts,29,platform,reuse,"pure logic with no ambient dependency: wrap behind an adapter now, move into its domain when next touched"
state/slices/settings.ts,403,platform,reuse,"pure logic with no ambient dependency: wrap behind an adapter now, move into its domain when next touched"
state/slices/study.ts,494,platform,reuse,"pure logic with no ambient dependency: wrap behind an adapter now, move into its domain when next touched"
state/store.tsx,1903,platform,migrate,"touches storage, the network, the environment or React state: needs a port and an adapter before it can move"
styles/budget.ts,38,platform,reuse,"pure logic with no ambient dependency: wrap behind an adapter now, move into its domain when next touched"
styles/rules.ts,872,platform,reuse,"pure logic with no ambient dependency: wrap behind an adapter now, move into its domain when next touched"
